note_id,seller_id,seller_name,goods_id,bridge_type,total_imp,total_clk,total_gv,total_buy,total_dgmv,gpm,ctr1_pct,good_click_quality_score,low_bad_market_score,model_sincerity_score,model_sincerity_level,creation_level,aigc_score,first_img_aesthetic_level,first_img_beauty_level,first_img_quality_level,first_img_definition_level,note_unfriendly_score,neg_emotion_score,spam_level,audit_level,ces_score_td,fans_num,publish_days,tob_b_level_30d,tob_seller_period_level,cover_url,note_quality_level,purchase_intent_score,rk_low_bad,rk_good_click,rk_sincerity,algo_quality_rank,tier,rn_in_tier
6a190271000000000803298a,649bfca2f608270001fb540c,Caillie凯莉的小酒馆的店,697b0deb9814200001af06cc,goods_seller,1300,55,39,3,12275.0,9442.307692307691,4.23076923076923,0.702322,0.875478,40.1740608215332,中,B,0.178059,中,低,中,中,,,正常,2,14.0,16163,16,B4,稳定期,http://sns-img-qn.xhscdn.com/spectrum/1040g34o320o3noh3le105o92fdb0bq7p53oeh70?imageView2/2/w/540/format/jpg/q/75,2,0.93603515625,0.33095037224516377,0.36251350591299975,0.22232582922605568,0.30526323579473974,优秀,1
6a12979f000000003601875e,649bfca2f608270001fb540c,Caillie凯莉的小酒馆的店,69297b2301312b00017871b6,goods_seller,4303,323,165,9,32861.34,7636.844062282128,7.50639089007669,0.718587,0.805014,40.1740608215332,中,B,0.137965,中,中,中,中,,,正常,2,7.0,16163,21,B4,稳定期,http://sns-img-qn.xhscdn.com/spectrum/1040g0k0320gjq89elk105o92fdb0bq7pobpe5lg?imageView2/2/w/540/format/jpg/q/75,2,0.625,0.060010656720394295,0.2790210618237793,0.22232582922605568,0.18711918259007643,优秀,2
6a05864b00000000380214e3,662f4a306cc6f90001eb7726,宜谷磨方旗舰店,69fd7fb73599c000012782e0,goods_seller,4262,180,78,45,17229.0,4042.4683247301737,4.22336931018301,0.745508,0.893502,-3.4645633697509766,中,B,0.043487,低,低,高,中,,,正常,2,127.0,10868,31,B3,成长期,http://sns-img-qn.xhscdn.com/1040g0083205299ghjq6g5pd8s3522lhp2lgdd9o?imageView2/2/w/540/format/jpg/q/75,1,0.958984375,0.5118408004381096,0.16410609357192546,0.7721607980699495,0.48270256402666156,优秀,3
6a0958200000000006020cd1,659d244a60b4ac00010229ee,杯中兽小酒铺的店,69dd19a02a1f2000016bdee4,goods_seller,2913,114,65,3,11198.000000000002,3844.146927566084,3.91349124613800,0.701735,0.884213,36.45841598510742,中,B,0.10143,中,中,高,中,,,正常,4,2.0,2610,28,B4,稳定期,http://sns-img-qn.xhscdn.com/notes_pre_post/1040g3k03208q0kudls3g5n6qr6qkniiv7k155u8?imageView2/2/w/540/format/jpg/q/75,2,0.9580078125,0.40990630966653346,0.36572532303183697,0.26968903097849417,0.3484402212256215,优秀,4
6a0410c00000000007011964,66f3bf3f72275e00155475c7,兔吉酒太甜的店,69f81dca0511b500019107e9,goods_seller,3830,176,230,5,12151.0,3172.584856396867,4.59530026109661,0.730773,0.884922,35.32285690307617,中,B,0.349411,中,中,中,中,,,正常,2,25.0,1676,32,B4,稳定期,http://sns-img-qn.xhscdn.com/spectrum/1040g34o3203l8lb1hm105pb850h86aajh2geoso?imageView2/2/w/540/format/jpg/q/75,2,0.8095703125,0.4172328049376138,0.22274765774166333,0.28117460740346045,0.3070516900275792,优秀,5
698d9b9a000000002802231f,6321c9b80ae2230001cbcd22,如愿L老茶铺的店,64ce3ea80fb0d000018e3e1f,goods_seller,4465,233,165,3,10523.0,2356.7749160134376,5.21836506159015,0.71582,0.889333,52.7763786315918,高,B,0.083117,中,中,中,中,,,正常,2,117.0,14227,121,B3,稳定期,http://sns-img-qn.xhscdn.com/spectrum/1040g0k031sfvdhsk5c005n7ekgf4lufkk2b9dpo?imageView2/2/w/540/format/jpg/q/75,2,0.90771484375,0.46409277267143256,0.2923419623166526,0.11131092461850421,0.28924855320219645,优秀,6
6a252871000000001702c1dd,6549fcfe43e89d0001bcfe7c,阅后即饮AngeShare的店,6a25233d1efaab0001dae469,goods_seller,5469,874,765,3,10847.880000000001,1983.5216675809108,15.98098372645822,0.756647,0.92501,82.86096954345703,高,B,0.143056,低,低,中,中,,,正常,4,163.0,2125,7,B3,成长期,http://sns-img-qn.xhscdn.com/notes_pre_post/1040g3k83213v043a7kb05od5tnv41jkknav5gr8?imageView2/2/w/540/format/jpg/q/75,2,0.505859375,0.9474564480558886,0.12657075618311797,0.009295028343916049,0.36110741086097425,优秀,7
688b6d11000000000403d1b4,63205b896c7ba8000125a68e,燕鸣春燕窝工厂旗舰店,670f57ccc42e3d0001f4541e,goods_seller,5995,585,265,4,10165.0,1695.57964970809,9.75813177648040,0.779612,0.848367,10.758713722229004,中,B,0.0482,低,低,中,中,,,正常,4,204.0,8509,318,B4,稳定期,http://sns-img-qn.xhscdn.com/1040g2sg31ledbiar58k04al2dsmubbo5d1nlmd0?imageView2/2/w/540/format/jpg/q/75,2,0.958984375,0.16734751269185796,0.0663676864556044,0.6053313203972589,0.27968217318157373,优秀,8
6a141dcf000000003502b6c1,6225b991417a3a0001981050,酒零后根据地的店,6784a30bf825240001512a2a,goods_seller,8371,486,227,1,10197.0,1218.1340341655716,5.80575797395771,0.731864,0.922334,51.30328369140625,高,B,0.07087,中,低,中,中,,,正常,4,67.0,94624,19,B6,稳定期,http://sns-img-qn.xhscdn.com/spectrum/1040g34o320jab7e55c105n980pblgpnsmvubv30?imageView2/2/w/540/format/jpg/q/75,1,0.94384765625,0.9187647084942943,0.21772271805574056,0.1171425188342732,0.417876648461436,优秀,9
677768650000000013018247,62ff6d8b6c7ba80001250a7a,葡小皮的店,66f2681036d7c200018d9b92,goods_seller,20694,919,762,32,13990.64,676.0722914854547,4.44090074417706,0.708601,0.879357,72.49688720703125,高,B,0.065724,中,低,中,低,,,正常,2,4551.0,82615,527,B4,稳定期,http://sns-img-qn.xhscdn.com/spectrum/1040g0k031f7advmklu0047k66aahghpnfmsr72o?imageView2/2/w/540/format/jpg/q/75,2,0.927734375,0.3649112680017169,0.32858961265781567,0.023170966357325753,0.23889061567228612,优秀,10
69b921310000000021038df5,62ff6d8b6c7ba80001250a7a,葡小皮的店,67fcb3f02a334f00010d6ae7,goods_seller,17711,873,453,16,11954.34,674.96696967986,4.92914008243465,0.723265,0.897804,72.49688720703125,高,B,0.241704,中,低,中,中,,,正常,2,655.0,82615,89,B4,稳定期,http://sns-img-qn.xhscdn.com/spectrum/1040g34o31tqfc39l7u1047k66aahghpnair03l8?imageView2/2/w/540/format/jpg/q/75,2,0.88525390625,0.5642067403756494,0.256279324482335,0.023170966357325753,0.2812190104051034,优秀,11
6a0e83b80000000035021c4c,6225b991417a3a0001981050,酒零后根据地的店,69e1ff8757d5bd00011fc0b1,goods_seller,24655,1215,429,25,15727.519999999999,637.9038734536605,4.92800648955587,0.747708,0.92758,51.30328369140625,高,B,0.139062,中,低,中,低,,,正常,4,126.0,94624,24,B6,稳定期,http://sns-img-qn.xhscdn.com/spectrum/1040g0k0320drn2l35i005n980pblgpnspvmpepg?imageView2/2/w/540/format/jpg/q/75,2,0.9267578125,0.9678078238088895,0.15622456078030875,0.1171425188342732,0.4137249678078238,优秀,12
692be813000000001e0277c1,6613e159f0b53500018cd02b,札萨旗舰店,67dd0de321ffb300012c1f05,goods_seller,17581,3415,2044,228,11014.270000000002,626.48711677379,19.42437859052386,0.702002,0.889126,41.690799713134766,中,B,0.090155,中,低,中,中,,,正常,4,3205.0,130099,196,B6,稳定期,http://sns-img-qn.xhscdn.com/1040g00831pfkosgv2c5041q5191sg5hcd64s3dg?imageView2/2/w/540/format/jpg/q/75,1,0.8115234375,0.4619688290928467,0.3643118274795376,0.20578571111407132,0.34402212256215187,优秀,13
688347aa00000000170351eb,62ff6d8b6c7ba80001250a7a,葡小皮的店,68832a80ebefca0001076da0,goods_seller,71721,4682,1780,108,33587.75,468.3112338087868,6.52807406477880,0.74083,0.872631,72.49688720703125,高,B,0.057186,中,中,中,中,,,正常,2,18724.0,82615,324,B4,稳定期,http://sns-img-qn.xhscdn.com/spectrum/1040g34o31kbr7e1jia1047k66aahghpn9obp8n0?imageView2/2/w/540/format/jpg/q/75,2,0.94287109375,0.3080162218966002,0.18174888622470878,0.023170966357325753,0.17097869149287825,优秀,14
6a0c41c5000000003700d55d,65e57cddbf7fb600014b21bf,阿莹麦茶的店,68f0fae1d3eed20001743ac4,goods_seller,33795,2500,1155,62,14999.710000000003,443.8440597721557,7.39754401538689,0.671653,0.907456,46.373329162597656,中,B,0.086082,中,中,中,中,,,正常,2,267.0,101410,26,B6,稳定期,http://sns-img-qn.xhscdn.com/spectrum/1040g34o320bl675h5e105ova9gt9gui6uof90r8?imageView2/2/w/540/format/jpg/q/75,2,0.96044921875,0.6933972736556991,0.5501901928570372,0.15430783120938976,0.46596509924070867,优秀,15
6a14297c0000000006032362,620e11934a9f4d000123b28f,HolidayWine假日酒馆的店,69d219949fe19c000139dbce,goods_seller,65764,2869,1344,89,28588.539999999997,434.7141293108691,4.36256918678912,0.739955,0.703111,91.15003204345703,高,B,0.088405,中,中,中,中,,,正常,4,268.0,65427,20,B6,稳定期,http://sns-img-qn.xhscdn.com/1040g008320jc1cdcme0g400sfed3355c4msqi0o?imageView2/2/w/540/format/jpg/q/75,2,0.94140625,0.0068676642541035775,0.1852271213534035,0.0024865680920030196,0.06486045123317002,优秀,16
6a1aa7eb000000003701eaf7,62ff6d8b6c7ba80001250a7a,葡小皮的店,6a18105b818cb80001d18a7d,goods_seller,69651,3362,2858,174,28668.239999999998,411.5983977258043,4.82692280082124,0.661893,0.840259,72.49688720703125,高,B,0.151996,中,中,中,中,,,正常,2,407.0,82615,14,B4,稳定期,http://sns-img-qn.xhscdn.com/spectrum/1040g34o320pn5j4k6o1047k66aahghpntve4sn0?imageView2/2/w/540/format/jpg/q/75,2,0.8642578125,0.13777511359767922,0.6184598078830129,0.023170966357325753,0.25980196261267263,优秀,17
6a117acd000000003503199b,65e57cddbf7fb600014b21bf,阿莹麦茶的店,6a0f3502fd49560001f81a60,goods_seller,34749,4097,1973,71,12665.21,364.47696336585227,11.79026734582290,0.694361,0.912202,46.373329162597656,中,B,0.085377,中,低,中,中,,,正常,4,145.0,101410,22,B6,稳定期,http://sns-img-qn.xhscdn.com/1040g2sg320g8pttulc705ova9gt9gui6qqj1fm0?imageView2/2/w/540/format/jpg/q/75,1,0.9580078125,0.7670174503796456,0.40670929354824387,0.15430783120938976,0.44267819171242645,优秀,18
69f17a0a000000003700e862,5c274148eb90b93684d73b21,极盏旗舰店,69b2196fcdd36c0001ae4f29,goods_seller,35452,118,943,126,12909.36,364.1362969649103,0.33284440934221,0.743159,0.896977,27.186037063598633,中,B,0.100789,中,中,高,中,,,正常,2,163.0,26567,46,B4,稳定期,http://sns-img-qn.xhscdn.com/spectrum/1040g0k031vhgc3mikc005n354rik9iav94i3pdo?imageView2/2/w/540/format/jpg/q/75,2,0.9208984375,0.5545416870180424,0.17288308689667423,0.37428770184864496,0.36723749192112054,优秀,19
695e052f000000002203206e,6825da050ea9880015bb2271,上海国际饭店蝴蝶酥专购店的店,68285b8d82d86e0001719429,goods_seller,90440,13116,4356,272,32002.230000000003,353.8503980539585,14.50243255196816,0.75175,0.906703,39.57172775268555,中,B,0.102862,中,低,中,中,0.050257248739744055,0.034482758620689655,正常,4,1335.0,9714,158,B4,稳定期,http://sns-img-qn.xhscdn.com/notes_pre_post/1040g3k831r1gc22vg0005q15r7njjh5agfvqhp8?imageView2/2/w/540/format/jpg/q/75,1,0.5146484375,0.682148513239495,0.1428888592868878,0.2292156949809807,0.35141768916912114,优秀,20
690c02a500000000040127ac,628b5d55d6b4360001958de1,富临行鱼胶滋补的店,690b3f4f7071920001c0ef7f,goods_seller,30377,3396,1518,19,10582.71,348.3790367712414,11.17951081410278,0.686628,0.805306,48.04304504394531,中,B,0.084619,中,中,高,中,0.05467410251190982,0.041237113402061855,正常,2,1306.0,19965,220,B4,稳定期,http://sns-img-qn.xhscdn.com/notes_pre_post/1040g3k031ohddnrlmg0049tm9gag8p8hmbme6mg?imageView2/2/w/540/format/jpg/q/75,1,0.87158203125,0.06047688823764486,0.45197075322291785,0.13898879564258543,0.21714547903438275,优秀,21
697c8862000000001a028332,64fc06cc5b50f70001d93a83,内蒙老赵的店,68a08d9e16b0c8000172584e,goods_seller,44750,4719,2165,182,15314.660000000002,342.2270391061453,10.54525139664804,0.661449,0.864658,34.60084915161133,中,B,0.048293,中,中,中,中,,,正常,2,11561.0,123078,135,B6,稳定期,http://sns-img-qn.xhscdn.com/1040g00831rv9qa5aim005p7pa89gibr9kkufuvg?imageView2/2/w/540/format/jpg/q/75,1,0.939453125,0.2512025812944955,0.6217382295043145,0.287146811124432,0.38669587397441396,优秀,22
67de7603000000001b03935a,64c9c0c213d4fb0001ad7d8a,IMINT旗舰店,67038e8194f7580001e18993,goods_seller,54978,200,758,182,18405.63,334.78173087416786,0.36378187638692,0.639364,0.810787,18.754539489746094,中,B,0.092913,中,低,中,中,,,正常,2,17124.0,10538,449,B4,稳定期,http://sns-img-qn.xhscdn.com/spectrum/1040g34o31fau08245s005n30bkr4699tugml9f0?imageView2/2/w/540/format/jpg/q/75,2,0.95947265625,0.06883205304678597,0.7749581871734529,0.49001672513061884,0.44460232178361925,优秀,23
6a190e4a0000000007022072,64a2a16de916d0000181cd86,兔总的葡萄酒买手店的店,681db43180956a00014bb9b7,goods_seller,31361,2219,578,28,10478.91,334.1382608972928,7.07566722999904,0.733073,0.824666,43.1324577331543,中,B,0.130973,中,中,高,中,,,正常,2,64.0,8030,16,B4,稳定期,http://sns-img-qn.xhscdn.com/spectrum/1040g34o320o569iule705ovsrf5jq95udhktrb8?imageView2/2/w/540/format/jpg/q/75,2,0.9560546875,0.09508162751802021,0.2128975918772109,0.1830809762739961,0.1636867318897424,优秀,24
68b55cf4000000001b034a22,637df39580e3750001657093,胡子叔的餐盘的店,68b553affba5440001ec1d11,goods_seller,31108,1794,1013,68,10244.799999999997,329.3300758647293,5.76700527195577,0.723909,0.89575,16.59491729736328,中,B,0.329847,中,中,中,中,,,正常,2,800.0,105995,286,B5,稳定期,http://sns-img-qn.xhscdn.com/spectrum/1040g34o31lspnlhal2805n7ieo2lnifgslggm7o?imageView2/2/w/540/format/jpg/q/75,2,0.96044921875,0.539230051951512,0.2531859153678789,0.5215206547962642,0.4379788740385517,优秀,25
6962385d000000000a02a7eb,66a1b6b8a6d8460016697971,食葡专卖店,696f215f26bf6e0001739e1b,goods_seller,40394,3743,479,31,13008.68,322.0448581472496,9.26622765757291,0.76098,0.858564,25.319459915161133,中,B,0.167635,低,低,中,中,,,正常,2,3435.0,8452,155,B4,稳定期,http://sns-img-qn.xhscdn.com/notes_pre_post/1040g3k031r5j375e72005oaai3mnuifk8ne95io?imageView2/2/w/540/format/jpg/q/75,2,0.1571044921875,0.21528055296538046,0.11318325118778029,0.4028610334058582,0.2437749458530063,优秀,26
67c86a030000000029032613,66794f0001336c0001b9b7e6,健哥甄选陈皮的店,67aacb49f4fe14000189fb86,goods_seller,36113,5501,1625,103,11614.09,321.6041314761997,15.23274167197408,0.74954,0.919333,62.23263168334961,高,B,0.08716,中,中,中,中,0.05187711965679471,0.062021857923497264,正常,2,19604.0,12670,466,B4,稳定期,http://sns-img-qn.xhscdn.com/1040g2sg31et2hutlm6005nm37qj08pl2avnbmb0?imageView2/2/w/540/format/jpg/q/75,2,0.62841796875,0.878809407515948,0.14997853854920593,0.05857495966727351,0.36245430191080913,优秀,27
6a22acec000000003502ff39,66a1b6b8a6d8460016697971,食葡专卖店,696f215f26bf6e0001739e1b,goods_seller,37126,977,313,23,11287.0,304.0187469697786,2.63157894736842,0.654916,0.896022,78.07746124267578,高,B,0.117097,中,中,中,中,,,正常,2,130.0,22403,9,B4,稳定期,http://sns-img-qn.xhscdn.com/spectrum/1040g0k03211dr36l740g5plbj8nne2k661hqi1o?imageView2/2/w/540/format/jpg/q/75,1,0.96044921875,0.5426564835782899,0.667917351212942,0.015955478590352706,0.40884310446052813,优秀,28
6a1021c800000000070222c8,64a52f59a16b9b00013bd62f,阿飞的甜蜜的店,67270f9451e3a2000106180b,goods_seller,81482,7583,2105,84,23747.21,291.4411771925088,9.30634986868265,0.742681,0.922392,43.362674713134766,中,B,0.217547,中,中,高,中,,,正常,2,434.0,22097,23,B5,稳定期,http://sns-img-qn.xhscdn.com/1040g2sg320fe48v45m7046odjtt35asi6r17c38?imageView2/2/w/540/format/jpg/q/75,2,0.947265625,0.9194825570208546,0.17468140846321212,0.18069061468555275,0.42495152672320646,优秀,29
6a0d15ac000000000803de6e,6763b5706190b600159cb67c,失重森林旗舰店,69fad8328c2c2300012f06c6,goods_seller,49789,387,870,141,14276.17,286.7334150113479,0.77728012211533,0.65069,0.818622,16.573904037475586,中,B,0.116423,中,中,中,中,0.05128748220752696,0.04081632653061224,正常,2,374.0,7083,25,B4,稳定期,http://sns-img-qn.xhscdn.com/spectrum/1040g34o320cetm42lk105oci0a58cfid6c42c10?imageView2/2/w/540/format/jpg/q/75,1,0.95361328125,0.08217515504048073,0.6986294273492888,0.5243772479019582,0.43506061009724256,优秀,30
6a0e7434000000000702d4be,5a260bb077e3082948679c69,养瑞和旗舰店,6711d47f56c6a60001c93d89,goods_seller,80128,1210,1446,251,22431.15,279.9414686501597,1.51008386581470,0.752459,0.922464,24.458223342895508,中,B,0.06709,中,中,高,中,,,正常,2,404.0,22958,24,B6,稳定期,http://sns-img-qn.xhscdn.com/1040g008320dpspn3m20045hegc4vila460ueel0?imageView2/2/w/540/format/jpg/q/75,1,0.1063232421875,0.9203780175539866,0.1405725027011826,0.41394698281603837,0.4916325010237359,优秀,31
6a06d8d60000000036003afd,637df39580e3750001657093,胡子叔的餐盘的店,69fd460098ac430001056722,goods_seller,37271,1264,708,60,10011.769999999999,268.6209117007861,3.39137667355316,0.716744,0.83139,16.59491729736328,中,B,0.145826,中,低,中,中,,,正常,2,71.0,105995,30,B5,稳定期,http://sns-img-qn.xhscdn.com/spectrum/1040g0k03206c379r5k005n7ieo2lnifgat2s0og?imageView2/2/w/540/format/jpg/q/75,2,0.94970703125,0.11162174563000458,0.28799046815564733,0.5215206547962642,0.3070442895273054,优秀,32
67fcaaea000000001d0028f7,64f57047a5c63e000149558c,新疆尼勒克黑蜂蜂蜜的店,6765290b5677c9000130f2ce,goods_seller,42693,1538,1122,75,11199.869999999997,262.3350432155153,3.60246410418570,0.643087,0.900178,49.57783126831055,高,B,0.062447,中,低,中,中,,,正常,2,3381.0,67803,426,B6,稳定期,http://sns-img-qn.xhscdn.com/1040g2sg31g8e3f2816e05nikfbu087h76de5k0o?imageView2/2/w/540/format/jpg/q/75,1,0.95947265625,0.5939863534774951,0.7508843597827213,0.12787324423131002,0.4909146524971755,优秀,33
6a1a9a5b000000003503a45e,637df39580e3750001657093,胡子叔的餐盘的店,69e07718933b0300013c2b21,goods_seller,39015,2218,1107,89,10077.489999999996,258.2978341663462,5.68499295142894,0.728718,0.903556,16.59491729736328,中,B,0.069871,中,中,中,中,,,正常,2,145.0,105995,14,B5,稳定期,http://sns-img-qn.xhscdn.com/spectrum/1040g0k0320plg9jk5i005n7ieo2lnifggp504o0?imageView2/2/w/540/format/jpg/q/75,2,0.958984375,0.6379379246037032,0.231650459571067,0.5215206547962642,0.46370301299034483,优秀,34
69edb027000000003503858a,663e408a51bdb1000162586e,阿方家的店,69de2815cfc3750001ae4de0,goods_seller,52041,3483,1304,35,12922.63,248.31632751100094,6.69279990776503,0.766627,0.922498,53.39432144165039,高,B,0.207293,中,中,中,中,,,正常,2,460.0,34211,49,B6,稳定期,http://sns-img-qn.xhscdn.com/spectrum/1040g34o31vdprj78hm1048he2g5j70kma734uio?imageView2/2/w/540/format/jpg/q/75,2,0.95703125,0.9208220475704157,0.09733137960126105,0.1096680135577165,0.37594048024313115,优秀,35
69fca98b0000000035023f3a,6108aea4f1dc3b0001596c73,白房子咖啡的店,6a12e796859c5f0001bef720,goods_seller,60941,6652,2238,58,14876.89,244.1195582612691,10.91547562396416,0.723437,0.888157,54.67173767089844,高,B,0.113622,中,低,高,中,,,正常,4,542.0,142601,31,B6,稳定期,http://sns-img-qn.xhscdn.com/notes_pre_post/1040g3k832045a19748d04a7jurmgggu5igpv3c8?imageView2/2/w/540/format/jpg/q/75,1,0.958984375,0.4513787132010124,0.2554800704527626,0.10011396770421681,0.2689909171193306,优秀,36
69e2da5a00000000220251a2,5a260bb077e3082948679c69,养瑞和旗舰店,6711d47f56c6a60001c93d89,goods_seller,74435,760,1881,219,18077.25,242.8595418821791,1.02102505541748,0.697521,0.886164,24.458223342895508,中,B,0.065359,中,低,中,中,,,正常,2,1371.0,22958,57,B6,稳定期,http://sns-img-qn.xhscdn.com/1040g2sg31v1vns5qigf045hegc4vila4jvd4c0o?imageView2/2/w/540/format/jpg/q/75,2,0.1656494140625,0.4294732323905096,0.3888962893891627,0.41394698281603837,0.41077216819857015,优秀,37
69fbcf5f0000000035033020,6108aea4f1dc3b0001596c73,白房子咖啡的店,69fbcd7f213e270001fb1c1a,goods_seller,48123,2535,1192,28,11636.210000000001,241.80142551378762,5.26775138707063,0.687659,0.907588,54.67173767089844,高,B,0.108011,中,中,中,中,,,正常,4,259.0,142601,38,B6,稳定期,http://sns-img-qn.xhscdn.com/notes_pre_post/1040g3k831vrj9cu354904a7jurmgggu5ob5tdjo?imageView2/2/w/540/format/jpg/q/75,1,0.9580078125,0.6955360182348327,0.44585053949646997,0.10011396770421681,0.41383350847850653,优秀,38
6a1ba293000000003502a3b1,6108aea4f1dc3b0001596c73,白房子咖啡的店,69fbcd7f213e270001fb1c1a,goods_seller,121276,8476,3724,103,28343.12,233.70757610739142,6.98901678815264,0.681457,0.9089,54.67173767089844,高,B,0.075189,中,中,中,中,,,正常,4,279.0,142601,14,B6,稳定期,http://sns-img-qn.xhscdn.com/notes_pre_post/1040g3k0320qiidp05e404a7jurmgggu5ras3ceo?imageView2/2/w/540/format/jpg/q/75,0,0.96044921875,0.715339756967571,0.4842813374184095,0.10011396770421681,0.43324502069673243,优秀,39
6819c2d4000000002101864d,637df39580e3750001657093,胡子叔的餐盘的店,642a33ba4b147c00011897e0,goods_seller,61384,6845,1659,100,14104.039999999999,229.76736608888308,11.15111429688518,0.759099,0.902948,16.59491729736328,中,B,0.649491,中,中,中,中,,,正常,2,4333.0,105995,404,B5,稳定期,http://sns-img-qn.xhscdn.com/spectrum/1040g34o31h4r7hlu420g5n7ieo2lnifg3tbv3m8?imageView2/2/w/540/format/jpg/q/75,1,0.91748046875,0.6301451978153724,0.11900004440300165,0.5215206547962642,0.4235552990048794,优秀,40
6a0d0e0d000000003701d095,65e57cddbf7fb600014b21bf,阿莹麦茶的店,69f682a015602900018f68f7,goods_seller,45156,2563,1384,117,10303.61,228.17809371955,5.67587917441757,0.69755,0.892759,46.373329162597656,中,B,0.202905,中,中,中,中,,,正常,2,177.0,101410,25,B6,稳定期,http://sns-img-qn.xhscdn.com/spectrum/1040g0k0320ce40hilc005ova9gt9gui6mooq1pg?imageView2/2/w/540/format/jpg/q/75,1,0.93505859375,0.5030342051122656,0.3887778813847816,0.15430783120938976,0.34870663923547895,优秀,41
69ddf82d0000000021006269,65e57cddbf7fb600014b21bf,阿莹麦茶的店,696e4ab13db79c00019ba1a2,goods_seller,54661,2174,1280,185,12117.440000000002,221.68346718867204,3.97724154333071,0.692641,0.912321,46.373329162597656,中,B,0.068631,中,低,中,中,,,正常,2,302.0,101410,61,B6,稳定期,http://sns-img-qn.xhscdn.com/1040g00831uuene47hu005ova9gt9gui644530l8?imageView2/2/w/540/format/jpg/q/75,1,0.431396484375,0.7691783964596006,0.4161671328981839,0.15430783120938976,0.4465511201890581,优秀,42
6a03d3fa0000000006037597,64794b0b937a2b0001591324,禹鸿物予YHOWU的店,67f4e5f604afe30001db45c0,goods_seller,110350,10868,2322,57,23943.289999999997,216.97589487992747,9.84866334390575,0.731061,0.903708,24.951244354248047,中,B,0.087983,中,中,高,中,,,正常,2,630.0,16047,32,B4,成长期,http://sns-img-qn.xhscdn.com/spectrum/1040g0k03203dp1knis105ovj87v51tgfja8j2pg?imageView2/2/w/540/format/jpg/q/75,2,0.96044921875,0.6399286591773604,0.22148957269511418,0.407885973091781,0.42310140165475185,优秀,43
67c6b942000000001201cc3e,65098134f13b150001070dcf,修哲 SHOWZE的店,67c144ff4a593600016d9a59,goods_seller,47443,97,1750,109,10244.599999999999,215.93491136732496,0.20445587336383,0.729608,0.904278,65.80403900146484,高,B,0.117487,中,低,中,中,,,正常,2,5309.0,36385,467,B4,稳定期,http://sns-img-qn.xhscdn.com/1040g00831hs38mf93i0g4a1fs4pqal4ibup1fjg?imageView2/2/w/540/format/jpg/q/75,2,0.9560546875,0.647484569956929,0.2276467889229312,0.041487204535026564,0.3055395211382956,优秀,44
6a0718e0000000003701e2f0,66de9b426283a200162e969d,韩要强现烤坚果的店,66dee783f63d3900013b7837,goods_seller,116579,5479,3629,531,25095.84,215.26895924651953,4.69981729127888,0.715471,0.858323,45.658180236816406,中,B,0.291624,中,中,中,中,,,正常,4,585.0,56069,30,B6,稳定期,http://sns-img-qn.xhscdn.com/1040g0083206jmajt5s005nfo2etg82c79piecj8?imageView2/2/w/540/format/jpg/q/75,2,0.9462890625,0.21399286591773603,0.2940588783801785,0.16204875449580391,0.2233668329312395,优秀,45
6a0b0bde00000000070211b6,64a52f59a16b9b00013bd62f,阿飞的甜蜜的店,69f77a8f213e270001971dc1,goods_seller,102936,6697,1603,89,20866.189999999995,202.71032486205016,6.50598430092485,0.802176,0.936055,43.362674713134766,中,B,0.110704,中,中,中,中,,,正常,2,620.0,22097,27,B5,稳定期,http://sns-img-qn.xhscdn.com/1040g2sg320af77otlm7046odjtt35asidojs1sg?imageView2/2/w/540/format/jpg/q/75,2,0.95263671875,0.9970027973891035,0.03059366813196572,0.18069061468555275,0.40276236006887395,优秀,46
69cf2a2f00000000230233f0,5c274148eb90b93684d73b21,极盏旗舰店,665839e8a29a700001a3ec7c,goods_seller,64323,2225,791,116,12864.68,200.00124372308505,3.45910483030953,0.673096,0.872746,27.186037063598633,中,B,0.056976,中,中,高,中,,,正常,2,248.0,26567,72,B4,稳定期,http://sns-img-qn.xhscdn.com/spectrum/1040g0k031ug04i3s1m105n354rik9iavpp7aql8?imageView2/2/w/540/format/jpg/q/75,2,0.9208984375,0.3088968814291846,0.5403475274928585,0.37428770184864496,0.4078440369235627,优秀,47
6a1e79b3000000002103c344,61cd1ed6f64538000105d341,夏夏食养的店,6a1e7875cd75c3000180548b,goods_seller,50495,3634,2262,136,10056.699999999999,199.16229329636593,7.19675215367858,0.770328,0.891625,24.933147430419922,中,B,0.142997,中,中,高,中,0.04657336440868676,0.1875,正常,4,235.0,310827,12,B4,稳定期,http://sns-img-qn.xhscdn.com/notes_pre_post/1040g3k8320t49phm7a704a35031h22f3sgcs6t8?imageView2/2/w/540/format/jpg/q/75,2,0.9541015625,0.4895652946139159,0.08769592824474934,0.40818939360300754,0.3284835388205576,优秀,48
6a2255ae000000003601b0c2,6678d55c0047b40001a41b9d,DailySeeds&Co种子世界的店,6a0a796fa0ff6f0001715423,goods_seller,62780,6353,2495,180,12374.009999999997,197.10114686205793,10.11946479770628,0.697899,0.914262,76.61597442626953,高,B,0.211247,中,低,高,中,,,正常,2,1210.0,18256,9,B4,稳定期,http://sns-img-qn.xhscdn.com/1040g2sg321170k2kno705pfp9iu1hvaefra99v8?imageView2/2/w/540/format/jpg/q/75,1,0.9140625,0.7998238680934832,0.3869499578171484,0.017028551130056392,0.4012674590135626,优秀,49
6a2002e20000000021019444,65fa96317916650001282160,苏农科JAAS的店,6a181eb6df36740001b84225,goods_seller,77015,5481,1351,41,15111.07,196.20943971953517,7.11679542946179,0.666381,0.886686,23.155567169189453,中,B,0.087069,中,中,高,中,,,正常,4,104.0,139820,11,B5,稳定期,http://sns-img-qn.xhscdn.com/note_pre_post_uhdr/1040g3r0320utfcts7u5g5o3c84009agomc1gbng?imageView2/2/w/540/format/jpg/q/75,2,0.95947265625,0.43500880659532587,0.5868152687121649,0.4282299483445081,0.4833513412173329,优秀,50
6a166f1e000000003502e052,66c70bb6777979001546350d,三兔船长的店,69c6369415bd740001490411,goods_seller,102606,4148,1900,243,20080.000000000004,195.70005652690878,4.04264857805586,0.728929,0.89639,67.81156158447266,高,B,0.049742,中,低,中,中,0.04562271959506548,0.07692307692307693,正常,4,276.0,24394,18,B5,稳定期,http://sns-img-qn.xhscdn.com/notes_pre_post/1040g3k0320li7hn95i005o4lvtng8ehj7j84gp0?imageView2/2/w/540/format/jpg/q/75,2,0.95166015625,0.5469635747376522,0.23075499903793498,0.03560380681734085,0.2711074601976427,优秀,51
6a19075e000000003502c8d6,66c70bb6777979001546350d,三兔船长的店,69d30ced069e7b0001e5deff,goods_seller,143126,8337,3201,355,27963.280000000006,195.37526375361574,5.82493746768582,0.720611,0.902031,67.81156158447266,高,B,0.076451,中,中,中,中,0.04800986776297743,0.01818181818181818,正常,4,384.0,24394,16,B5,稳定期,http://sns-img-qn.xhscdn.com/notes_pre_post/1040g3k0320o3qqka5k005o4lvtng8ehjkej1m70?imageView2/2/w/540/format/jpg/q/75,1,0.931640625,0.6179565738643933,0.26898598345248137,0.03560380681734085,0.3075154547114052,优秀,52
69fda3630000000035027fda,65e57cddbf7fb600014b21bf,阿莹麦茶的店,69f682a015602900018f68f7,goods_seller,84878,2441,1819,173,15790.29,186.03513277881194,2.87589245740946,0.718423,0.896729,46.373329162597656,中,B,0.050325,中,低,中,中,,,正常,2,596.0,101410,37,B6,稳定期,http://sns-img-qn.xhscdn.com/1040g00831vtbvf1156005ova9gt9gui6p52sru8?imageView2/2/w/540/format/jpg/q/75,2,0.95263671875,0.5515074819057768,0.2797167088495182,0.15430783120938976,0.32851067398822825,优秀,53
69f17521000000001a03723e,5a260bb077e3082948679c69,养瑞和旗舰店,6711d47f56c6a60001c93d89,goods_seller,219482,1514,4520,489,40804.14,185.91109977127965,0.68980599775836,0.64766,0.875421,24.458223342895508,中,B,0.080931,中,中,高,中,,,正常,2,1458.0,22958,46,B6,稳定期,http://sns-img-qn.xhscdn.com/1040g00831vhfo4kaia0045hegc4vila48u9kejo?imageView2/2/w/540/format/jpg/q/75,1,0.64697265625,0.3304397377262703,0.7198466616343265,0.41394698281603837,0.48807779405887847,优秀,54
69842dcd000000000b00a23d,68331c3bba5a440015d96ebd,螺蛳粉代买日记的店,68c50d00fb0cef00010baea8,goods_seller,70050,9853,3528,789,12998.539999999997,185.5608850820842,14.06566738044254,0.691682,0.917522,74.36158752441406,高,B,0.046322,中,低,中,中,,,正常,2,6692.0,9133,129,B4,稳定期,http://sns-img-qn.xhscdn.com/notes_pre_post/1040g3k031s6niopp566g5p9i0bnaj4qc226pivo?imageView2/2/w/540/format/jpg/q/75,1,0.87158203125,0.85133134999926,0.4214362890931427,0.020358776253274723,0.43104213844855904,优秀,55
668b7a7b000000000a006748,665ff76e72288900019bb298,王妈手撕烤兔东门店的店,6673a4502fbb5400018af79c,goods_seller,57915,3633,1542,91,10634.829999999998,183.62824829491493,6.27298627298627,0.801737,0.876102,41.77781295776367,中,B,0.255818,低,低,中,中,0.060180646403656377,0.10064935064935066,正常,2,8590.0,7632,706,B4,稳定期,http://sns-img-qn.xhscdn.com/1040g2sg314vsu7pn1c705o0g6ocg8rkm0rggqjo?imageView2/2/w/540/format/jpg/q/75,2,0.93115234375,0.3359235084291698,0.031230111155514113,0.20477184257655817,0.19064182072041402,优秀,56
684cd625000000000303ee81,66de9b426283a200162e969d,韩要强现烤坚果的店,675cfb14b9eb7500010b2ab9,goods_seller,58564,8597,2678,188,10596.93,180.94614438904446,14.67966668943378,0.681446,0.893213,45.658180236816406,中,B,0.066883,中,低,中,中,,,正常,4,4153.0,56069,365,B6,稳定期,http://sns-img-qn.xhscdn.com/1040g00831imnc8jqhc005nfo2etg82c7asm095g?imageView2/2/w/540/format/jpg/q/75,1,0.95166015625,0.5084883738140699,0.4843627429214215,0.16204875449580391,0.38496662374376517,优秀,57
6808e11c000000000e00690c,6274d01b98970c0001d21df9,南三府食品礼盒的店,68d3ed54d3eed20001c80d60,goods_seller,104793,6957,2119,95,18865.68,180.02805530903782,6.63880221007128,0.713241,0.913672,42.178863525390625,中,B,0.062255,中,中,高,中,,,正常,2,6409.0,7016,417,B3,成长期,http://sns-img-qn.xhscdn.com/note_pre_post_uhdr/1040g3r0320gkkoskls005nm3bej0boef8i2hcqo?imageView2/2/w/540/format/jpg/q/75,2,0.96044921875,0.7904992377484718,0.3047970042774892,0.20153042345662567,0.4322755551608622,优秀,58
692d5b93000000000d00ed90,65d5da675fd0a0000107821a,NATURECARE.LIFE海外旗舰店,68eccdb1c753610001e1e7a7,goods_seller,74538,3775,905,50,13152.359999999999,176.4517427352491,5.06453084332824,0.742554,0.874258,-15.690291404724121,中,B,0.088156,中,低,中,中,,,正常,2,1057.0,11788,195,B4,稳定期,http://sns-img-qn.xhscdn.com/notes_pre_post/1040g3k831phvlac14m6g5o0c0m8g94hit3nggr8?imageView2/2/w/540/format/jpg/q/75,0,0.95361328125,0.32106330387934223,0.17510323697881977,0.873717863327561,0.45662813472857433,优秀,59
6854d4e9000000001c036f58,6663f8c5dd221800012edd04,村驴的店,67dbbafdc259f30001e6367b,goods_seller,176587,27694,7080,819,30819.37000000002,174.5279663848416,15.68292116633727,0.740086,0.874866,88.47371673583984,高,B,0.06439,中,中,中,中,,,正常,2,162751.0,4004716,359,B6,稳定期,http://sns-img-qn.xhscdn.com/1040g00831iuh6bvi1ad047ckpeieunltjss3398?imageView2/2/w/540/format/jpg/q/75,2,0.053802490234375,0.3259328330595148,0.18477569083670056,0.003929665645397629,0.17154606318053767,优秀,60
69f70b370000000036031947,65e57cddbf7fb600014b21bf,阿莹麦茶的店,69f682a015602900018f68f7,goods_seller,89686,2827,1659,173,15522.930000000002,173.0808598889459,3.15210846731931,0.728682,0.890778,46.373329162597656,中,B,0.039037,中,低,中,中,,,正常,2,579.0,101410,42,B6,稳定期,http://sns-img-qn.xhscdn.com/spectrum/1040g0k031vmu8ar61m005ova9gt9gui61dd1c2o?imageView2/2/w/540/format/jpg/q/75,1,0.95947265625,0.48003345026123767,0.23185767357873394,0.15430783120938976,0.2887329850164538,优秀,61
686bd853000000000d026c7c,65f18a06dbd5d9000131455d,景尚铭品旗舰店,65fbb8090dd1aa000110abbc,goods_seller,64347,5392,911,65,10993.28,170.84370677731673,8.37956703498221,0.700561,0.765758,-26.00762939453125,中,B,0.070703,中,低,中,中,,,正常,2,1197.0,10407,342,B3,稳定期,http://sns-img-qn.xhscdn.com/1040g2sg31jl07a7bia105pemnjhjcmrnafuq88g?imageView2/2/w/540/format/jpg/q/75,2,0.95947265625,0.024614063910720366,0.37219336027115435,0.9324408330003108,0.44308275239406186,优秀,62
67a339b90000000018011e90,65098134f13b150001070dcf,修哲 SHOWZE的店,67c144ff4a593600016d9a59,goods_seller,81829,1923,2344,146,13976.049999999994,170.7958058878881,2.35002260812182,0.758307,0.907066,65.80403900146484,高,B,0.131203,中,中,中,中,,,正常,2,107001.0,36385,494,B4,稳定期,http://sns-img-qn.xhscdn.com/1040g2sg31e97e69mgu704a1fs4pqal4ionuk6j0?imageView2/2/w/540/format/jpg/q/75,1,0.94970703125,0.6875138759380134,0.12159761999911194,0.041487204535026564,0.2835329001573839,优秀,63
6a15297a0000000035026c6d,6108aea4f1dc3b0001596c73,白房子咖啡的店,6a152890e6d02a0001b4b092,goods_seller,171067,10074,4664,183,28778.880000000005,168.2316285432024,5.88892071527530,0.658015,0.906128,54.67173767089844,高,B,0.066782,中,中,中,中,,,正常,4,378.0,142601,19,B6,稳定期,http://sns-img-qn.xhscdn.com/note_pre_post_uhdr/1040g3r0320kbfqsp5k004a7jurmgggu50jrcgm0?imageView2/2/w/540/format/jpg/q/75,1,0.95068359375,0.6736453384248775,0.6456640468895697,0.10011396770421681,0.47314111767288797,优秀,64
69f9f6f700000000220288d4,629efccfb276e90001fc3eef,巧盒ChocBar的店,69f6ce3a294caa0001491007,goods_seller,63826,3399,1086,85,10726.220000000001,168.05408454234953,5.32541597468116,0.686606,0.764882,32.23711395263672,中,B,0.192508,中,中,高,中,,,正常,2,459.0,13123,40,B4,稳定期,http://sns-img-qn.xhscdn.com/spectrum/1040g0k031vppk8fris005oj7a1ik1s1kfr7fneo?imageView2/2/w/540/format/jpg/q/75,2,0.9560546875,0.024103429391826886,0.4521187632283942,0.31583115018575253,0.2640177809353246,优秀,65
67f0d073000000000f031c05,5c274148eb90b93684d73b21,极盏旗舰店,69b2196fcdd36c0001ae4f29,goods_seller,79894,5342,1536,128,13378.45,167.45249956191955,6.68635942623977,0.750924,0.893787,27.186037063598633,中,B,0.08165,中,中,中,中,,,正常,2,4784.0,26567,435,B4,稳定期,http://sns-img-qn.xhscdn.com/spectrum/1040g34o31tjrl3q7no105n354rik9iavrvcch0o?imageView2/2/w/540/format/jpg/q/75,2,0.88671875,0.5151858265618756,0.1455752408862839,0.37428770184864496,0.34501625643226813,优秀,66
6a1ed0a0000000002202b0a4,6108aea4f1dc3b0001596c73,白房子咖啡的店,69fbcd7f213e270001fb1c1a,goods_seller,292343,20559,9631,167,48095.31,164.51671495469364,7.03249265417677,0.672487,0.906939,54.67173767089844,高,B,0.070248,中,中,高,中,,,正常,4,983.0,142601,12,B6,稳定期,http://sns-img-qn.xhscdn.com/notes_pre_post/1040g3k0320tovo8c703g4a7jurmgggu5dcul2lg?imageView2/2/w/540/format/jpg/q/75,1,0.96044921875,0.6856341488684635,0.5447360241552329,0.10011396770421681,0.4434947135759711,优秀,67
69e9eb4c000000002301edf9,64a52f59a16b9b00013bd62f,阿飞的甜蜜的店,69e8ebca21e0870001bdeb72,goods_seller,107973,5119,2553,91,17101.28,158.3847813805303,4.74100006483102,0.690455,0.91142,43.362674713134766,中,B,0.043915,中,低,中,中,,,正常,2,1138.0,22097,52,B5,稳定期,http://sns-img-qn.xhscdn.com/1040g2sg31va42igkjq7046odjtt35asi8djdoeg?imageView2/2/w/540/format/jpg/q/75,1,0.9140625,0.755176649941536,0.42876278436422305,0.18069061468555275,0.4548766829971039,优秀,68
67cee0c1000000000703726a,654a0c1998ed2d000179d7ad,野春食记·马卡龙的店,654a5be68c0244000193a010,goods_seller,77553,5051,1491,61,12277.3,158.30851159851971,6.51296532693771,0.659311,0.915553,66.54578399658203,高,B,0.08244,中,中,高,中,,,正常,2,12478.0,11104,461,B3,稳定期,http://sns-img-qn.xhscdn.com/spectrum/1040g34o31ermv5q85s105ogjnqc8cqorbu9tog8?imageView2/2/w/540/format/jpg/q/75,2,0.89208984375,0.8207154803664728,0.6362876130426417,0.03873421843316608,0.4985791039474268,优秀,69
69d25626000000001f0049fd,64a52f59a16b9b00013bd62f,阿飞的甜蜜的店,67d298e20144270001b3ca77,goods_seller,236228,7498,4829,205,36692.35,155.32599861151093,3.17405218687031,0.786537,0.929921,43.362674713134766,中,B,0.317516,中,中,中,中,,,正常,2,5381.0,22097,70,B5,稳定期,http://sns-img-qn.xhscdn.com/1040g2sg31uj2i8lqiq7046odjtt35asinrrfof8?imageView2/2/w/540/format/jpg/q/75,1,0.955078125,0.9808401047910839,0.05301718396163581,0.18069061468555275,0.4048493011460908,优秀,70
69e98784000000002301f6d7,5a260bb077e3082948679c69,养瑞和旗舰店,6711d47f56c6a60001c93d89,goods_seller,107545,4847,1780,201,16684.21,155.13701241340834,4.50695057882747,0.715661,0.86344,12.294636726379395,中,B,0.064923,中,低,中,中,,,正常,2,606.0,82468,52,B6,稳定期,http://sns-img-qn.xhscdn.com/spectrum/1040g34o31v9o0bd31m1049vlj8q8n2guat640q0?imageView2/2/w/540/format/jpg/q/75,1,0.873046875,0.24358006601246243,0.29306721134348684,0.584284297618519,0.3736438583248227,优秀,71
678100b6000000001800cb2a,62b28d9a14b93b000180d481,林间盏旗舰店,62b536ce6ab36e0001a792c3,goods_seller,112288,3279,1587,102,17381.020000000004,154.7896480478769,2.92016956397834,0.735973,0.90059,38.14682388305664,中,B,0.476115,低,低,中,中,,,正常,2,13285.0,534935,520,B6,稳定期,http://sns-img-qn.xhscdn.com/1040g00831cfl5j5fgk0g5nblu32gb5ud2gm1rng?imageView2/2/w/540/format/jpg/q/75,2,0.93359375,0.5990556961650607,0.20064976392404127,0.24794636117401536,0.34921727375437245,优秀,72
69427849000000001d03981a,676122d080372c0015447e5b,小小花带柑🍊的店,68b2a78efba5440001dc3e90,goods_seller,82676,9574,1329,102,12744.759999999995,154.15307949102515,11.58014417727031,0.802531,0.847306,7.82219934463501,中,B,0.128026,中,中,高,中,,,正常,2,4694.0,32184,179,B3,稳定期,http://sns-img-qn.xhscdn.com/notes_pre_post/1040g3k031q6j7g9e72005p5o0mf576ue1qrp9h0?imageView2/2/w/540/format/jpg/q/75,1,0.63037109375,0.1630848245341385,0.030171839616358064,0.642393025768542,0.2785498966396795,优秀,73
647d86100000000027000062,64647cdbebbcb2000139c276,琴妈手作（粽子版）的店,67ea8dd0acb9900001da7504,goods_seller,70287,10933,3655,163,10701.779999999997,152.2583123479448,15.55479676184785,0.768781,0.899204,42.61320114135742,中,B,0.06485,低,低,中,中,,,正常,2,5640.0,36545,1105,B6,稳定期,http://sns-img-qn.xhscdn.com/1040g2sg31f5t0qh96e705oetg9n40u8lk8c7l4g?imageView2/2/w/540/format/jpg/q/75,1,0.060089111328125,0.5816941225226825,0.0915589893876826,0.18769148794458507,0.2869815332849834,优秀,74
6a02b882000000003503a996,64f57047a5c63e000149558c,新疆尼勒克黑蜂蜂蜜的店,6976f1a53d52b20001b67c6e,goods_seller,242647,7718,4456,279,36688.67,151.20182817014017,3.18075228624298,0.711675,0.905589,49.57783126831055,高,B,0.136365,中,低,中,中,,,正常,2,1163.0,67803,33,B6,稳定期,http://sns-img-qn.xhscdn.com/1040g2sg3202b1o25l4e05nikfbu087h7bd5o0v8?imageView2/2/w/540/format/jpg/q/75,2,0.95947265625,0.6659636191406539,0.3130559625830706,0.12787324423131002,0.36896427531834486,优秀,75
6a01a7130000000038021b68,6278fb55b1999c0001ecbf50,Patchi旗舰店,69f6d56aa978450001619c71,goods_seller,169093,7028,3092,109,25491.239999999998,150.7527810139982,4.15629269100436,0.656622,0.812993,7.594381332397461,中,B,0.414883,中,低,中,中,,,正常,2,656.0,96008,34,B5,稳定期,http://sns-img-qn.xhscdn.com/1040g2sg321aaj99bnarg5ohgcb6od0u68gs73gg?imageView2/2/w/540/format/jpg/q/75,1,0.95947265625,0.07236209167739739,0.6554327072510102,0.6450054023651999,0.4576000670978691,优秀,76
6a018ece000000003502469c,64f57047a5c63e000149558c,新疆尼勒克黑蜂蜂蜜的店,68ec9a4bd3eed20001535827,goods_seller,76636,2378,2772,107,11489.64,149.9248395010178,3.10298032256381,0.676176,0.901645,49.57783126831055,高,B,0.093907,中,低,中,中,0.04988489393144846,0.09090909090909091,正常,2,832.0,67803,34,B6,稳定期,http://sns-img-qn.xhscdn.com/1040g2sg32016o7bt56e05nikfbu087h7deek35o?imageView2/2/w/540/format/jpg/q/75,1,0.94970703125,0.6130130396814825,0.5189748827020707,0.12787324423131002,0.41995372220495436,优秀,77
6a0d26e900000000070289b8,5a260bb077e3082948679c69,养瑞和旗舰店,6711d47f56c6a60001c93d89,goods_seller,128481,6574,1407,229,18970.57,147.65272686233763,5.11670986371526,0.681038,0.886827,24.458223342895508,中,B,0.071629,中,中,高,中,0.05280416825729789,0.07575757575757576,正常,2,581.0,22958,25,B6,稳定期,http://sns-img-qn.xhscdn.com/1040g2sg320c9pfdk6e7045hegc4vila496lgrqo?imageView2/2/w/540/format/jpg/q/75,1,0.3623046875,0.4366813196572088,0.48701952251972236,0.41394698281603837,0.44588260833098986,优秀,78
6a12d7f40000000006022480,664c7e7d00444d00011671f1,畄焙的店,68f43d744272610001fdf256,goods_seller,80644,11158,6366,70,11801.1,146.3357472347602,13.83611924011706,0.704376,0.924143,81.51390075683594,高,B,0.44188,中,中,中,中,,,正常,4,462.0,41459,21,B4,稳定期,http://sns-img-qn.xhscdn.com/notes_pre_post/1040g3k0320i2vh53me5g5pi1fpu0u3h36sncs00?imageView2/2/w/540/format/jpg/q/75,2,0.8359375,0.9389458727409973,0.35133134999925997,0.01087133490223939,0.4337161858808322,优秀,79
6a030e18000000003502e120,6108aea4f1dc3b0001596c73,白房子咖啡的店,6867694f5b41e80001fa38a6,goods_seller,159120,9990,4776,153,23180.559999999998,145.67973856209147,6.27828054298643,0.668312,0.902643,54.67173767089844,高,B,0.066643,中,中,中,中,0.041736928602823846,0.0,正常,4,736.0,142601,31,B6,稳定期,http://sns-img-qn.xhscdn.com/1040g0083202l87rc54004a7jurmgggu5pbmf100?imageView2/2/w/540/format/jpg/q/75,1,0.9453125,0.6259639151606649,0.5731909477080651,0.10011396770421681,0.43308961019098224,优秀,80
6a10402000000000060342a3,63870c8280e375000165b9c9,漩涡嘴里的店,675a7518eb35d70001ea4e36,goods_seller,122886,2446,2046,40,17865.489999999998,145.38263105642625,1.99046270527155,0.695151,0.732874,33.82542037963867,中,B,0.099034,中,低,中,低,,,正常,2,675.0,570094,23,B5,稳定期,http://sns-img-qn.xhscdn.com/spectrum/1040g0k0320fhu6fs6k0040kr5gv8c8qjlf057q0?imageView2/2/w/540/format/jpg/q/75,2,0.9384765625,0.012262628953717271,0.4022615928836789,0.2961014164557524,0.23687521276438286,优秀,81
6a29f5e8000000003501f5f4,6108aea4f1dc3b0001596c73,白房子咖啡的店,69fbcd7f213e270001fb1c1a,goods_seller,79712,4811,3033,54,11560.900000000001,145.03337013247693,6.03547771979125,0.659897,0.906986,54.67173767089844,高,B,0.088925,中,中,高,中,,,正常,4,220.0,142601,3,B6,稳定期,http://sns-img-qn.xhscdn.com/notes_pre_post/1040g3k83218lg9766s704a7jurmgggu5huaijng?imageView2/2/w/540/format/jpg/q/75,0,0.95703125,0.6863001938931071,0.632357947397244,0.10011396770421681,0.47292403633152263,优秀,82
69f88e14000000003701ecf4,64eee4696f2e59000190f559,蔡澜花花世界旗舰店,67e3ea38585fab00012047e3,goods_seller,99589,9191,2210,40,14246.66,143.0545542178353,9.22893090602376,0.673712,0.814191,5.925756454467773,中,B,0.06525,中,中,高,中,,,正常,2,424.0,95188,40,B5,稳定期,http://sns-img-qn.xhscdn.com/notes_pre_post/1040g3k83216b7f7enk705nhrkdr08024heteedo?imageView2/2/w/540/format/jpg/q/75,1,0.96044921875,0.07467844826310259,0.5362698518419845,0.6679099507126681,0.42628608360591835,优秀,83
69eb090f0000000011023001,64f57047a5c63e000149558c,新疆尼勒克黑蜂蜂蜜的店,6976f1a53d52b20001b67c6e,goods_seller,74249,2407,932,77,10620.86,143.04381203787256,3.24179450228286,0.66375,0.904181,49.57783126831055,高,B,0.108485,中,中,中,中,,,正常,2,574.0,67803,51,B6,稳定期,http://sns-img-qn.xhscdn.com/1040g00831vb6ipnmhu005nikfbu087h7l6jjtv0?imageView2/2/w/540/format/jpg/q/75,2,0.9580078125,0.6460858754051774,0.6050353003863062,0.12787324423131002,0.4596648066742645,优秀,84
6a0c33aa000000000702b46a,62b98b750d601800010dc853,酒云网的店,6a0aa77add034c000126a0bd,goods_seller,77989,3964,845,45,11139.21,142.8305273820667,5.08276808267833,0.7095,0.824272,48.76265335083008,高,B,0.065473,中,中,高,中,0.047909507734908,0.05555555555555555,正常,2,343.0,21152,26,B4,稳定期,http://sns-img-qn.xhscdn.com/spectrum/1040g34o320bj06n85e104a5r7q3qe88qt26pmgo?imageView2/2/w/540/format/jpg/q/75,2,0.9404296875,0.09400855497831653,0.32401610348859583,0.13472610748486596,0.18425025531725944,优秀,85
66fcfb20000000002c015127,64efffc800efc800012a9aa2,祖祖的巧克力宇宙的店,66c20f1481699f000111ffc8,goods_seller,112095,18418,4319,419,15965.72,142.43026004728134,16.43070609750658,0.668214,0.860986,86.23174285888672,高,B,0.051945,中,中,高,中,,,正常,2,326363.0,31091,620,B3,稳定期,http://sns-img-qn.xhscdn.com/1040g2sg318ensoulk6704b8f1lss1qk3c37gvbg?imageView2/2/w/540/format/jpg/q/75,2,0.95703125,0.22869765996181343,0.5739457987359946,0.005609579207554431,0.2694176793017875,优秀,86
69e341b000000000230251a6,65e57cddbf7fb600014b21bf,阿莹麦茶的店,67f5e46e04afe30001b3cda8,goods_seller,85469,2215,2087,161,12151.189999999999,142.1707285682528,2.59158291310300,0.717728,0.891134,46.373329162597656,中,B,0.04637,中,中,中,中,,,正常,4,707.0,101410,57,B6,稳定期,http://sns-img-qn.xhscdn.com/1040g2sg31v3jv1qs1ue05ova9gt9gui6ni3008g?imageView2/2/w/540/format/jpg/q/75,1,0.919921875,0.483689297396504,0.28337255598478456,0.15430783120938976,0.30712322819689275,优秀,87
6a0fd67e00000000060356d6,63698ec6f3e1aa0001e6318f,张大旺养生局的店,6561ad981996a5000130ec51,goods_seller,279742,8044,8467,720,39619.840000000004,141.62993043590168,2.87550671690343,0.721091,0.850776,28.79741859436035,中,B,0.066611,中,中,中,中,0.06611457467079163,0.08333333333333333,正常,2,1138.0,58733,23,B5,稳定期,http://sns-img-qn.xhscdn.com/1040g2sg320f4u5rjlse04a2vsolkhbcd8dg4088?imageView2/2/w/540/format/jpg/q/75,2,0.95166015625,0.17750099906753697,0.2665586193626689,0.3577475837366606,0.2672690673889555,优秀,88
6a16a1a300000000360316f5,5a260bb077e3082948679c69,养瑞和旗舰店,6711d47f56c6a60001c93d89,goods_seller,116294,4743,1459,177,16314.48,140.28651521144684,4.07845632620771,0.674989,0.851776,12.294636726379395,中,B,0.095485,中,低,中,中,0.15711651494105658,0.0,正常,2,349.0,82468,17,B6,稳定期,http://sns-img-qn.xhscdn.com/spectrum/1040g0k0320lpejtble0g49vlj8q8n2guk6fhks0?imageView2/2/w/540/format/jpg/q/75,1,0.59716796875,0.18202270473484009,0.527078430501902,0.584284297618519,0.4311284776184203,优秀,89
693beda0000000001e035f2c,637f253e12def30001a8fffb,颐之宜养生的店,6380cc11075d9b0001ff5a84,goods_seller,118815,14146,1331,126,16497.879999999997,138.8535117619829,11.90590413668308,0.815863,0.903529,8.746932983398438,中,B,0.123292,中,中,中,中,,,正常,2,4532.0,5798,184,B6,稳定期,http://sns-img-qn.xhscdn.com/spectrum/1040g0k031q06u1hh70005pcbgb08ijvcburshc8?imageView2/2/w/540/format/jpg/q/75,2,0.046051025390625,0.6375160960880956,0.017376374642925862,0.6296197622959312,0.42817074434231756,优秀,90
6a269b830000000008000bca,666ffe684a94500001b00993,小酥小生活的店,66717d99c19f1f0001b002f6,goods_seller,140913,7433,2866,324,19379.249999999993,137.52634604330325,5.27488592251957,0.746186,0.899636,81.93533325195312,高,B,0.071031,中,低,中,低,0.050465076812542975,0.0,正常,4,436.0,50439,6,B3,稳定期,http://sns-img-qn.xhscdn.com/1040g2sg3215cm80f7oe047aikmplqtkki0ti8l8?imageView2/2/w/540/format/jpg/q/75,1,0.93017578125,0.5870002812190104,0.16198955049361335,0.010205289877595726,0.25306504053007317,优秀,91
69de34c9000000001a026be6,613197daad6c8000017134c8,安安助农的店,69ddb2196932b70001a3104b,goods_seller,129444,7884,3080,109,17753.24,137.1499644633973,6.09066468897747,0.687132,0.910146,43.782318115234375,中,B,0.060025,中,中,中,中,,,正常,4,3129.0,18467,61,B4,稳定期,http://sns-img-qn.xhscdn.com/1040g2sg31v4oh73tiag05n9q7k14biajb6r84r8?imageView2/2/w/540/format/jpg/q/75,1,0.95947265625,0.7352101002027737,0.44895134911119994,0.17640572502701182,0.4535223914469952,优秀,92
6a0309710000000036033086,66de9b426283a200162e969d,韩要强现烤坚果的店,69fc5fb998ac430001f642f6,goods_seller,235358,8246,4622,618,31970.35,135.8371077252526,3.50359877293315,0.714331,0.869714,45.658180236816406,中,B,0.063826,中,低,中,中,0.05255910867091381,0.06060606060606061,正常,4,1044.0,56069,33,B6,稳定期,http://sns-img-qn.xhscdn.com/1040g0083202h0d40iilg5nfo2etg82c7cv0ievo?imageView2/2/w/540/format/jpg/q/75,2,0.93603515625,0.2860589375841807,0.29921702707103,0.16204875449580391,0.24910823971700488,优秀,93
6a0ec72e0000000008025599,5a260bb077e3082948679c69,养瑞和旗舰店,6711d47f56c6a60001c93d89,goods_seller,77397,1540,846,125,10512.38,135.82412755016344,1.98974120443945,0.694143,0.894221,24.458223342895508,中,B,0.071558,中,中,高,中,,,正常,2,241.0,22958,23,B6,稳定期,http://sns-img-qn.xhscdn.com/1040g008320e384srls0g45hegc4vila4m423deo?imageView2/2/w/540/format/jpg/q/75,2,0.53076171875,0.5204623832571081,0.408048784097805,0.41394698281603837,0.4474860500569838,优秀,94
6a11579b00000000350337c7,6108aea4f1dc3b0001596c73,白房子咖啡的店,6751a049dda0580001ff8204,goods_seller,78275,4289,2813,245,10578.609999999999,135.14672628553174,5.47939955285851,0.67017,0.906986,54.67173767089844,高,B,0.111721,中,中,中,中,,,正常,4,83.0,142601,22,B6,稳定期,http://sns-img-qn.xhscdn.com/1040g2sg320gk45vomof04a7jurmgggu50f688k0?imageView2/2/w/540/format/jpg/q/75,0,0.8671875,0.6863001938931071,0.5602770747302518,0.10011396770421681,0.4488970787758586,优秀,95
6927924b000000001e003b7e,64fed9b6ae36980001e13d02,秋极晟禾晶有稻五常大米稻花香二号专卖店,64fff55813d99800015c5b26,goods_seller,79356,11752,3034,145,10720.15,135.0893442209789,14.80921417410152,0.749069,0.928651,32.578914642333984,中,B,0.132916,中,低,中,低,,,正常,2,2349.0,5770,199,B3,稳定期,http://sns-img-qn.xhscdn.com/note_pre_post_uhdr/1040g3r831vvjaq82hm8g5opdkiiosi99igp0r60?imageView2/2/w/540/format/jpg/q/75,1,0.71337890625,0.9741278510427305,0.151525243106434,0.3122863105545935,0.47931313490125266,优秀,96
69f88807000000002301654e,6350c072814e2d00019e44f0,侍酒猫SommCat的店,6831846842360a0001a55c29,goods_seller,94371,3027,887,50,12705.07,134.62896440643843,3.20755316781638,0.673606,0.705433,36.92054748535156,中,B,0.095665,中,中,高,中,,,正常,2,354.0,30282,41,B6,稳定期,http://sns-img-qn.xhscdn.com/notes_pre_post/1040g3k031voclib7jq1g5o9s23pgk9ekias5dl8?imageView2/2/w/540/format/jpg/q/75,2,0.958984375,0.007311694270532688,0.5371505113745689,0.2643014667791543,0.2695878908080853,优秀,97
691ad4d5000000001b021b5d,64356d6cd485a10001eb8214,馒头超人supermantou的店,691ab72260f59700016d9015,goods_seller,77865,1140,4888,279,10481.81,134.61516727669684,1.46407243305721,0.690883,0.89906,65.98278045654297,高,B,0.050715,中,中,高,中,0.054764966394276346,0.22026431718061673,正常,2,29685.0,101487,208,B4,稳定期,http://sns-img-qn.xhscdn.com/spectrum/1040g0k031ovsj3tjh4005o22cpt097ghf3j2958?imageView2/2/w/540/format/jpg/q/75,1,0.94970703125,0.5798143954531326,0.4261652087681127,0.040414131995322886,0.3487979120721894,优秀,98
69f6f6720000000038022d5a,6278fb55b1999c0001ecbf50,Patchi旗舰店,6285b1a6c7759600013429de,goods_seller,108043,2991,1095,94,14309.740000000002,132.44485991688495,2.76834223411049,0.675365,0.834024,7.594381332397461,中,B,0.225208,中,低,中,中,,,正常,2,694.0,96008,42,B5,稳定期,http://sns-img-qn.xhscdn.com/1040g2sg31vmpm1qbiqgg5ohgcb6od0u6010r3j0?imageView2/2/w/540/format/jpg/q/75,2,0.96044921875,0.11882243239643,0.5243772479019582,0.6450054023651999,0.429401694221196,优秀,99
68e5d4da0000000003011785,668f6d3cebc29500014b5612,山农野生.阿玮的店的店,66ba1b15a7c5830001307ba1,goods_seller,102831,11761,1666,64,13487.910000000002,131.16579630656128,11.43721251373613,0.797564,0.924495,24.285871505737305,中,B,0.174431,中,低,中,中,,,正常,2,3261.0,13064,249,B3,稳定期,http://sns-img-qn.xhscdn.com/1040g00831nc4f87jli005pfaaan19qulco1607g?imageView2/2/w/540/format/jpg/q/75,2,0.9375,0.942668324378728,0.03650666785074671,0.41638174740612466,0.46518557987853315,优秀,100
6a073e1e000000003503392f,6108aea4f1dc3b0001596c73,白房子咖啡的店,69fbcd7f213e270001fb1c1a,goods_seller,136471,7313,3258,92,17593.41,128.9168394750533,5.35864762477010,0.66807,0.902643,54.67173767089844,高,B,0.081878,中,中,中,中,,,正常,4,212.0,142601,29,B6,稳定期,http://sns-img-qn.xhscdn.com/notes_pre_post/1040g3k03206oe92mli3g4a7jurmgggu5scsh1ro?imageView2/2/w/540/format/jpg/q/75,1,0.958984375,0.6259639151606649,0.5748634607699481,0.10011396770421681,0.43364711454494326,优秀,101
69785dab000000001a025256,675292995fdbcb001544e072,严开复滋补品批发行的店,67544697317fb100016034c5,goods_seller,97462,9660,1458,42,12413.01,127.36256181896535,9.91155527282428,0.765646,0.875333,-12.171263694763184,中,B,0.083926,中,低,中,中,,,正常,2,1940.0,10535,138,B3,稳定期,http://sns-img-qn.xhscdn.com/notes_pre_post/1040g3k831rr7heam2s705pqfqnp7dket48iv3l8?imageView2/2/w/540/format/jpg/q/75,2,0.95947265625,0.3296848866983408,0.09992155469709753,0.8468170448322306,0.42547449540922294,优秀,102
6a0db3970000000008031200,66c70bb6777979001546350d,三兔船长的店,69d30ced069e7b0001e5deff,goods_seller,112190,3719,2049,186,14135.739999999998,125.99821730992065,3.31491220251359,0.683014,0.915934,47.17761993408203,中,B,0.07772,中,低,高,中,0.042932407620052494,0.0,正常,4,259.0,6159,25,B5,稳定期,http://sns-img-qn.xhscdn.com/1040g008320d1vtdome004aidmlijiq9pe0gqgb0?imageView2/2/w/540/format/jpg/q/75,1,0.95361328125,0.8267986915915516,0.47443127155395703,0.14919408552018115,0.48347468288856327,优秀,103
69e2e1f70000000022026d95,67d38eb29f157e00150e8a3c,Cheese More的店,69ba5f56180bf40001b7165d,goods_seller,133556,7489,2499,196,16618.63,124.43192368744198,5.60738566593788,0.67092,0.884779,68.11554718017578,高,B,0.07529,中,低,高,中,,,正常,4,1826.0,7626,57,B4,稳定期,http://sns-img-qn.xhscdn.com/1040g2sg31v374maojqs04btk3raq6jpjbg7aq90?imageView2/2/w/540/format/jpg/q/75,2,0.9580078125,0.415634296878469,0.5551041250388526,0.03469354528366118,0.3351439890669943,优秀,104
6960e3d1000000001a0276e9,65098134f13b150001070dcf,修哲 SHOWZE的店,67c144ff4a593600016d9a59,goods_seller,150974,5325,3708,197,18705.529999999995,123.89901572456182,3.52709738100600,0.707235,0.914767,65.80403900146484,高,B,0.253954,中,中,中,中,,,正常,2,1028.0,36385,156,B4,稳定期,http://sns-img-qn.xhscdn.com/1040g2sg31r49rh4n0a704a1fs4pqal4ihs4l5n8?imageView2/2/w/540/format/jpg/q/75,0,0.72412109375,0.8080976273996122,0.3357976999245149,0.041487204535026564,0.39512751061971785,优秀,105
6a2216370000000035030a94,6108aea4f1dc3b0001596c73,白房子咖啡的店,6801b4e58c73e20001170224,goods_seller,173153,11685,4975,117,21324.059999999998,123.15154805287807,6.74836705110509,0.665041,0.907494,54.67173767089844,高,B,0.116084,中,中,中,中,0.039094104121128716,0.0,正常,4,635.0,142601,9,B6,稳定期,http://sns-img-qn.xhscdn.com/notes_pre_post/1040g3k83210vdrne6s704a7jurmgggu587qame0?imageView2/2/w/540/format/jpg/q/75,1,0.96044921875,0.6940485176797951,0.5960436925536167,0.10011396770421681,0.4634020593125429,优秀,106
69709105000000002103f890,625d1f86220cd40001b6456a,茶东鸽云南古树茶的店,693e7ba08b11d10001a53850,goods_seller,154946,10882,3120,183,18743.289999999997,120.966594813677,7.02309191589328,0.700604,0.920075,66.24657440185547,高,B,0.058895,中,中,高,中,,,正常,2,2748.0,20936,144,B4,稳定期,http://sns-img-qn.xhscdn.com/1040g2sg31rjjpsvn2ss05od9s1mk0of4df2fa0g?imageView2/2/w/540/format/jpg/q/75,2,0.63232421875,0.8890220978938176,0.37200094726403504,0.03964447996684576,0.4335558417082328,优秀,107
69fea19f000000003603005e,613197daad6c8000017134c8,安安助农的店,666417f71f01820001442960,goods_seller,115606,4421,1907,91,13843.9,119.75070498071034,3.82419597598741,0.70132,0.895899,43.782318115234375,中,B,0.064906,中,中,中,中,,,正常,4,617.0,18467,36,B4,稳定期,http://sns-img-qn.xhscdn.com/1040g00831vuav76q2a005n9q7k14biaj1ongktg?imageView2/2/w/540/format/jpg/q/75,1,0.9482421875,0.540939567514764,0.3679380726137087,0.17640572502701182,0.36176112171849484,优秀,108
6a0db0e4000000003701c97c,66de9b426283a200162e969d,韩要强现烤坚果的店,675cfb14b9eb7500010b2ab9,goods_seller,242758,8710,6484,539,29039.569999999992,119.6235345488099,3.58793531006187,0.702921,0.887088,45.658180236816406,中,B,0.16472,中,低,中,中,0.05091322329444963,0.14754098360655737,正常,4,651.0,56069,25,B6,稳定期,http://sns-img-qn.xhscdn.com/1040g008320d20khi68005nfo2etg82c7njeu8n8?imageView2/2/w/540/format/jpg/q/75,1,0.958984375,0.43944910675961696,0.3592572857925196,0.16204875449580391,0.3202517156826468,优秀,109
6a0420ee000000000803fd87,64fef5d1c0583a000132014e,保罗厨房PAUL BAKERY的店,6a041d0a0283e20001c463b3,goods_seller,123013,8996,2396,158,14477.779999999999,117.69308934828025,7.31304821441636,0.741267,0.904959,56.652626037597656,高,B,0.059275,中,中,高,中,,,正常,2,469.0,238015,32,B4,稳定期,http://sns-img-qn.xhscdn.com/spectrum/1040g0k03203n1oebk800449ppmvuvvb646rfo3o?imageView2/2/w/540/format/jpg/q/75,1,0.9384765625,0.6572828323194648,0.18005417166200435,0.08593460917958054,0.30775720438701654,优秀,110
6a1d8ba9000000003601fc6b,66de9b426283a200162e969d,韩要强现烤坚果的店,66dee783f63d3900013b7837,goods_seller,137722,3648,2718,324,16090.37,116.83224176239091,2.64881427803837,0.728278,0.83191,45.658180236816406,中,B,0.070957,中,低,中,中,,,正常,4,385.0,56069,13,B6,稳定期,http://sns-img-qn.xhscdn.com/1040g2sg320shgjnp7ee05nfo2etg82c73hj54s0?imageView2/2/w/540/format/jpg/q/75,2,0.9482421875,0.11304264168257774,0.23359679114308127,0.16204875449580391,0.1695627291071543,优秀,111
6a0d746d000000003701ce99,613197daad6c8000017134c8,安安助农的店,69ddb2196932b70001a3104b,goods_seller,133563,5591,2348,99,15591.230000000001,116.73315214542951,4.18603954688050,0.695111,0.90471,43.782318115234375,中,B,0.069315,中,中,高,中,,,正常,4,617.0,18467,25,B4,稳定期,http://sns-img-qn.xhscdn.com/1040g2sg320cp7ct8ls705n9q7k14biaj8qhvll0?imageView2/2/w/540/format/jpg/q/75,1,0.95947265625,0.6535899826828293,0.4024466053905244,0.17640572502701182,0.41081410436678856,优秀,112
68a2e404000000001d02420d,5b44089b77e30844919a83fa,袋鼠先生旗舰店,668e371c42add60001c5ccbd,goods_seller,286669,20196,6522,378,33215.369999999995,115.86662666699223,7.04505893556680,0.683315,0.724571,-15.346768379211426,中,B,0.052295,中,低,高,中,0.04808902235267914,0.0273972602739726,正常,2,3602.0,56129,300,B6,稳定期,http://sns-img-qn.xhscdn.com/notes_pre_post/1040g3k031laoafo3li504atrhrc9ncd15led84o?imageView2/2/w/540/format/jpg/q/75,1,0.95947265625,0.010419904385536463,0.47243313648002605,0.8696475881769608,0.4508335430141744,优秀,113
6a0e6bac0000000036001136,660b7e32a57f580001875455,丹溯的店,69f7390c43360b0001b789e1,goods_seller,162896,10324,2931,216,18657.32,114.53516353992731,6.33778607209508,0.798991,0.862452,8.673771858215332,中,B,0.33195,中,中,中,中,,,正常,2,1959.0,5919,24,B3,稳定期,http://sns-img-qn.xhscdn.com/1040g008320dosda3mk005p5fhb7k80vsqe2321o?imageView2/2/w/540/format/jpg/q/75,2,0.09405517578125,0.23747465328656217,0.03467134378283972,0.6308334443408374,0.30099314713674646,优秀,114
689dadef000000001c0130b5,65e6a890f0b53500010ee7c6,茯苓硕士返乡创业记的店,65ea8ab4f86a630001430fb6,goods_seller,121198,7470,3547,312,13620.490000000002,112.3821350187297,6.16346804402713,0.724944,0.87119,80.4247055053711,高,B,0.258022,,,,,,,正常,2,3178.0,33493,304,B4,稳定期,http://sns-img-qn.xhscdn.com/1040g00831l5llrr1io005ohf08940nkd1ug3770?imageView2/2/w/540/format/jpg/q/75,2,0.66259765625,0.29701167798943207,0.24867161020084957,0.012499444962479464,0.18606091105092037,优秀,115
69e090ea0000000021039a00,61f3ab756ca09d0001cde0b1,老谷头旗舰店,65f406201f3db0000150bbcb,goods_seller,101628,7316,1085,116,11304.999999999998,111.23902861416143,7.19880347935608,0.731262,0.879237,18.380290985107422,中,B,0.062857,中,中,高,中,,,正常,2,556.0,149787,59,B4,稳定期,http://sns-img-qn.xhscdn.com/spectrum/1040g0k031v0v6autis005nj5stig9ccg59okvqo?imageView2/2/w/540/format/jpg/q/75,2,0.61669921875,0.3639418024658467,0.22056451016088688,0.49602593135295947,0.3601774146598977,优秀,116
68c7767c000000001d02e638,62cfbf9670b5830001e74312,劲家庄食品旗舰店,6861fff28b7d6f0001642b59,goods_seller,95859,8067,471,56,10643.49,111.03276687634964,8.41548524395205,0.693413,0.904475,25.13127326965332,中,B,0.102052,中,低,中,低,,0.15873015873015872,正常,2,1865.0,15595,272,B3,稳定期,http://sns-img-qn.xhscdn.com/spectrum/1040g0k031mefdfr94q005nujcaa09a2umk48fa0?imageView2/2/w/540/format/jpg/q/75,1,0.9560546875,0.6502227550582419,0.4118452407382739,0.40586563651702856,0.48931121077118145,优秀,117
69f183be0000000037036d60,66de9b426283a200162e969d,韩要强现烤坚果的店,67bda37af2389c0001a60e91,goods_seller,166944,5775,3044,388,18263.020000000004,109.39608491470196,3.45924381828637,0.717989,0.897145,45.658180236816406,中,B,0.089313,中,中,中,中,,,正常,4,1378.0,56069,46,B6,稳定期,http://sns-img-qn.xhscdn.com/1040g2sg31vhelscn2qe05nfo2etg82c72aoveqg?imageView2/2/w/540/format/jpg/q/75,2,0.93603515625,0.5565472225922472,0.2818332519278303,0.16204875449580391,0.33347640967196046,优秀,118
69ebb3f800000000360018bc,6108aea4f1dc3b0001596c73,白房子咖啡的店,692c3327137a3b0001593f71,goods_seller,152959,11981,4334,128,16673.18,109.0042429670696,7.83281794467799,0.659318,0.907494,54.67173767089844,高,B,0.115394,中,中,中,中,0.052088679373264314,0.0,正常,4,967.0,142601,50,B6,稳定期,http://sns-img-qn.xhscdn.com/1040g2sg31vbrtoo41me04a7jurmgggu5m6082c8?imageView2/2/w/540/format/jpg/q/75,1,0.955078125,0.6940485176797951,0.6362062075396296,0.10011396770421681,0.47678956430788055,优秀,119
67cbfff8000000001201e527,5b44089b77e30844919a83fa,袋鼠先生旗舰店,668e371c42add60001c5ccbd,goods_seller,128969,8713,2843,148,14046.550000000001,108.91415766579567,6.75588707363785,0.703503,0.759443,-15.346768379211426,中,B,0.050708,中,低,高,中,,,正常,2,7389.0,56129,462,B6,稳定期,http://sns-img-qn.xhscdn.com/1040g2sg31enlmgaumicg4atrhrc9ncd1qgbdtm0?imageView2/2/w/540/format/jpg/q/75,1,0.95947265625,0.021298639788049672,0.35618607817888487,0.8696475881769608,0.41571076871463175,优秀,120
680373d6000000001c02d32f,64eb138672d55e0001dd9fca,茯苓王子农产品的店,658b760f18def200014a6083,goods_seller,93214,6185,1563,95,10048.85,107.80408522324973,6.63526938013603,0.712138,0.909586,83.8397445678711,高,B,0.102588,中,中,高,中,,,正常,2,15767.0,58743,421,B4,稳定期,http://sns-img-qn.xhscdn.com/spectrum/1040g34o31gf23i7rk20g49msr80bhl6ps1eguno?imageView2/2/w/540/format/jpg/q/75,1,0.233154296875,0.7261740893684413,0.3106137974927105,0.00785193079052144,0.34821327255055773,优秀,121
69c22487000000002302278d,5c274148eb90b93684d73b21,极盏旗舰店,69b9222423faf800010b9734,goods_seller,161602,13933,2141,235,17309.969999999998,107.1148253115679,8.62179923515798,0.649561,0.81453,27.186037063598633,中,B,0.045446,中,中,高,中,,,正常,2,1267.0,26567,82,B4,稳定期,http://sns-img-qn.xhscdn.com/spectrum/1040g0k031u396eem1s005n354rik9iavvkqic1o?imageView2/2/w/540/format/jpg/q/75,2,0.9482421875,0.07514467978035315,0.7065923656439175,0.37428770184864496,0.38534158242430516,优秀,122
69da2ef5000000001a021df3,6359438dde29ee0001b33d5a,闪光少女的店,69c1e619d95b5a0001f7d001,goods_seller,196905,12675,7892,528,21031.409999999996,106.80993372438483,6.43711434448084,0.670472,0.875354,35.54449462890625,中,B,0.070741,中,低,中,低,,,正常,4,1573.0,9824,64,B4,稳定期,http://sns-img-qn.xhscdn.com/1040g00831uqof898jq005nr6pkm088j78p4v0no?imageView2/2/w/540/format/jpg/q/75,1,0.9150390625,0.32984769770436484,0.5582197356541302,0.27800719328626616,0.3886915422149204,优秀,123
6a0d7edc000000003501ee4e,637df39580e3750001657093,胡子叔的餐盘的店,6a0ac4083c8e6e00017fc080,goods_seller,157752,8795,3173,216,16622.74,105.37261017292967,5.57520665348141,0.735658,0.860361,16.59491729736328,中,B,0.103321,中,低,中,中,,,正常,4,867.0,105995,25,B5,稳定期,http://sns-img-qn.xhscdn.com/spectrum/1040g34o320crvbioli105n7ieo2lnifg6b2lvtg?imageView2/2/w/540/format/jpg/q/75,2,0.9580078125,0.22530083033613071,0.20184864496839985,0.5215206547962642,0.3162233767002649,优秀,124
69e6fd480000000023021c2a,6108aea4f1dc3b0001596c73,白房子咖啡的店,692c249b2aa9d00001199715,goods_seller,270186,16461,5681,214,28317.71,104.80820619869276,6.09246963203127,0.66465,0.904806,54.67173767089844,高,B,0.118942,中,中,高,中,,,正常,2,3112.0,142601,54,B6,稳定期,http://sns-img-qn.xhscdn.com/notes_pre_post/1040g3k831v6mda2kis904a7jurmgggu5ar0sgno?imageView2/2/w/540/format/jpg/q/75,1,0.95263671875,0.6552402942438909,0.598759676154108,0.10011396770421681,0.45137131270073855,优秀,125
69fabbe1000000003601d548,6278fb55b1999c0001ecbf50,Patchi旗舰店,69f1ba68fda9a40001acf829,goods_seller,194799,6540,1931,121,20280.79,104.11136607477451,3.35730676235504,0.670142,0.736495,7.594381332397461,中,B,0.053312,中,中,高,中,,,正常,2,379.0,96008,39,B5,稳定期,http://sns-img-qn.xhscdn.com/notes_pre_post/1040g3k031vplvoqrjq205ohgcb6od0u6t4qaah8?imageView2/2/w/540/format/jpg/q/75,2,0.96044921875,0.013106285984932582,0.5604398857362758,0.6450054023651999,0.4061838580288028,优秀,126
69c539f70000000023005187,63243b8f93f5a6000196bdf3,皮皮滴的宝藏茶的店,65e33c4a735ada000188fd2e,goods_seller,128496,1404,3009,207,13220.76,102.88849458348898,1.09264101606276,0.697507,0.924219,55.99430465698242,高,B,0.086367,中,中,中,中,,,正常,2,2409.0,59034,80,B5,稳定期,http://sns-img-qn.xhscdn.com/1040g00831u69a232ioe05ohulic8c9mt51hk8a8?imageView2/2/w/540/format/jpg/q/75,1,0.95947265625,0.9397007237689268,0.3889776948921747,0.09005668783209744,0.4729117021643996,优秀,127
69fafa460000000036018c53,66de9b426283a200162e969d,韩要强现烤坚果的店,68286dca8ee7ed0001993a1b,goods_seller,301208,10387,7362,724,30834.839999999997,102.37058776659318,3.44844758439351,0.651459,0.897457,45.658180236816406,中,B,0.09799,中,中,中,中,,,正常,4,2496.0,56069,39,B6,稳定期,http://sns-img-qn.xhscdn.com/1040g2sg31vqii3d0iha05nfo2etg82c771118b8?imageView2/2/w/540/format/jpg/q/75,2,0.95263671875,0.5600846617231325,0.693241863149949,0.16204875449580391,0.47179175978962845,优秀,128
69819ecc000000001a032ba9,5c274148eb90b93684d73b21,极盏旗舰店,665839e8a29a700001a3ec7c,goods_seller,98562,10403,825,92,10062.49,102.09299730119113,10.55477770337453,0.72225,0.887784,27.186037063598633,中,B,0.063882,中,中,高,中,,,正常,2,1706.0,26567,131,B4,稳定期,http://sns-img-qn.xhscdn.com/spectrum/1040g34o31s48rabqlc0g5n354rik9iav0fluego?imageView2/2/w/540/format/jpg/q/75,1,0.302001953125,0.44725663454849546,0.26101564465757887,0.37428770184864496,0.36085332701823974,优秀,129
69f5c2e8000000003601b2f1,66de9b426283a200162e969d,韩要强现烤坚果的店,675923717f06b00001c57142,goods_seller,112924,5451,2888,299,11524.329999999998,102.0538592327583,4.82714037759909,0.669033,0.85999,45.658180236816406,中,B,0.108328,中,中,中,中,,,正常,4,641.0,56069,43,B6,稳定期,http://sns-img-qn.xhscdn.com/1040g00831vlm6mdjia005nfo2etg82c7u3htup0?imageView2/2/w/540/format/jpg/q/75,2,0.95068359375,0.22322128975918773,0.5683066175273449,0.16204875449580391,0.3178588872607789,优秀,130
690223640000000007023c84,639329ca56dbde0001e02879,黔味香土特产的店,650278cc21e2da00013742d4,goods_seller,190370,24477,4270,964,19194.239999999998,100.82597047854176,12.85759310815780,0.732946,0.893063,19.61186408996582,中,B,0.056009,中,低,中,中,,,正常,2,7892.0,17677,228,B4,稳定期,http://sns-img-qn.xhscdn.com/notes_pre_post/1040g3k831o7outjnkq805nf4n59g91qg3r5a1vg?imageView2/2/w/540/format/jpg/q/75,1,0.9482421875,0.5066752512469843,0.21334902239391382,0.4793600047363202,0.3997947594590728,优秀,131
6a0d8048000000003701dcd3,66de9b426283a200162e969d,韩要强现烤坚果的店,69fc5fb998ac430001f642f6,goods_seller,307136,18690,6729,581,30945.97000000001,100.7565703792457,6.08525213586164,0.755032,0.903367,45.658180236816406,中,B,0.149267,中,中,中,中,0.06788141029525777,0.061224489795918366,正常,2,1625.0,56069,25,B6,稳定期,http://sns-img-qn.xhscdn.com/1040g2sg320coerjp5ssg5nfo2etg82c7qd41eq8?imageView2/2/w/540/format/jpg/q/75,1,0.9140625,0.6354069535100573,0.13192131788108877,0.16204875449580391,0.30979234196231664,优秀,132
6a0dc700000000003503067f,6108aea4f1dc3b0001596c73,白房子咖啡的店,692c3327137a3b0001593f71,goods_seller,324283,25376,9248,263,32649.449999999997,100.68196606050887,7.82526373568766,0.659929,0.904317,54.67173767089844,高,B,0.090788,中,中,高,中,,,正常,4,1110.0,142601,22,B6,稳定期,http://sns-img-qn.xhscdn.com/notes_pre_post/1040g3k8320d4llrk5kb04a7jurmgggu5l1gi048?imageView2/2/w/540/format/jpg/q/75,1,0.96044921875,0.6479952044758226,0.632158133889851,0.10011396770421681,0.46008910202329684,优秀,133
6a12bbca0000000036031e23,6678d55c0047b40001a41b9d,DailySeeds&Co种子世界的店,6a003719721fd30001fbc8e2,goods_seller,157267,16119,8708,251,15767.549999999996,100.25974934347317,10.24944839031710,0.666025,0.899029,76.61597442626953,高,B,0.089044,中,低,中,中,,,正常,4,2555.0,18256,21,B4,稳定期,http://sns-img-qn.xhscdn.com/1040g2sg320hunondlme05pfp9iu1hvael1a8ks8?imageView2/2/w/540/format/jpg/q/75,1,0.435791015625,0.5793999674377988,0.5891538267986915,0.017028551130056392,0.3951941151221822,优秀,134
6a1908d700000000380363b1,62cd4db84d694d000169c095,了不起的匠人的店,6490240031f0c000013ff200,goods_seller,235703,4996,5684,288,23620.21,100.21174953225034,2.11961663619046,0.733956,0.913349,47.26428985595703,中,B,0.402261,中,中,高,中,0.053592468984425067,0.175,正常,2,1333.0,1045317,16,B5,稳定期,http://sns-img-qn.xhscdn.com/spectrum/1040g34o320o4i00s5c105o5fk66gbgd0i7qdo98?imageView2/2/w/540/format/jpg/q/75,2,0.94482421875,0.7856445095688469,0.2091751402394802,0.14754377395911963,0.38078780792248224,优秀,135
68679712000000002203d5a2,610bb928ef24650001c28dae,橙路蛋糕TRUEONLY旗舰店,685be26f48753b0001e7ef5f,goods_seller,122888,8971,2177,33,12271.720000000001,99.8610116528872,7.30014321984246,0.650565,0.897222,59.090782165527344,高,B,0.500318,中,中,中,中,,,正常,2,11436.0,47147,345,B4,稳定期,http://sns-img-qn.xhscdn.com/spectrum/1040g34o31jgrbd0nii6g4a0ihh7idonvpl0ctuo?imageView2/2/w/540/format/jpg/q/75,1,0.93017578125,0.5573168746207243,0.699517487382147,0.07046756360729986,0.44243397520339034,优秀,136
6a21000f000000003601eaf7,60ddd879b4d8a200010fe351,小草与酒的店,66fa5c845bcbab00011ca9e6,goods_seller,227041,16038,1690,114,22482.38,99.02343629564704,7.06392237525381,0.747656,0.873497,-3.6863620281219482,中,B,0.22932,低,低,中,中,,,正常,2,437.0,220638,10,B4,稳定期,http://sns-img-qn.xhscdn.com/notes_pre_post/1040g3k8320vqqtbt7e704bpkfg4lo09bvka67go?imageView2/2/w/540/format/jpg/q/75,2,0.71826171875,0.3146396696416678,0.1564391752882495,0.7732782736112961,0.4147857061804044,优秀,137
69fc498700000000230069bf,659d244a60b4ac00010229ee,杯中兽小酒铺的店,6905c41e42726100016dc7e1,goods_seller,207761,23187,1532,76,20558.88,98.95447172472215,11.16041990556457,0.648742,0.849536,36.45841598510742,中,B,0.097541,中,中,中,中,,,正常,2,276.0,2610,38,B4,稳定期,http://sns-img-qn.xhscdn.com/notes_pre_post/1040g3k031vs1sf43jq605n6qr6qkniivdsgb5io?imageView2/2/w/540/format/jpg/q/75,1,0.03411865234375,0.172239243372852,0.712446161360508,0.26968903097849417,0.3847914785706181,优秀,138
69c11307000000001b0019a5,62b28d9a14b93b000180d481,林间盏旗舰店,69a7f11470850a0001a0fa79,goods_seller,108007,6821,1121,76,10644.08,98.54990880220727,6.31533141370467,0.814129,0.892398,-14.31854248046875,中,B,0.064986,中,低,中,中,,,正常,2,816.0,4762,83,B6,稳定期,http://sns-img-qn.xhscdn.com/spectrum/1040g0k031u27e7hb0s2g5o7nr910bnjfsi60a2o?imageView2/2/w/540/format/jpg/q/75,2,0.94970703125,0.4986605094504388,0.01871586519248701,0.8615366398768557,0.4596376715065939,优秀,139
6a0ed81000000000060350bc,67d38eb29f157e00150e8a3c,Cheese More的店,69ba5f56180bf40001b7165d,goods_seller,274134,14648,4503,299,26865.640000000003,98.00185310833389,5.34337221942554,0.664299,0.8937,68.11554718017578,高,B,0.061845,中,低,高,中,,,正常,4,1134.0,7626,24,B4,稳定期,http://sns-img-qn.xhscdn.com/notes_pre_post/1040g3k0320e5tol3ls5g4btk3raq6jpjvoccf7g?imageView2/2/w/540/format/jpg/q/75,1,0.95947265625,0.5141275550227196,0.6013350502493968,0.03469354528366118,0.3833853835185925,优秀,140
69bff8f7000000001a022069,6354a6f9de29ee0001b31aae,玉堂春旗舰店,690e183781ef5a00015a1086,goods_seller,128471,6720,2101,140,12588.819999999998,97.98958519821592,5.23075246553697,0.664854,0.884846,43.323890686035156,中,B,0.123479,中,中,中,中,,,正常,2,615.0,33076,84,B4,稳定期,http://sns-img-qn.xhscdn.com/notes_pre_post/1040g3k831u154aur6u8g5n5kl7bka41qqahd1e8?imageView2/2/w/540/format/jpg/q/75,2,0.07781982421875,0.41638174740612466,0.5973979841037255,0.18140846321211315,0.39839606490732105,优秀,141
6a03f608000000003701f080,64b3780c4177e5000111ae34,奶酪猴子Cheese Monkey的店,681f62279653670001f16812,goods_seller,128782,4252,1704,104,12513.340000000002,97.16684008634749,3.30170365423739,0.662309,0.860878,68.18297576904297,高,B,0.083165,中,低,中,中,,,正常,4,885.0,86977,32,B5,稳定期,http://sns-img-qn.xhscdn.com/1040g2sg3203hijqsiq705n44us0453rao8p9b0o?imageView2/2/w/540/format/jpg/q/75,2,0.195556640625,0.22811302044018175,0.6155366102748546,0.03387208975326732,0.29250724015610124,优秀,142
68b1a87f000000001b01ef38,68483c28ffc2df00153b1a06,小雪轻养日记的店,68aec5bff38f970001c5c9cd,goods_seller,126083,10535,2708,309,12151.4,96.37619663237709,8.35560702077203,0.768116,0.874277,-4.00130558013916,中,B,0.059524,中,低,中,中,,,正常,2,2825.0,6052,289,B3,稳定期,http://sns-img-qn.xhscdn.com/notes_pre_post/1040g3k831lp5pvoolm7g5opg9nj8v99c1vc7frg?imageView2/2/w/540/format/jpg/q/75,1,0.279296875,0.32118911238399717,0.09333510945339905,0.7765640957328716,0.39702943919008926,优秀,143
69fb50030000000035038419,634d6099b021a00001cdc08b,熊熊蜜园的店,6933f228127fb60001ed65d3,goods_seller,147701,6651,5943,242,14172.359999999999,95.95304026377613,4.50301622873237,0.778043,0.903993,33.68874740600586,中,B,0.07878,中,中,中,中,0.048522093892097475,0.04,正常,4,1405.0,27553,39,B4,稳定期,http://sns-img-qn.xhscdn.com/1040g2sg31vr3ii6v56e04b7sfmj3ismamhq34pg?imageView2/2/w/540/format/jpg/q/75,1,0.94482421875,0.6436437103148173,0.06968311057827509,0.29771472551544487,0.33701384880284574,优秀,144
69bd0f180000000023026fdf,684d77e5a0b1ce0015a9b287,向往一杯的店,69a4379fb235720001fb6845,goods_seller,107675,7594,3014,315,10314.29,95.79094497329928,7.05270489900163,0.718985,0.879904,-6.631027698516846,中,B,0.073719,中,中,高,中,,,正常,2,5906.0,9210,86,B5,稳定期,http://sns-img-qn.xhscdn.com/1040g2sg31ttsu9410ong5pvrh1a1jv4qb118uig?imageView2/2/w/540/format/jpg/q/75,1,0.250244140625,0.36968459067832987,0.27713393425395555,0.8005047141186744,0.4824410796836533,优秀,145
69eb6e45000000003700ca78,63870c8280e375000165b9c9,漩涡嘴里的店,69e21ae0cfc3750001b278ae,goods_seller,318932,11511,3777,167,30194.870000000003,94.67494638355512,3.60923331619279,0.741022,0.911659,70.20481872558594,高,B,0.19831,中,中,高,中,,,正常,2,3188.0,248780,51,B5,稳定期,http://sns-img-qn.xhscdn.com/1040g00831vbi7tcg2g0g40kr5gv8c8qj3bn2leg?imageView2/2/w/540/format/jpg/q/75,2,0.94970703125,0.7584624720631115,0.18101623669760075,0.028736142563237276,0.3227382837746498,优秀,146
6a1bce23000000000702a15d,63870c8280e375000165b9c9,漩涡嘴里的店,6a02eea5dd034c000170037d,goods_seller,497103,15279,5656,251,46953.64,94.4545496607343,3.07360848757702,0.685288,0.714838,33.82542037963867,中,B,0.188732,中,中,中,中,,,正常,2,1350.0,570094,14,B5,稳定期,http://sns-img-qn.xhscdn.com/spectrum/1040g0k0320scnr1omu0040kr5gv8c8qjg86f380?imageView2/2/w/540/format/jpg/q/75,2,0.94189453125,0.008503174814617468,0.4600150970205586,0.2961014164557524,0.2548732294303095,优秀,147
69a2b6b3000000002801f951,637f253e12def30001a8fffb,颐之宜养生的店,6380cc11075d9b0001ff5a84,goods_seller,200893,9079,1585,137,18964.760000000002,94.4022937583689,4.51932123070490,0.71123,0.838596,1.2463767528533936,中,B,0.093241,中,中,中,中,,,正常,2,1323.0,10076,106,B6,稳定期,http://sns-img-qn.xhscdn.com/1040g00831t4d7jc7683g5okgoas5aq8r67fjc50?imageView2/2/w/540/format/jpg/q/75,1,0.93603515625,0.13223213889258914,0.3151355031600136,0.7236801207761645,0.3903492542762557,优秀,148
69fd7fff0000000037034eeb,5c274148eb90b93684d73b21,极盏旗舰店,69b9222423faf800010b9734,goods_seller,442632,39727,6512,551,41220.99000000001,93.12699940356778,8.97517576677692,0.652012,0.860185,27.186037063598633,中,B,0.05346,中,中,高,中,,,正常,2,1035.0,26567,37,B4,稳定期,http://sns-img-qn.xhscdn.com/spectrum/1040g34o31vt826mbl60g5n354rik9iavm4pg7bo?imageView2/2/w/540/format/jpg/q/75,1,0.955078125,0.2242869617986176,0.6893936030075634,0.37428770184864496,0.42932275555160865,优秀,149
6a09a5730000000035027c88,643216776d06a200010fa2b7,茶小禾的店,69ea034139916f0001fe5835,goods_seller,169752,11027,2783,125,15672.53,92.32604034120364,6.49594702860644,0.765403,0.921447,39.65827941894531,中,B,0.072861,中,中,高,中,,,正常,2,799.0,46090,28,B4,稳定期,http://sns-img-qn.xhscdn.com/1040g008320918ekp5g0g5n4eeoq44m8p4r80j1g?imageView2/2/w/540/format/jpg/q/75,2,0.055633544921875,0.9079821795953407,0.10064680372393174,0.2259668753607744,0.41153195289334893,优秀,150
6a095990000000000803f4dc,659d244a60b4ac00010229ee,杯中兽小酒铺的店,6905c41e42726100016dc7e1,goods_seller,223401,12502,1616,77,20549.57,91.98512987855918,5.59621487817870,0.675836,0.816837,36.45841598510742,中,B,0.104633,中,中,高,中,,,正常,2,505.0,2610,28,B4,稳定期,http://sns-img-qn.xhscdn.com/note_pre_post_uhdr/1040g3r83208q1g4emecg5n6qr6qkniivekipp90?imageView2/2/w/540/format/jpg/q/75,1,0.8759765625,0.07886713141808387,0.5212764382872282,0.26968903097849417,0.28994420022793543,优秀,151
6a2258c500000000080329b4,65098134f13b150001070dcf,修哲 SHOWZE的店,691c234dba5a830015f0f412,goods_seller,167181,11699,4134,151,15348.359999999999,91.80684407917167,6.99780477446600,0.700344,0.906556,65.80403900146484,高,B,0.163787,中,中,中,中,0.061662198246821114,0.021739130434782608,正常,2,593.0,36385,9,B4,稳定期,http://sns-img-qn.xhscdn.com/1040g2sg32117cjh07ue04a1fs4pqal4idpqvv80?imageView2/2/w/540/format/jpg/q/75,1,0.9462890625,0.6798617586548851,0.3734070423160606,0.041487204535026564,0.36491866850199073,优秀,152
69e9ef350000000020007004,62b28d9a14b93b000180d481,林间盏旗舰店,62b521677708440001b993a7,goods_seller,212120,7006,1682,119,19416.180000000004,91.53394305110317,3.30284744484254,0.807103,0.889712,38.14682388305664,中,B,0.059315,低,低,中,中,,,正常,2,718.0,534935,52,B6,稳定期,http://sns-img-qn.xhscdn.com/spectrum/1040g34o31va4chav3ma05nblu32gb5udtgr4l1g?imageView2/2/w/540/format/jpg/q/75,2,0.94482421875,0.4681704483223066,0.02523570593372112,0.24794636117401536,0.2471175051433477,优秀,153
69feef0f0000000036019980,63870c8280e375000165b9c9,漩涡嘴里的店,69e21ae0cfc3750001b278ae,goods_seller,452456,33156,4669,249,41388.130000000005,91.47437540887955,7.32800537510830,0.698239,0.868869,43.72365951538086,中,B,0.3464,中,中,中,中,,,正常,2,3440.0,28878,36,B5,稳定期,http://sns-img-qn.xhscdn.com/1040g2sg31vukq8e72ikg5o0gsq9g80bbhcpqiig?imageView2/2/w/540/format/jpg/q/75,2,0.85595703125,0.2795316963426728,0.38498882524458655,0.17717537705548894,0.28056529954758275,优秀,154
69e1f687000000001b0002ea,681effd94aeb9500159650c9,张荣记食品的店,6872455b527b4d0001200aae,goods_seller,371302,51542,8303,481,33890.560000000005,91.27491906857493,13.88142266941735,0.683644,0.918277,65.11585235595703,高,B,0.056566,中,中,中,中,0.05508676726646997,0.12962962962962962,正常,2,3168.0,6108,58,B4,稳定期,http://sns-img-qn.xhscdn.com/1040g00831v2aql1l1m005nom0el08rc0jbbe7gg?imageView2/2/w/540/format/jpg/q/75,1,0.740234375,0.8624987049124521,0.4705238074093809,0.04397377262702959,0.4589987616496208,优秀,155
69b7dfa70000000021013d89,686b2622957b520015b34a5c,植与山山旗舰店,69316ead99c0b80001110f5c,goods_seller,322391,13889,2869,347,29338.140000000007,91.00173391937122,4.30812274536200,0.717853,0.890902,53.99625778198242,高,B,0.058242,中,中,中,中,,,正常,2,2521.0,17569,90,B4,稳定期,http://sns-img-qn.xhscdn.com/1040g2sg31tp81bv47ee0400el6fbdkppr25hpto?imageView2/2/w/540/format/jpg/q/75,1,0.71337890625,0.48119532880422716,0.28263990645767656,0.10671521394846292,0.29018348307012226,优秀,156
6a07fca500000000080304f0,659d244a60b4ac00010229ee,杯中兽小酒铺的店,6905c41e42726100016dc7e1,goods_seller,178964,15783,1208,62,16005.140000000001,89.43217630361414,8.81909210790997,0.676625,0.783581,36.45841598510742,中,B,0.0879,中,中,高,中,,,正常,2,392.0,2610,29,B4,稳定期,http://sns-img-qn.xhscdn.com/note_pre_post_uhdr/1040g3r03207fp1vi5m005n6qr6qkniives59mu8?imageView2/2/w/540/format/jpg/q/75,2,0.06536865234375,0.03684709086334236,0.5160072820922694,0.26968903097849417,0.274181134644702,优秀,157
694e4fda000000001e00322c,6891a36a5b17cd00154f2873,尚恰旗舰店,68fb1766ae1c170001e94896,goods_seller,118882,21511,1845,239,10491.519999999999,88.25154354738311,18.09441294729227,0.638211,0.83468,32.825111389160156,中,B,0.0552,中,中,高,中,,,正常,2,1254.0,8772,168,B4,稳定期,http://sns-img-qn.xhscdn.com/spectrum/1040g34o31qi5dtdb0m105nvj16ag8gti3skuc5g?imageView2/2/w/540/format/jpg/q/75,1,0.958984375,0.12062815446324171,0.7823290854461762,0.3094075159480781,0.404121585285832,优秀,158
69d1ba03000000001a024c2a,66de9b426283a200162e969d,韩要强现烤坚果的店,674ab8d5ada6590001baaca2,goods_seller,211452,11416,4129,438,18545.780000000002,87.70680816450071,5.39886120727163,0.68531,0.889964,45.658180236816406,中,B,0.083109,中,低,中,中,,,正常,2,2645.0,56069,70,B6,稳定期,http://sns-img-qn.xhscdn.com/1040g2sg31uhou3j9ig105nfo2etg82c73n18hmo?imageView2/2/w/540/format/jpg/q/75,2,0.94287109375,0.4710196409277267,0.4598670870150822,0.16204875449580391,0.3643118274795376,优秀,159
69ef4595000000003700efd7,686b2622957b520015b34a5c,植与山山旗舰店,68c80ad3e8b4ad00015a1db6,goods_seller,185419,10833,1983,198,16206.3,87.40366413366483,5.84244333105022,0.73834,0.885795,53.99625778198242,高,B,0.046898,中,中,高,中,,,正常,2,1254.0,17569,48,B4,稳定期,http://sns-img-qn.xhscdn.com/1040g00831vfb81jmig00400el6fbdkppaqfrsuo?imageView2/2/w/540/format/jpg/q/75,1,0.302734375,0.4256841762503145,0.19165815609135178,0.10671521394846292,0.24135251543004307,优秀,160
69f304670000000023017fcb,5a260bb077e3082948679c69,养瑞和旗舰店,6711d47f56c6a60001c93d89,goods_seller,481858,29176,3734,517,41732.659999999996,86.60779731788202,6.05489584068335,0.677039,0.884262,24.458223342895508,中,B,0.053224,中,中,高,中,,,正常,2,4404.0,22958,44,B6,稳定期,http://sns-img-qn.xhscdn.com/1040g2sg31vimv9ug2g9g45hegc4vila4phsqvv0?imageView2/2/w/540/format/jpg/q/75,1,0.29345703125,0.41038734218433165,0.5133134999925995,0.41394698281603837,0.44588260833098986,优秀,161
6a1e3fde000000003601c38b,6385ae1612def30001a932a0,SlabTownCoffee的店,6a0acccb22eb650001d804ac,goods_seller,367417,39799,5928,155,31807.810000000005,86.57141612935712,10.83210629883756,0.671359,0.895302,70.74909973144531,高,B,0.096132,高,高,高,中,0.042679452440804906,0.0,正常,4,1555.0,17197,12,B5,稳定期,http://sns-img-qn.xhscdn.com/notes_pre_post/1040g3k0320s6ldof7e205o6tef2086tuk105trg?imageView2/2/w/540/format/jpg/q/75,0,0.955078125,0.5339238932551841,0.5522031289315158,0.027648269022985953,0.37125843040322865,优秀,162
6a0448590000000038034cce,66de9b426283a200162e969d,韩要强现烤坚果的店,66dee783f63d3900013b7837,goods_seller,173151,6458,3389,300,14935.46,86.25685095667943,3.72969258046445,0.68717,0.867889,45.658180236816406,中,B,0.102224,中,低,中,低,,,正常,4,769.0,56069,32,B6,稳定期,http://sns-img-qn.xhscdn.com/1040g2sg3203rvn252ie05nfo2etg82c7c5t37f0?imageView2/2/w/540/format/jpg/q/75,2,0.9462890625,0.27259742758610483,0.448662729600521,0.16204875449580391,0.29443630389414327,优秀,163
6a22836b0000000006036185,6775f05f4d076900153cf18d,秋喵食养手作的店,67b57f8229b9f70001ec4e97,goods_seller,134192,6596,3266,152,11571.64,86.23196613807082,4.91534517705974,0.75653,0.917219,38.59886932373047,中,B,0.081037,低,低,中,中,,,正常,4,462.0,28362,9,B4,稳定期,http://sns-img-qn.xhscdn.com/1040g2sg3211cbu5enue05pb7v1jo6vm7vd55qbg?imageView2/2/w/540/format/jpg/q/75,2,0.947265625,0.8468836493346951,0.12699998519899947,0.24135251543004307,0.40507871665457923,优秀,164
6a029dfa0000000036003842,642a638e6fdda100018a9e20,雪八两茶叶旗舰店,642a83bda857ae000166becf,goods_seller,191959,12885,5183,129,16408.149999999998,85.47736756286498,6.71237087086305,0.733083,0.912511,35.53063201904297,中,B,0.068327,中,低,中,中,,,正常,2,619.0,162379,33,B5,稳定期,http://sns-img-qn.xhscdn.com/1040g00832027unqel6005n9rn7e40cdrckvnl2o?imageView2/2/w/540/format/jpg/q/75,2,0.88427734375,0.7723088080754259,0.21283098737474654,0.27865843731036216,0.42126607758684487,优秀,165
69d10f2e0000000022002669,66de9b426283a200162e969d,韩要强现烤坚果的店,66dee783f63d3900013b7837,goods_seller,185818,4283,2125,334,15778.729999999998,84.9149705625935,2.30494354691149,0.640297,0.860444,45.658180236816406,中,B,0.139559,中,低,中,低,,,正常,4,3590.0,56069,71,B6,稳定期,http://sns-img-qn.xhscdn.com/1040g2sg31uhou3j9ig0g5nfo2etg82c780it7h0?imageView2/2/w/540/format/jpg/q/75,1,0.84423828125,0.22570045735091693,0.7692746029631603,0.16204875449580391,0.38567460493662703,优秀,166
6a1fb6ab00000000060361c2,5a260bb077e3082948679c69,养瑞和旗舰店,6711d47f56c6a60001c93d89,goods_seller,344487,18194,2886,333,29150.03,84.61866485527756,5.28147651435323,0.723374,0.909173,24.458223342895508,中,B,0.062602,中,中,高,中,0.07953123963541454,0.044444444444444446,正常,2,767.0,22958,11,B6,稳定期,http://sns-img-qn.xhscdn.com/1040g008320ul9c2r7u0045hegc4vila4msgs8dg?imageView2/2/w/540/format/jpg/q/75,1,0.11083984375,0.7198022586326835,0.25577609046371536,0.41394698281603837,0.4631751106374791,优秀,167
69ff3e970000000037035d05,686b2622957b520015b34a5c,植与山山旗舰店,69316ead99c0b80001110f5c,goods_seller,166493,16289,1643,164,14023.120000000003,84.22648399632418,9.78359450547470,0.664806,0.913899,53.99625778198242,高,B,0.048395,低,低,中,中,,,正常,2,926.0,17569,36,B4,稳定期,http://sns-img-qn.xhscdn.com/1040g2sg31vutqdbr2a70400el6fbdkppo43gomo?imageView2/2/w/540/format/jpg/q/75,2,0.9208984375,0.7943622988914051,0.5977162056154997,0.10671521394846292,0.49959790615178923,优秀,168
69fcb252000000003701f411,689c49642f2d8200152961f3,归朴媛的店,69b4f5731b6b3f0001f85c60,goods_seller,191109,10563,5435,233,15965.550000000001,83.54159144781252,5.52721221920475,0.737863,0.881164,-9.477993965148926,中,B,0.083688,中,低,中,中,,,正常,4,2784.0,22186,38,B5,稳定期,http://sns-img-qn.xhscdn.com/1040g2sg31vsegs48ig005q0m7gjj92mn6ok3oro?imageView2/2/w/540/format/jpg/q/75,1,0.30078125,0.3808963485931649,0.19333806965350858,0.8275461421192073,0.46726018678862696,优秀,169
68ff3bb2000000000303a41c,66794f0001336c0001b9b7e6,健哥甄选陈皮的店,67b2d3799716990001e2beeb,goods_seller,121207,10615,2299,100,10080.98,83.17159900005775,8.75774501472687,0.694084,0.907813,62.23263168334961,高,B,0.131007,中,低,中,中,,,正常,2,3974.0,12670,230,B4,稳定期,http://sns-img-qn.xhscdn.com/notes_pre_post/1040g3k831o4u5faq6m805nm37qj08pl20pj9id8?imageView2/2/w/540/format/jpg/q/75,1,0.9560546875,0.6990586563651703,0.4083596051093054,0.05857495966727351,0.38866440704724975,优秀,170
683580b5000000002001d140,65e9865d7916650001e194d5,潮味说旗舰店,6645cd4354f4dc0001b4bc02,goods_seller,242874,19071,2349,308,20091.129999999994,82.72244044236926,7.85221966945824,0.639185,0.858951,27.467716217041016,中,B,0.064574,中,中,高,中,0.05528952740132809,0.14285714285714285,正常,2,1930.0,910,383,B3,成长期,http://sns-img-qn.xhscdn.com/1040g00831hvu6iqnm8005nvqk840bvslk239dfo?imageView2/2/w/540/format/jpg/q/75,1,0.958984375,0.21754510604916893,0.7761052647158948,0.3719713452629398,0.45520723867600116,优秀,171
69b7fa1d00000000230142be,62b4209f14b93b000180da6e,Soileta旗舰店,632a91606cfb6a0001acee7d,goods_seller,182604,22243,3004,251,14992.71,82.10504698692252,12.18100370199996,0.717444,0.893889,16.12175178527832,中,B,0.074104,中,中,高,中,0.0484241525332133,0.06666666666666667,正常,2,903.0,7146,90,B6,稳定期,http://sns-img-qn.xhscdn.com/note_pre_post_uhdr/1040g3r831tpbds3q6u305pjkorbgud9s10esoo8?imageView2/2/w/540/format/jpg/q/75,1,0.90771484375,0.5166215236149964,0.284660243032429,0.5289433565709042,0.44340837440610986,优秀,172
6a044aa6000000000602074f,6278fb55b1999c0001ecbf50,Patchi旗舰店,69f6d56aa978450001619c71,goods_seller,272725,14538,3752,98,22322.829999999998,81.85105875882297,5.33064442203685,0.738271,0.865254,-19.136598587036133,中,B,0.711834,低,低,中,中,,,正常,2,471.0,15838,32,B5,稳定期,http://sns-img-qn.xhscdn.com/spectrum/1040g0k03203ok0eal40g5p1vjcskmsrilupcuqo?imageView2/2/w/540/format/jpg/q/75,1,0.95947265625,0.2552876574456433,0.19191717360093544,0.8976214792119948,0.4482754367528578,优秀,173
6a1b83e5000000003700d14e,60b7538ed8ad970001cc58e1,花姐食养旗舰店,69df01e35f699000018f0cf3,goods_seller,125769,5224,2655,164,10285.269999999999,81.77905525208914,4.15364676510110,0.711511,0.844951,-0.4517456889152527,中,B,0.130933,中,中,中,中,0.1425827273892032,0.2222222222222222,正常,2,396.0,264515,14,B4,稳定期,http://sns-img-qn.xhscdn.com/1040g008320pumrqd6e1g5noejtbg8o7pd3orkf8?imageView2/2/w/540/format/jpg/q/75,2,0.7890625,0.15421902520610392,0.31378121160990485,0.7441055015319036,0.4040352461159708,优秀,174
69e189b2000000002301374d,646f209d80cd88000151e2ce,杨直二的店,673fe609ec68d7000183cbcb,goods_seller,128003,4864,1057,39,10397.75,81.23051803473356,3.79991093958735,0.737499,0.881185,37.98867416381836,中,B,0.063218,中,中,中,中,0.06375122550995119,0.08064516129032258,正常,2,955.0,49882,57,B5,稳定期,http://sns-img-qn.xhscdn.com/spectrum/1040g0k031v1u87vq2s005odo6af4164pv1nsd6o?imageView2/2/w/540/format/jpg/q/75,2,0.60791015625,0.38118496810384384,0.1948995752112843,0.25190562882050826,0.27599672404521214,优秀,175
69f5c501000000001a035568,65798517e8c3210001a4e77b,合为养旗舰店,69f1bf7c9dea2d00013d6f94,goods_seller,172493,2746,2229,142,13861.659999999998,80.3607102896929,1.59194865878615,0.692387,0.762855,-8.752756118774414,中,B,0.122682,中,中,高,中,0.04933627828573569,0.0,正常,2,788.0,154383,43,B6,稳定期,http://sns-img-qn.xhscdn.com/spectrum/1040g34o31vlmfrm8kc105o8v0980amn523sb318?imageView2/2/w/540/format/jpg/q/75,1,0.8984375,0.02308956085431375,0.41749922294747127,0.8195165993221142,0.42003512770796636,优秀,176
6a059b46000000003802170a,675d032dd58a3b0015497dab,Baratti & Milano旗舰店,6809cf80348fcf000194d015,goods_seller,144790,10070,1613,79,11632.82,80.34270322536086,6.95490020029008,0.644344,0.875676,35.61516571044922,中,B,0.077106,中,中,高,中,,,正常,2,472.0,8232,31,B4,稳定期,http://sns-img-qn.xhscdn.com/notes_pre_post/1040g3k832054v806iq0g5o4lrc508ei791o53b0?imageView2/2/w/540/format/jpg/q/75,1,0.9541015625,0.3324156712993798,0.7428030134837115,0.27705252875094355,0.4507570711780116,优秀,177
69c1189200000000210073d9,62b28d9a14b93b000180d481,林间盏旗舰店,62b521677708440001b993a7,goods_seller,225168,10700,2242,107,17971.2,79.81240673630356,4.75200739003766,0.742743,0.912957,38.14682388305664,中,B,0.096423,中,低,中,中,,,正常,2,1552.0,534935,83,B6,稳定期,http://sns-img-qn.xhscdn.com/spectrum/1040g34o31u28d5h718005nblu32gb5ud02jv6e0?imageView2/2/w/540/format/jpg/q/75,2,0.255126953125,0.779479892840756,0.17445939345499756,0.24794636117401536,0.4006285491565897,优秀,178
69fc9ffd0000000037034add,686b2622957b520015b34a5c,植与山山旗舰店,69316ead99c0b80001110f5c,goods_seller,213379,19329,2096,197,17013.88,79.73549412078977,9.05852965849498,0.617849,0.891136,53.99625778198242,高,B,0.052846,中,中,高,中,,,正常,2,531.0,17569,38,B4,稳定期,http://sns-img-qn.xhscdn.com/1040g2sg31vsbmnqjiq7g400el6fbdkppduevd38?imageView2/2/w/540/format/jpg/q/75,2,0.94482421875,0.4837337003981469,0.8831016976747628,0.10671521394846292,0.49118353734045755,优秀,179
6a0fcc1c00000000380203a7,66de9b426283a200162e969d,韩要强现烤坚果的店,69fc5fb998ac430001f642f6,goods_seller,126644,10533,1980,192,10082.46,79.61261488898013,8.31701462366950,0.805978,0.864821,45.658180236816406,中,B,0.059695,中,中,中,中,,,正常,4,353.0,56069,23,B6,稳定期,http://sns-img-qn.xhscdn.com/notes_pre_post/1040g3k0320f3io9plm005nfo2etg82c75vs6s40?imageView2/2/w/540/format/jpg/q/75,2,0.94970703125,0.2523496588369374,0.026242173970960438,0.16204875449580391,0.1468801957679006,优秀,180
69b7d421000000001e00fdd2,6354a6f9de29ee0001b31aae,玉堂春旗舰店,69d4bfe24ee72d00014bb87f,goods_seller,218677,16109,3138,192,17227.809999999998,78.78199353384214,7.36657261623307,0.619811,0.886388,43.323890686035156,中,B,0.093292,中,中,中,中,,,正常,2,2146.0,33076,90,B4,稳定期,http://sns-img-qn.xhscdn.com/spectrum/1040g34o31tp6gf356i1g5n5kl7bka41qhoibnf8?imageView2/2/w/540/format/jpg/q/75,1,0.0616455078125,0.43196720098278646,0.8757233989017658,0.18140846321211315,0.49636635436555515,优秀,181
69d9040f0000000022003d82,66de9b426283a200162e969d,韩要强现烤坚果的店,66dee783f63d3900013b7837,goods_seller,178172,5913,2724,295,14031.259999999998,78.75120669914463,3.31870327548661,0.642095,0.877569,45.658180236816406,中,B,0.088896,中,中,中,中,,,正常,4,1138.0,56069,65,B6,稳定期,http://sns-img-qn.xhscdn.com/notes_pre_post/1040g3k831upevr0diqa05nfo2etg82c796uq0u0?imageView2/2/w/540/format/jpg/q/75,1,0.95166015625,0.3487559759039711,0.7573301955212173,0.16204875449580391,0.42271164197366407,优秀,182
6a0eb627000000000702d1a9,626a32bf4e9c1500018ee4dc,啃老师带你喝的店,6a0d6c141123b900018ff883,goods_seller,152127,8962,1309,43,11864.15,77.98845701289055,5.89113043706903,0.67021,0.830829,18.058774948120117,中,B,0.264497,中,中,高,中,,,正常,4,415.0,11784,24,B3,稳定期,http://sns-img-qn.xhscdn.com/notes_pre_post/1040g3k0320e1ij8qme205n80el04ftn7konv088?imageView2/2/w/540/format/jpg/q/75,2,0.86767578125,0.1098308245637405,0.5599514527182038,0.5001110075041073,0.3899644282620172,优秀,183
697c0c92000000000a0299da,637cb55980e37500016566fe,均衡小站旗舰店,6662b5c4f7984c0001e1877f,goods_seller,140155,9471,3501,233,10872.779999999997,77.57682565730795,6.75751846170311,0.830732,0.858564,-31.49156379699707,中,B,0.065574,中,低,中,中,,,正常,2,1728.0,12704,135,B4,稳定期,http://sns-img-qn.xhscdn.com/spectrum/1040g34o31vqrm4kd54505nupe3n0bl2mbjl1c7o?imageView2/2/w/540/format/jpg/q/75,2,0.243408203125,0.21528055296538046,0.007933336293533443,0.959141837988248,0.39411857574905396,优秀,184
6a06d7ab0000000008025586,65e9865d7916650001e194d5,潮味说旗舰店,6645cd4354f4dc0001b4bc02,goods_seller,251678,23418,3474,302,19475.46,77.38244900229658,9.30474654121536,0.706537,0.857832,27.467716217041016,中,B,0.121966,中,中,高,中,0.04286026100025458,0.11764705882352941,正常,2,1909.0,910,30,B3,成长期,http://sns-img-qn.xhscdn.com/notes_pre_post/1040g3k03206bmvmjm2205nvqk840bvsluvcecmo?imageView2/2/w/540/format/jpg/q/75,1,0.044219970703125,0.21128428281751846,0.33946094756005507,0.3719713452629398,0.3075721918801711,优秀,185
69e61d6e0000000023007097,63243b8f93f5a6000196bdf3,皮皮滴的宝藏茶的店,6895de2502d7b000016abe1c,goods_seller,291789,3188,5476,370,22444.590000000004,76.92061729537441,1.09257031622165,0.693402,0.865446,55.99430465698242,高,B,0.065078,中,低,中,中,,,正常,2,3111.0,59034,55,B5,稳定期,http://sns-img-qn.xhscdn.com/1040g2sg31v6d5tu02ae05ohulic8c9mtb4hpl8g?imageView2/2/w/540/format/jpg/q/75,2,0.958984375,0.25641993398753754,0.41194144724183357,0.09005668783209744,0.25280602302048955,优秀,186
69c388a40000000023011a83,6538846bcb7c4f0001cba544,Mikiko的店,6538bbbe236b460001d0ee76,goods_seller,439101,10476,8534,626,33571.84999999999,76.4558723391657,2.38578368074771,0.683572,0.911434,42.448734283447266,中,B,0.062635,中,低,中,中,,,正常,2,3142.0,56742,81,B4,稳定期,http://sns-img-qn.xhscdn.com/1040g00831u503edv1m005npt67b0bk9tb5jtci8?imageView2/2/w/540/format/jpg/q/75,1,0.33154296875,0.755383863949203,0.4709530364252624,0.19193937510175688,0.47275875849207405,优秀,187
68b903b1000000001c00a66f,66c466400f806d0015242ec4,功夫爷爷的店,6895b4f802d7b000016854fd,goods_seller,192945,14602,3741,682,14747.779999999993,76.43514991318766,7.56795978128482,0.734417,0.874231,10.148133277893066,中,B,0.060459,中,低,中,中,,,正常,2,4194.0,11544,283,B3,稳定期,http://sns-img-qn.xhscdn.com/notes_pre_post/1040g3k831m0bq7kcle805p8k43kp5qrslnb2i9o?imageView2/2/w/540/format/jpg/q/75,2,0.947265625,0.3208782913724968,0.20717700516554918,0.6146855527433654,0.3809136164271371,优秀,188
66e0f057000000001e01830f,662647d4a275880001db7d7a,橘乡橘里旗舰店,669a2ebb3813ca000149a1ff,goods_seller,252782,9078,2628,188,19318.340000000004,76.42292568299959,3.59123671780427,0.664514,0.859842,12.2348051071167,中,B,0.131122,中,中,中,中,,,正常,2,23459.0,7190,636,B3,稳定期,http://sns-img-qn.xhscdn.com/1040g2sg31l6o1t1ukucg5pfeonuh90cvk1i1t20?imageView2/2/w/540/format/jpg/q/75,1,0.416015625,0.22232582922605568,0.5996921391886092,0.5847653301363173,0.46892776618366067,优秀,189
6a0d7be2000000000602069a,5a260bb077e3082948679c69,养瑞和旗舰店,6711d47f56c6a60001c93d89,goods_seller,140394,6501,913,123,10728.79,76.41914896648005,4.63053976665669,0.735774,0.917326,24.458223342895508,中,B,0.072468,中,中,高,中,,,正常,2,432.0,22958,25,B6,稳定期,http://sns-img-qn.xhscdn.com/1040g2sg320c9pfdk6e8045hegc4vila43almk3o?imageView2/2/w/540/format/jpg/q/75,1,0.147216796875,0.8485117593949351,0.20140461495197076,0.41394698281603837,0.487954452387648,优秀,190
699c49f8000000001b0163b2,686b2622957b520015b34a5c,植与山山旗舰店,69316ead99c0b80001110f5c,goods_seller,144708,8806,1363,121,11016.319999999998,76.1279265831882,6.08535810045056,0.692013,0.90207,53.99625778198242,高,B,0.060984,中,低,中,中,,,正常,2,3416.0,17569,111,B4,稳定期,http://sns-img-qn.xhscdn.com/1040g00831su8cs1hls10400el6fbdkppnemgve8?imageView2/2/w/540/format/jpg/q/75,2,0.927734375,0.618578215887394,0.4195269600224975,0.10671521394846292,0.38160679661945146,优秀,191
6a0aa7bd0000000038020f3d,637df39580e3750001657093,胡子叔的餐盘的店,63fea599ad1d00000106dcbf,goods_seller,145829,8367,2551,127,11002.410000000003,75.4473390066448,5.73754191553120,0.759688,0.904143,16.59491729736328,中,B,0.166057,中,低,中,中,,,正常,4,308.0,105995,27,B5,稳定期,http://sns-img-qn.xhscdn.com/spectrum/1040g0k03209t9k6alk005n7ieo2lnifgj5o729o?imageView2/2/w/540/format/jpg/q/75,1,0.95166015625,0.6457084498912127,0.11708331483208265,0.5215206547962642,0.4281041398398531,优秀,192
6a0d655b0000000036001613,62b28d9a14b93b000180d481,林间盏旗舰店,669b6398d50cd40001e6ac5b,goods_seller,136674,9670,1634,176,10298.34,75.34966416436191,7.07523010960387,0.804845,0.844997,-14.31854248046875,中,B,0.114875,中,低,中,中,,,正常,2,445.0,4762,25,B6,稳定期,http://sns-img-qn.xhscdn.com/spectrum/1040g34o320cooqh35k705o7nr910bnjf78l9jm8?imageView2/2/w/540/format/jpg/q/75,2,0.11322021484375,0.1543744357118541,0.027596465521069223,0.8615366398768557,0.347835847036593,优秀,193
69d8e78d000000001a023f8b,66de9b426283a200162e969d,韩要强现烤坚果的店,6914010dedfc710001e43528,goods_seller,207911,8380,2966,435,15652.439999999997,75.28432839051322,4.03057077307117,0.673183,0.889917,45.658180236816406,中,B,0.063247,中,低,中,中,,,正常,4,1826.0,56069,65,B6,稳定期,http://sns-img-qn.xhscdn.com/1040g2sg31upevr092q0g5nfo2etg82c706as9ag?imageView2/2/w/540/format/jpg/q/75,2,0.919921875,0.47041279990527357,0.5398294924736913,0.16204875449580391,0.39076368229158964,优秀,194
69fdbe760000000037034b54,663de81cd257370001117149,香潮社的店,69e815ece4ac61000148cab7,goods_seller,190003,10962,2318,196,14169.770000000002,74.57655931748447,5.76938258869597,0.574297,0.785526,34.19272994995117,中,B,0.08198,中,中,高,中,,,正常,4,763.0,2541,37,B4,稳定期,http://sns-img-qn.xhscdn.com/spectrum/1040g0k031vtfmp2i48005phpjmm1ojv578sbj78?imageView2/2/w/540/format/jpg/q/75,2,0.92822265625,0.03860100942823735,0.9710640439293696,0.29075825525805543,0.4334744362052208,优秀,195
6a0868b6000000003700e0b9,66de9b426283a200162e969d,韩要强现烤坚果的店,69fc5fb998ac430001f642f6,goods_seller,230495,12980,3437,329,17144.969999999998,74.38326210980713,5.63135859780039,0.807672,0.88146,45.658180236816406,中,B,0.073154,中,低,高,中,0.055880825221538546,0.12,正常,4,492.0,56069,29,B6,稳定期,http://sns-img-qn.xhscdn.com/1040g0083207sudmmme005nfo2etg82c7hu0kif0?imageView2/2/w/540/format/jpg/q/75,2,0.94921875,0.38387875020351375,0.024769474416470552,0.16204875449580391,0.1902323263719294,优秀,196
69ebae20000000001f0018fb,659d244a60b4ac00010229ee,杯中兽小酒铺的店,6905c41e42726100016dc7e1,goods_seller,236314,14798,1540,72,17570.91,74.35407974136108,6.26200732923145,0.682002,0.847408,36.45841598510742,中,B,0.082272,中,中,高,中,,,正常,2,524.0,2610,50,B4,稳定期,http://sns-img-qn.xhscdn.com/note_pre_post_uhdr/1040g3r031vbr67hqiq005n6qr6qkniiv390scqo?imageView2/2/w/540/format/jpg/q/75,1,0.07476806640625,0.16350665304974615,0.48085490579163154,0.26968903097849417,0.3046835299399573,优秀,197
6a0d1dc2000000003601ce62,64c7a1fdb806f800010a05c6,客家阿珍姨的店,64c8a7c88a07760001264999,goods_seller,184550,16026,2603,130,13699.210000000001,74.23034408019508,8.68382552153888,0.693036,0.861689,49.240455627441406,高,B,0.071639,中,中,高,中,0.05034906177648476,0.16071428571428573,正常,4,999.0,12040,25,B3,稳定期,http://sns-img-qn.xhscdn.com/note_pre_post_uhdr/1040g3r8320cg0dfhls705oh1krvk1o9stbsqg4o?imageView2/2/w/540/format/jpg/q/75,2,0.050537109375,0.2329677486198067,0.41393958231576455,0.13095185234521853,0.25928639442692997,优秀,198
69e9d223000000001a0349d0,63698ec6f3e1aa0001e6318f,张大旺养生局的店,6651d7a7b4882f0001167a81,goods_seller,138125,8660,1817,84,10242.689999999999,74.155221719457,6.26968325791855,0.699604,0.90024,28.79741859436035,中,B,0.080044,中,中,中,中,0.06748132251443402,0.043010752688172046,正常,2,2189.0,58733,52,B5,稳定期,http://sns-img-qn.xhscdn.com/1040g2sg31va10tct2ae04a2vsolkhbcdodlil9o?imageView2/2/w/540/format/jpg/q/75,2,0.361083984375,0.5947116025043293,0.3775291209685775,0.3577475837366606,0.44332943573652245,优秀,199
69ca89b5000000002202b61a,668fb69870dd400001d5d195,壹心堂食养的店,68a089cca1d30c0001efc167,goods_seller,139764,18895,1500,65,10338.6,73.97183824160729,13.51921811052918,0.777409,0.906877,17.575712203979492,中,B,0.131946,低,低,中,中,0.0629258614710786,0.0,正常,2,588.0,5993,76,B3,稳定期,http://sns-img-qn.xhscdn.com/1040g2sg31ubfh2gl2ie05p9obpp0rk2tqd0o0bo?imageView2/2/w/540/format/jpg/q/75,2,0.9248046875,0.6846128798306765,0.07102260112783625,0.5098056628628095,0.4218137146071074,优秀,200
6a0aed8b0000000038022f9a,66de9b426283a200162e969d,韩要强现烤坚果的店,69fc5fb998ac430001f642f6,goods_seller,152835,10328,2314,207,11299.259999999998,73.93110216900578,6.75761442078058,0.781733,0.910791,45.658180236816406,中,B,0.24948,低,低,中,低,,,正常,4,265.0,56069,27,B6,稳定期,http://sns-img-qn.xhscdn.com/notes_pre_post/1040g3k8320aamdi65m705nfo2etg82c74so7o0o?imageView2/2/w/540/format/jpg/q/75,2,0.348388671875,0.7450157630655833,0.0620901972973373,0.16204875449580391,0.3230515716195748,优秀,201
69e15ef4000000001a028d71,67d6842c8b021500157c2650,五常明明舅的店,67e393b4585fab00011a1947,goods_seller,149641,864,1819,241,10972.529999999997,73.3256928248274,0.57738186726900,0.687828,0.897754,63.75519561767578,高,B,0.081485,中,低,中,中,,,正常,2,950.0,8178,58,B5,稳定期,http://sns-img-qn.xhscdn.com/1040g00831v38p2bvia605pp9pj5n32hnajgc750?imageView2/2/w/540/format/jpg/q/75,1,0.94140625,0.5635924988529225,0.4447996684575877,0.05083403638085934,0.3530754012304565,优秀,202
6a11783300000000380237a3,66de9b426283a200162e969d,韩要强现烤坚果的店,694554654423c30001a00acf,goods_seller,179983,8789,3212,314,13160.200000000003,73.11912791763667,4.88323897256963,0.721688,0.87092,45.658180236816406,中,B,0.066186,中,低,中,低,,,正常,4,645.0,56069,22,B6,稳定期,http://sns-img-qn.xhscdn.com/1040g008320go1bjem2005nfo2etg82c7hej3g38?imageView2/2/w/540/format/jpg/q/75,2,0.779296875,0.2950431449165964,0.26365762325533204,0.16204875449580391,0.24024984088924414,优秀,203
69b3b8b0000000001e00dc4c,637f253e12def30001a8fffb,颐之宜养生的店,6380cc11075d9b0001ff5a84,goods_seller,152556,9269,1336,93,11153.910000000002,73.11354518996305,6.07580167282834,0.730482,0.853116,1.2463767528533936,中,B,0.116486,中,低,中,中,,,正常,2,1303.0,10076,91,B6,稳定期,http://sns-img-qn.xhscdn.com/1040g2sg31tl3l882mugg5okgoas5aq8rt86unig?imageView2/2/w/540/format/jpg/q/75,2,0.35400390625,0.18810591595991888,0.22396874028684338,0.7236801207761645,0.37858492567430896,优秀,204
69ef5a2c000000003803642c,65826e17c98601000168e592,以味坊健康日记的店,66272a5a3152260001504ab8,goods_seller,302468,14006,2520,336,22100.299999999996,73.06657233161854,4.63057249031302,0.607927,0.876246,38.548118591308594,中,B,0.103208,中,中,高,中,,,正常,2,812.0,31947,48,B5,稳定期,http://sns-img-qn.xhscdn.com/1040g2sg31vfdrbscii705nhu55b09feepmcbrco?imageView2/2/w/540/format/jpg/q/75,1,0.94287109375,0.3372407974779095,0.9141097938220624,0.24198155795331763,0.4977773830844298,优秀,205
686601be0000000011003f53,6603f9217455790001a703dc,无趣的店NOFUNSHOP一鲸专卖店,684b97b2801a240001d0b45f,goods_seller,291208,13738,2538,323,21230.029999999995,72.90331996373725,4.71759017609406,0.665396,0.877766,20.47161102294922,中,B,0.104994,中,低,中,中,,,正常,2,2295.0,3081,346,B3,稳定期,http://sns-img-qn.xhscdn.com/notes_pre_post/1040g3k031jf942sh2i1g5p31l9o44vqu76gjqro?imageView2/2/w/540/format/jpg/q/75,1,0.90771484375,0.3505024939685923,0.5935275224605183,0.4673267912910913,0.4704522692400673,优秀,206
6a0d6eb300000000070259d8,626a32bf4e9c1500018ee4dc,啃老师带你喝的店,6a0d6c141123b900018ff883,goods_seller,342303,20712,5009,88,24840.010000000002,72.56731609129923,6.05077957248403,0.685764,0.87856,18.058774948120117,中,B,0.179552,中,低,中,中,,,正常,4,993.0,11784,25,B3,稳定期,http://sns-img-qn.xhscdn.com/1040g008320hol7ellm105n80el04ftn75jmrl7g?imageView2/2/w/540/format/jpg/q/75,2,0.94287109375,0.35777718573775585,0.4570770984118526,0.5001110075041073,0.43832176388457195,优秀,207
69f1d76e0000000038037981,66de9b426283a200162e969d,韩要强现烤坚果的店,694554654423c30001a00acf,goods_seller,140744,6812,2663,231,10163.700000000003,72.21409083158076,4.83999317910533,0.695467,0.870439,45.658180236816406,中,B,0.0851,中,中,中,中,,,正常,4,4101.0,56069,46,B6,稳定期,http://sns-img-qn.xhscdn.com/1040g2sg31vhp4tcdjqeg5nfo2etg82c73cmh4h0?imageView2/2/w/540/format/jpg/q/75,2,0.161865234375,0.29138729778133,0.40063348282343886,0.16204875449580391,0.2846898450335243,优秀,208
69eb7db70000000038036112,66de9b426283a200162e969d,韩要强现烤坚果的店,66dee783f63d3900013b7837,goods_seller,509878,11090,6807,787,36751.59000000001,72.07918364785303,2.17503010524086,0.680514,0.892286,45.658180236816406,中,B,0.121265,中,低,中,中,,,正常,4,1345.0,56069,51,B6,稳定期,http://sns-img-qn.xhscdn.com/1040g2sg31vaug85r2qfg5nfo2etg82c7bnubpi8?imageView2/2/w/540/format/jpg/q/75,1,0.95361328125,0.4972248123973181,0.49030534464129777,0.16204875449580391,0.38319297051147333,优秀,209
6930fb7e000000001e005ad3,6475a6be275ad100015c7c41,馥华旗舰店,648193dbd171fa000122df14,goods_seller,205764,23319,2164,212,14806.250000000002,71.95743667502576,11.33288621916370,0.676767,0.91014,41.29946517944336,中,B,0.057613,中,中,中,中,,,正常,2,4755.0,25914,192,B4,稳定期,http://sns-img-qn.xhscdn.com/217/0/01e930fb71640cbb0010000000019ae7564080_0.jpg?imageView2/2/w/540/format/jpg/q/75,1,0.7001953125,0.7351508962005832,0.515208028062697,0.21132868581916137,0.4872292033608139,优秀,210
69ab9b9e000000002801f2b5,6891a36a5b17cd00154f2873,尚恰旗舰店,68fb1766ae1c170001e94890,goods_seller,156268,7752,2402,251,11033.76,70.60792996646786,4.96070852637776,0.658475,0.863559,32.825111389160156,中,B,0.059564,中,中,高,中,,,正常,2,968.0,8772,99,B4,稳定期,http://sns-img-qn.xhscdn.com/spectrum/1040g34o31td8tum16e105nvj16ag8gtihcn79lo?imageView2/2/w/540/format/jpg/q/75,2,0.9453125,0.2443645190414872,0.6424226277696372,0.3094075159480781,0.39873155425306744,优秀,211
69df65a200000000230070bc,62b28d9a14b93b000180d481,林间盏旗舰店,67876b3ce741df0001217930,goods_seller,229958,17151,2410,226,16112.169999999998,70.06570765096234,7.45831847554771,0.758849,0.874847,-14.31854248046875,中,B,0.190538,低,低,中,中,0.052204865217208865,0.06666666666666667,正常,2,796.0,4762,60,B6,稳定期,http://sns-img-qn.xhscdn.com/spectrum/1040g34o31uvr030sisbg5o7nr910bnjfs96732o?imageView2/2/w/540/format/jpg/q/75,2,0.94384765625,0.32577742255376463,0.11975489543093112,0.8615366398768557,0.4356896526205172,优秀,212
6915a86b0000000004007304,62b28d9a14b93b000180d481,林间盏旗舰店,65e97f18506b4000018a4b9d,goods_seller,195922,8051,2195,220,13725.96,70.05828850256735,4.10928839027776,0.767423,0.889362,38.14682388305664,中,B,0.089109,中,中,中,中,,,正常,2,3365.0,534935,213,B6,稳定期,http://sns-img-qn.xhscdn.com/spectrum/1040g34o31oqqvm7vgu005nblu32gb5udom99aho?imageView2/2/w/540/format/jpg/q/75,2,0.9072265625,0.4643961931826591,0.09528144102541332,0.24794636117401536,0.26920799846069593,优秀,213
6a0169310000000035027e64,64462f2376c7f600018ea30e,米曰MIYUE旗舰店,69e84f48bd8c350001989d3c,goods_seller,230899,12125,3091,160,16148.240000000002,69.93637910948078,5.25121373414350,0.692014,0.914316,57.298892974853516,高,B,0.087165,中,中,高,中,,,正常,2,1631.0,7033,34,B4,稳定期,http://sns-img-qn.xhscdn.com/spectrum/1040g34o32012702ihm6049cfv8sslsf7lup7nb0?imageView2/2/w/540/format/jpg/q/75,1,0.047943115234375,0.800682326125246,0.41950475852167607,0.07949617394135844,0.43322775286276016,优秀,214
69e3291c000000001d01869f,652d1b50261ff10001aec5aa,Chez Sarah莎拉的店,69b79356e175160001a9a143,goods_seller,170733,21766,4705,585,11895.619999999999,69.67381818394803,12.74856061804103,0.688851,0.907168,58.511802673339844,高,B,0.08769,中,低,中,中,,,正常,2,1632.0,36079,57,B4,稳定期,http://sns-img-qn.xhscdn.com/1040g00831v3h09c92s004bcn8evgqh1kd2jta30?imageView2/2/w/540/format/jpg/q/75,1,0.16064453125,0.6889495729911342,0.43858324822758016,0.07356097272175599,0.40036459798015683,优秀,215
6a0a97590000000038023e11,6385ae1612def30001a932a0,SlabTownCoffee的店,6a0acccb22eb650001d804ac,goods_seller,223802,14484,3325,73,15592.0,69.66872503373517,6.47179203045549,0.673058,0.891528,70.74909973144531,高,B,0.114809,中,中,高,中,0.05115256572349204,0.027777777777777776,正常,4,985.0,17197,27,B5,稳定期,http://sns-img-qn.xhscdn.com/notes_pre_post/1040g3k8320a0odq762d05o6tef2086tuv6lsb6g?imageView2/2/w/540/format/jpg/q/75,0,0.9541015625,0.48842561757174785,0.5406065450024422,0.027648269022985953,0.352226810532392,优秀,216
69f440a5000000001a0345a4,654c98aa9665fd00018f04de,AvoPCOS旗舰店,6551a17bd03d240001bebf23,goods_seller,146066,10164,2081,175,10143.4,69.44394999520765,6.95849821313653,0.726625,0.846272,-28.422948837280273,中,B,0.156667,中,中,高,中,,,正常,2,474.0,25617,44,B5,稳定期,http://sns-img-qn.xhscdn.com/1040g2sg31vj5o0ec2ig04bul3jdldnmd6nano98?imageView2/2/w/540/format/jpg/q/75,2,0.51416015625,0.15917736038956234,0.24076787590841142,0.9433491704039193,0.44776480223396437,优秀,217
69d7c2ea000000001f00741a,66311aa2a57f580001f78bac,蜂丫头的蜜罐的店,697865bba1496d0001e469e0,goods_seller,148066,4580,3652,247,10108.240000000002,68.26847486931504,3.09321518782165,0.752444,0.921401,50.95838165283203,高,B,0.072712,中,中,中,中,,,正常,2,5715.0,15928,66,B5,稳定期,http://sns-img-qn.xhscdn.com/1040g00831uocnpm12i005phh2vl0u80aacqqst8?imageView2/2/w/540/format/jpg/q/75,2,0.93701171875,0.9074567440758995,0.14063170670337316,0.11903704690437074,0.38904183256121444,优秀,218
6842a03c000000002002aa51,6512bf80f13b150001074ef0,FIFO咖啡豆的店,6a06e64e7b0d9c00017b88cb,goods_seller,220277,16740,3176,201,15025.839999999995,68.21338587324139,7.59952241949909,0.711042,0.808195,-30.205461502075195,中,B,0.078763,中,低,中,中,,,正常,2,5224.0,15396,373,B4,稳定期,http://sns-img-qn.xhscdn.com/1040g2sg31sfkgmn9m2005p6a3ssqp3uuk5vjf80?imageView2/2/w/540/format/jpg/q/75,1,0.95947265625,0.06464336989180469,0.31614197119725296,0.9521187632283943,0.4443013681058173,优秀,219
6a08360e000000003700e31a,66de9b426283a200162e969d,韩要强现烤坚果的店,689afe574dbac2000190b424,goods_seller,647486,34570,9304,935,43991.000000000015,67.94123733949462,5.33911157924650,0.684311,0.905385,45.658180236816406,中,B,0.060911,中,低,中,中,0.0693014388711288,0.1206896551724138,正常,4,1985.0,56069,29,B6,稳定期,http://sns-img-qn.xhscdn.com/1040g0083207j95tilm005nfo2etg82c71qrrv0o?imageView2/2/w/540/format/jpg/q/75,1,0.91748046875,0.6630182200316741,0.4661649127481018,0.16204875449580391,0.43041062909185995,优秀,220
6a08893a000000000803132c,64fef5d1c0583a000132014e,保罗厨房PAUL BAKERY的店,6a055a61721fd3000175b4b0,goods_seller,158045,7530,2265,116,10651.339999999998,67.39434971052547,4.76446581669778,0.779646,0.882652,56.652626037597656,高,B,0.078492,中,低,中,中,,,正常,2,663.0,238015,29,B4,稳定期,http://sns-img-qn.xhscdn.com/spectrum/1040g0k032080tiuelc00449ppmvuvvb6ntpsok0?imageView2/2/w/540/format/jpg/q/75,1,0.9375,0.3950239036158844,0.06631588295368766,0.08593460917958054,0.18242479858305086,优秀,221
69fef5820000000036001d45,62b4209f14b93b000180da6e,Soileta旗舰店,632a91606cfb6a0001acee7d,goods_seller,698107,102729,10854,842,46565.47999999995,66.70249689517503,14.71536598257860,0.674436,0.866439,5.337485313415527,中,B,0.067662,中,中,高,中,0.04647728738685449,0.06666666666666667,正常,2,2293.0,7544,36,B6,稳定期,http://sns-img-qn.xhscdn.com/note_pre_post_uhdr/1040g3r031vujl9sn48305ng5eqg081erkepadcg?imageView2/2/w/540/format/jpg/q/75,0,0.205322265625,0.26265855571836655,0.5310895016503115,0.6749922294747125,0.4895800956144636,优秀,222
6a057a210000000037037b8f,66de9b426283a200162e969d,韩要强现烤坚果的店,67bda37af2389c0001a60e91,goods_seller,323172,9851,5687,434,21357.339999999993,66.08660403747847,3.04822199943064,0.726006,0.897428,45.658180236816406,中,B,0.101638,中,低,中,低,,,正常,4,721.0,56069,31,B6,稳定期,http://sns-img-qn.xhscdn.com/1040g2sg320519hmj3q005nfo2etg82c79a30qv8?imageView2/2/w/540/format/jpg/q/75,2,0.95947265625,0.559736838210263,0.24386128502286755,0.16204875449580391,0.32188229257631146,优秀,223
6a102aa400000000350257f6,62cd4db84d694d000169c095,了不起的匠人的店,6490240031f0c000013ff200,goods_seller,691092,31392,19185,573,44984.44,65.09182569035671,4.54237641298119,0.711516,0.90899,47.26428985595703,中,B,0.185481,中,中,中,中,0.04819373035913005,0.058823529411764705,正常,2,3281.0,1045317,23,B5,稳定期,http://sns-img-qn.xhscdn.com/spectrum/1040g34o320ff44u75c105o5fk66gbgd0jkaa3fg?imageView2/2/w/540/format/jpg/q/75,0,0.7998046875,0.7169086630256205,0.31376641060935717,0.14754377395911963,0.39273961586469913,优秀,224
699c3e3c000000001b01e59e,686b2622957b520015b34a5c,植与山山旗舰店,69316ead99c0b80001110f5c,goods_seller,305550,24125,2769,253,19744.680000000004,64.62012763868435,7.89559810178367,0.746814,0.89657,53.99625778198242,高,B,0.058599,中,中,高,中,0.053381348649660744,0.05128205128205128,正常,2,6006.0,17569,111,B4,稳定期,http://sns-img-qn.xhscdn.com/1040g00831su8cs1hls00400el6fbdkpp3c8f1o0?imageView2/2/w/540/format/jpg/q/75,2,0.93359375,0.5492947323239051,0.15953998490297944,0.10671521394846292,0.27184997705844915,优秀,225
68a970a9000000001c00b246,660a5aa4f0b5350001426496,振兴梅州盐焗店的店,66111166632219000188c128,goods_seller,250240,23524,2963,255,16046.529999999999,64.12456042199487,9.40057544757033,0.67932,0.923414,60.138240814208984,高,B,0.07059,中,低,高,中,0.05311841738605222,0.011627906976744186,正常,2,1711.0,6610,295,B4,稳定期,http://sns-img-qn.xhscdn.com/notes_pre_post/1040g3k031lh4gvtll8005ocrm2sgk04q5rbe2qo?imageView2/2/w/540/format/jpg/q/75,1,0.125732421875,0.9318339919778577,0.49813507393099776,0.06625667895149712,0.4987419149534509,优秀,226
69ecaf00000000003701c399,66de9b426283a200162e969d,韩要强现烤坚果的店,66dee783f63d3900013b7837,goods_seller,173422,4536,2111,243,11070.44,63.83526888168745,2.61558510454268,0.660325,0.861314,45.658180236816406,中,B,0.079659,中,中,高,中,,,正常,4,318.0,56069,50,B6,稳定期,http://sns-img-qn.xhscdn.com/note_pre_post_uhdr/1040g3r031vcqe77l2i005nfo2etg82c7ehc0ljg?imageView2/2/w/540/format/jpg/q/75,2,0.95068359375,0.23056258603081567,0.6295087547918239,0.16204875449580391,0.34070669843948115,优秀,227
6a17be4b0000000038035bf4,6278fb55b1999c0001ecbf50,Patchi旗舰店,69f6d56aa978450001619c71,goods_seller,396118,20726,4437,108,24859.519999999997,62.75786508060728,5.23227927031844,0.638423,0.795918,7.594381332397461,中,B,0.096645,中,中,高,中,,,正常,2,527.0,96008,17,B5,稳定期,http://sns-img-qn.xhscdn.com/1040g2sg321aaj99bnar05ohgcb6od0u63nu03vg?imageView2/2/w/540/format/jpg/q/75,1,0.958984375,0.048843301807202165,0.7810339978982579,0.6450054023651999,0.4916275673568866,优秀,228
6a12ba4b000000000602043f,66311aa2a57f580001f78bac,蜂丫头的蜜罐的店,6a1280f26e373100017d792f,goods_seller,162329,8763,7920,221,10168.43,62.64087131689347,5.39829605307739,0.735911,0.927226,50.95838165283203,高,B,0.083249,中,低,中,中,,,正常,4,1264.0,15928,21,B5,稳定期,http://sns-img-qn.xhscdn.com/1040g2sg320hvbfpk5m005phh2vl0u80ar3n19jo?imageView2/2/w/540/format/jpg/q/75,2,0.405029296875,0.9654174622204461,0.20087177893225583,0.11903704690437074,0.4284420960190242,优秀,229
69ef30ef000000003700f1d2,69a543361a2ce30015b99bb0,小舒君的店,69a64d5fd3a26b000143825c,goods_seller,193632,43090,1078,67,12004.92,61.998636588993556,22.25355313171377,0.720574,0.839853,-7.385599613189697,中,B,0.107004,中,低,中,低,,,正常,2,1123.0,13423,48,B3,稳定期,http://sns-img-qn.xhscdn.com/spectrum/1040g34o31vf8tg8jjm0g5oi5aenk1i82f2ppvig?imageView2/2/w/540/format/jpg/q/75,1,0.94921875,0.13623580954072495,0.2691783964596007,0.8072539703683969,0.4042227254562409,优秀,230
6a0edda3000000000603160b,62cd4db84d694d000169c095,了不起的匠人的店,6490240031f0c000013ff200,goods_seller,176027,4880,3506,146,10899.56,61.919819118657934,2.77230197640135,0.731478,0.911707,47.26428985595703,中,B,0.145833,中,中,中,中,,,正常,2,740.0,1045317,24,B5,稳定期,http://sns-img-qn.xhscdn.com/spectrum/1040g0k0320e6m7dbmk005o5fk66gbgd0llaaq8o?imageView2/2/w/540/format/jpg/q/75,2,0.95947265625,0.7593653330965173,0.219498838121457,0.14754377395911963,0.3754693150590313,优秀,231
69ce3c29000000002102c7bb,62b28d9a14b93b000180d481,林间盏旗舰店,65e97f18506b4000018a4b9d,goods_seller,363819,16838,4122,348,22486.740000000005,61.807492187049064,4.62812552395559,0.777378,0.838508,38.14682388305664,中,B,0.070134,中,中,中,中,,,正常,2,2856.0,534935,73,B6,稳定期,http://sns-img-qn.xhscdn.com/spectrum/1040g34o31uf31lerhu005nblu32gb5ud8r9s540?imageView2/2/w/540/format/jpg/q/75,2,0.88525390625,0.13196572088273167,0.0710892056303006,0.24794636117401536,0.1503337625623492,优秀,232
6a16fedd000000003701fb35,66de9b426283a200162e969d,韩要强现烤坚果的店,67bda37af2389c0001a60e91,goods_seller,503858,15450,8830,633,31093.810000000005,61.711454417712936,3.06634011963688,0.712378,0.912296,45.658180236816406,中,B,0.177263,中,低,中,中,0.08287839211213092,0.020833333333333332,正常,4,1626.0,56069,18,B6,稳定期,http://sns-img-qn.xhscdn.com/1040g008320m4g8k5ls005nfo2etg82c7d6ntl50?imageView2/2/w/540/format/jpg/q/75,2,0.857421875,0.7686825629412548,0.309370513446709,0.16204875449580391,0.4133672769612559,优秀,233
68bcf8f6000000001d0115f6,67d3c7ae5be1160015a8a12a,莓莓爱吃包的店,6883918286c0df0001a081e0,goods_seller,398500,35172,12503,3053,24501.920000000002,61.48537013801757,8.82609786700125,0.729819,0.921055,55.660011291503906,高,B,0.411027,低,低,中,中,,,正常,2,79332.0,6856,280,B4,稳定期,http://sns-img-qn.xhscdn.com/1040g00831m47dhsh52005pp4gko087plhae70m8?imageView2/2/w/540/format/jpg/q/75,1,0.95361328125,0.9028166304042153,0.22674392788952533,0.09186240989890916,0.40714098939754995,优秀,234
6a2a9049000000002202f840,64fef5d1c0583a000132014e,保罗厨房PAUL BAKERY的店,6a055a61721fd3000175b4b0,goods_seller,195178,11396,3507,138,11906.040000000003,61.00093248214451,5.83877281250961,0.691896,0.894116,56.652626037597656,高,B,0.072298,中,低,中,中,0.05982551537454128,0.0625,正常,2,850.0,238015,3,B4,稳定期,http://sns-img-qn.xhscdn.com/spectrum/1040g0k032198a62rn000449ppmvuvvb6hq99ulg?imageView2/2/w/540/format/jpg/q/75,1,0.9580078125,0.5190858902061779,0.420200405547415,0.08593460917958054,0.3417403016443912,优秀,235
6a1178e60000000038023c67,64b3780c4177e5000111ae34,奶酪猴子Cheese Monkey的店,681f62279653670001f16812,goods_seller,187659,11711,2094,112,11431.06,60.91399826280647,6.24057465935553,0.625314,0.900624,68.18297576904297,高,B,0.114769,中,中,高,中,,,正常,4,1028.0,86977,22,B5,稳定期,http://sns-img-qn.xhscdn.com/1040g008320gnvl9u5m005n44us0453rai9356ag?imageView2/2/w/540/format/jpg/q/75,1,0.294921875,0.5995145271820375,0.8525376315438924,0.03387208975326732,0.4953080828263991,优秀,236
6a0197dd0000000006035412,644a32b3ebbcb2000135d097,醒醒来喝茶的店,689f2e405251bf000128a249,goods_seller,258460,17696,4836,312,15729.23,60.85750212798886,6.84670742087751,0.712894,0.880234,74.34223937988281,高,B,0.092937,中,中,中,中,,,正常,4,935.0,205603,34,B4,稳定期,http://sns-img-qn.xhscdn.com/notes_pre_post/1040g3k032017kcegiq004a4r3pifngu7klbs1co?imageView2/2/w/540/format/jpg/q/75,2,0.95068359375,0.37240797477909504,0.3067285348489558,0.020795405769430012,0.23331063846582697,优秀,237
69dcb98d000000001a026a02,68bffae377ac78001573a42c,小关家陈皮的店,6907510fbecfcc0001957f99,goods_seller,185691,1575,2532,175,11294.800000000001,60.82578046324271,0.84818327221028,0.714748,0.916157,42.357173919677734,中,B,0.064026,中,低,中,低,,,正常,4,3551.0,8355,62,B3,稳定期,http://sns-img-qn.xhscdn.com/1040g00831ut7ndng3q005n9fhtt47t1ijvgd300?imageView2/2/w/540/format/jpg/q/75,1,0.7998046875,0.8303583322232583,0.29724109349792044,0.1979781833251928,0.44185920301545717,优秀,238
69f1676e000000001f003440,66311aa2a57f580001f78bac,蜂丫头的蜜罐的店,697865bba1496d0001e469e0,goods_seller,484836,28839,12658,807,29404.04,60.647394170399885,5.94819691607059,0.728628,0.921123,50.95838165283203,高,B,0.081804,中,中,中,中,,,正常,2,10194.0,15928,46,B5,稳定期,http://sns-img-qn.xhscdn.com/1040g00831vhdlqo5jq005phh2vl0u80ae2q3ukg?imageView2/2/w/540/format/jpg/q/75,2,0.955078125,0.903726891937895,0.23206488758640084,0.11903704690437074,0.41827627547622215,优秀,239
69b1440c0000000022038f44,62b28d9a14b93b000180d481,林间盏旗舰店,62b5302e776dfb000148a067,goods_seller,184861,8437,1539,72,11165.539999999997,60.39965163014372,4.56396968533114,0.751483,0.890107,38.14682388305664,中,B,0.082346,中,低,中,中,,,正常,2,2442.0,534935,95,B6,稳定期,http://sns-img-qn.xhscdn.com/spectrum/1040g34o31tipmahtmo105nblu32gb5udv9h6jkg?imageView2/2/w/540/format/jpg/q/75,2,0.449462890625,0.47267735298906205,0.1437695188194722,0.24794636117401536,0.2881310776608499,优秀,240
678f1cec000000001902cd2b,64c9c0c213d4fb0001ad7d8a,IMINT旗舰店,67038e8194f7580001e18993,goods_seller,223761,6718,928,137,13481.53,60.24968604895402,3.00231050093627,0.685699,0.81799,18.754539489746094,中,B,0.06559,中,中,高,中,,,正常,2,2269.0,10538,509,B4,稳定期,http://sns-img-qn.xhscdn.com/spectrum/1040g34o31cteeupcge005n30bkr4699toni7geo?imageView2/2/w/540/format/jpg/q/75,1,0.95947265625,0.08087266699228868,0.4574619244260912,0.49001672513061884,0.3427837721829996,优秀,241
69fd84090000000036018cb8,6354a6f9de29ee0001b31aae,玉堂春旗舰店,69b385254cdf2e0001fc860a,goods_seller,168011,14192,1844,109,10112.55,60.18980900060115,8.44706596591890,0.662671,0.88697,43.323890686035156,中,B,0.074308,中,低,中,中,,,正常,2,514.0,33076,37,B4,稳定期,http://sns-img-qn.xhscdn.com/note_pre_post_uhdr/1040g3r031vt8ajd72a105n5kl7bka41qko3d9qo?imageView2/2/w/540/format/jpg/q/75,1,0.736328125,0.43809481520950816,0.6128798306765537,0.18140846321211315,0.41079436969939165,优秀,242
6a0ae053000000003502a327,649bdb79e916d0000181b03c,美猪优选旗舰店,64d1c470851fb10001d4a3ee,goods_seller,215850,7968,1292,149,12976.269999999999,60.117072040769045,3.69145239749826,0.689394,0.765196,-31.35655975341797,中,B,0.074176,中,中,高,中,0.05166866620512385,0.0,正常,2,365.0,7798,27,B3,成长期,http://sns-img-qn.xhscdn.com/1040g008320a7oklh5k1g5oqggcum5hk4q25ebr0?imageView2/2/w/540/format/jpg/q/75,0,0.79736328125,0.02428844189867235,0.4353492296079215,0.9586682059707237,0.47276862582577256,优秀,243
69ae3377000000002202e8e2,68d395a5370d0a0015dedce4,一山一禾旗舰店,690ef4f981ef5a00015f62ff,goods_seller,181574,8789,1515,132,10886.87,59.95830900899909,4.84045072532411,0.83735,0.87133,-8.454434394836426,中,B,0.084245,中,中,中,中,0.05431312650442124,0.02,正常,2,1146.0,11685,97,B5,稳定期,http://sns-img-qn.xhscdn.com/notes_pre_post/1040g3k031tfphfuo5a005ngo2vbg8drs9ug2j1o?imageView2/2/w/540/format/jpg/q/75,2,0.9013671875,0.29795894202448087,0.005091544188387135,0.8160827671950623,0.37304441780264347,优秀,244
68ef38a30000000005013a60,682fcaeb65d7cf001512ed7e,谷味侬的店,68e71c577d3b3f0001fc09ea,goods_seller,194856,24031,6885,2631,11677.199999999999,59.92733095208769,12.33269696596461,0.680521,0.865829,5.75781774520874,中,B,0.256919,低,低,中,中,,,正常,2,13820.0,9631,242,B4,稳定期,http://sns-img-qn.xhscdn.com/1040g2sg31nmnbqg9mg005q0tlok3ib0t6quin6g?imageView2/2/w/540/format/jpg/q/75,1,0.95947265625,0.2587954945754333,0.49026094163965483,0.6704113198052188,0.4731559186734357,优秀,245
6a0073510000000008027c2a,66311aa2a57f580001f78bac,蜂丫头的蜜罐的店,69f0aec70511b50001aa5568,goods_seller,335965,9255,11851,416,19905.04,59.247362076406766,2.75475123896834,0.726637,0.921961,50.95838165283203,高,B,0.068454,中,中,中,中,0.04616693418362353,0.009900990099009901,正常,2,5471.0,15928,35,B5,稳定期,http://sns-img-qn.xhscdn.com/1040g2sg320044s6giq705phh2vl0u80avqqen4o?imageView2/2/w/540/format/jpg/q/75,2,0.9580078125,0.9144058138330151,0.24073827390731614,0.11903704690437074,0.42472704488156726,优秀,246
6a0c23c200000000060223bb,687ca20a7fb7e60015de0f41,九峰牧场旗舰店,6a04339c213e2700013596f3,goods_seller,277199,11200,4312,347,16407.75999999999,59.19126692376232,4.04041861622877,0.713672,0.811829,26.848913192749023,中,B,0.052851,中,低,高,中,0.05066466008623441,0.0,正常,2,546.0,12424,26,B6,稳定期,http://sns-img-qn.xhscdn.com/1040g008320vt24bu7e004a78tja2jm5i6prp1r0?imageView2/2/w/540/format/jpg/q/75,1,0.9541015625,0.07050456610866894,0.3025990556961651,0.37823956899486405,0.250447730266566,优秀,247
6a19359d000000000702ba94,659d244a60b4ac00010229ee,杯中兽小酒铺的店,6905c41e42726100016dc7e1,goods_seller,334533,21542,2399,76,19612.739999999998,58.62722063294203,6.43942451118425,0.667437,0.774169,36.45841598510742,中,B,0.070511,中,中,中,中,,,正常,4,617.0,2610,16,B4,稳定期,http://sns-img-qn.xhscdn.com/notes_pre_post/1040g3k8320o9ki586eag5n6qr6qkniiv26geu1o?imageView2/2/w/540/format/jpg/q/75,1,0.52001953125,0.029764812101298048,0.5793851664372511,0.26968903097849417,0.2929463365056811,优秀,248
69dc964800000000200389f1,66311aa2a57f580001f78bac,蜂丫头的蜜罐的店,697865bba1496d0001e469e0,goods_seller,304976,7964,15507,486,17747.27,58.192349561932744,2.61135302450029,0.721492,0.921401,50.95838165283203,高,B,0.108783,中,中,高,中,,,正常,4,7464.0,15928,62,B5,稳定期,http://sns-img-qn.xhscdn.com/1040g00831ut3gds1ia005phh2vl0u80a285j6kg?imageView2/2/w/540/format/jpg/q/75,2,0.94921875,0.9074567440758995,0.2645900862898332,0.11903704690437074,0.4303612924233678,优秀,249
6a0dd1c10000000035033f6b,684fb1444bc6800015926fd2,早農合川旗舰店,68d80225d3eed20001e2374a,goods_seller,258628,25765,5669,289,15023.74,58.090152651685045,9.96218506890205,0.714981,0.823513,37.481815338134766,中,B,0.09636,中,低,中,中,,,正常,4,1214.0,10270,25,B4,稳定期,http://sns-img-qn.xhscdn.com/note_pre_post_uhdr/1040g3r8320d5e1e25i005pvee1p391tkh0efqm0?imageView2/2/w/540/format/jpg/q/75,2,0.556640625,0.09240264641889792,0.29616062045794295,0.25838106656009946,0.21564811114564675,优秀,250
69a2797c000000001a030636,5a260bb077e3082948679c69,养瑞和旗舰店,6711d47f56c6a60001c93d89,goods_seller,197858,17360,1274,142,11458.79,57.91421120197313,8.77396921024169,0.697189,0.879413,24.458223342895508,中,B,0.079175,中,中,高,中,,,正常,2,1653.0,22958,106,B6,稳定期,http://sns-img-qn.xhscdn.com/notes_pre_post/1040g3k031t37u1h4m2kg45hegc4vila4e2mhal8?imageView2/2/w/540/format/jpg/q/75,2,0.153076171875,0.3654219025206104,0.3908130189600817,0.41394698281603837,0.3900606347655768,优秀,251
69cf8c49000000002102e810,66069483f641fa0001b4b033,好吃爱吃喜欢吃的店,67ee002d5d35ce00017e55e5,goods_seller,609270,42091,3304,533,35078.25000000001,57.574228174700885,6.90843140151329,0.728606,0.875918,12.342775344848633,中,B,0.05849,中,中,高,中,,,正常,2,8569.0,19895,72,B4,稳定期,http://sns-img-qn.xhscdn.com/spectrum/1040g34o31ugbrkug2s105pg1367hhg3o6snt2h8?imageView2/2/w/540/format/jpg/q/75,2,0.0938720703125,0.3344286073738585,0.23222769859242484,0.5831742225774462,0.38327684284790986,优秀,252
6a1fba51000000003701ebb3,66de9b426283a200162e969d,韩要强现烤坚果的店,694554654423c30001a00acf,goods_seller,276630,17532,3996,359,15758.049999999997,56.96435672197519,6.33770740700575,0.727114,0.870758,45.658180236816406,中,B,0.072817,中,低,中,中,0.04899881978829702,0.06666666666666667,正常,4,1177.0,56069,11,B6,稳定期,http://sns-img-qn.xhscdn.com/1040g008320ullpsjno005nfo2etg82c75e8vobg?imageView2/2/w/540/format/jpg/q/75,2,0.91259765625,0.29379246037032103,0.23855512632653966,0.16204875449580391,0.23146544706422154,优秀,253
69e8887a000000001b001b98,691541977bc98300158e54ed,沃尔玛旗舰店,69a923c5970f0000017e626d,goods_seller,285408,13742,5179,375,16091.59,56.38100543782935,4.81486153156183,0.7428,0.914977,25.09818458557129,中,B,0.092916,中,中,高,中,,,正常,2,3164.0,524881,52,B6,稳定期,http://sns-img-qn.xhscdn.com/notes_pre_post/1040g3k031v8on5m42s005o0s4rngbn4p1ecq2qo?imageView2/2/w/540/format/jpg/q/75,2,0.77099609375,0.8113538475200923,0.17426698044787828,0.4068869055548155,0.46416924450759534,优秀,254
6a0338ab000000003503184e,649ab9335ada740001baec25,猿小姐的甜酒铺的店,671f29efa706120001928528,goods_seller,632487,26960,5726,258,35589.25000000001,56.26874544457041,4.26253820236621,0.670288,0.856979,22.479965209960938,中,B,0.108138,中,中,高,中,0.04885930849277243,0.0,正常,4,1425.0,31040,33,B4,稳定期,http://sns-img-qn.xhscdn.com/notes_pre_post/1040g3k83202qq67ul69g5ol0mmv8depasqf6blg?imageView2/2/w/540/format/jpg/q/75,1,0.958984375,0.20685138315350118,0.559411216198215,0.4366369166555659,0.4009665053357607,优秀,255
6a0d452e0000000007029b61,5a260bb077e3082948679c69,养瑞和旗舰店,6711d47f56c6a60001c93d89,goods_seller,311118,21901,2199,233,17486.829999999998,56.206423286341504,7.03945126929332,0.736392,0.891705,24.458223342895508,中,B,0.063934,中,低,高,中,0.07794563844799995,0.04878048780487805,正常,2,1115.0,22958,25,B6,稳定期,http://sns-img-qn.xhscdn.com/1040g2sg320cktumqm80045hegc4vila444bc408?imageView2/2/w/540/format/jpg/q/75,1,0.6708984375,0.49051255864896465,0.19914006186818228,0.41394698281603837,0.36786653444439504,优秀,256
6a1fd6a8000000000803dd6f,64f70dc8dace090001ca4a7f,福喜山茶事的店,675f940fbee2b60001bd5989,goods_seller,359034,13880,4221,267,20161.08,56.15367903875399,3.86592913205992,0.726533,0.801586,30.15957260131836,中,B,0.269835,中,中,高,中,,,正常,2,744.0,15756,11,B4,稳定期,http://sns-img-qn.xhscdn.com/1040g2sg320tsbn6p7oeg5nemcr7g855k2faq2so?imageView2/2/w/540/format/jpg/q/75,1,0.958984375,0.05528173704542427,0.24118970442401907,0.34111865962139043,0.2125300336969446,优秀,257
69e77a86000000001a0275c1,642313ef970ed30001de32cd,豆蛋家旗舰店,64b1320e23c3740001f45d5a,goods_seller,252029,15450,2390,200,14107.560000000003,55.975939276829266,6.13024691602950,0.724771,0.894837,14.673693656921387,中,B,0.04052,中,中,高,中,,,正常,2,761.0,13524,54,B4,稳定期,http://sns-img-qn.xhscdn.com/1040g00831v7mh8o92i005oci944k0th8oplommg?imageView2/2/w/540/format/jpg/q/75,2,0.038604736328125,0.5280182940366769,0.2494412622293267,0.5484140727913207,0.44195787635244144,优秀,258
69e761ef0000000023011c50,64f57047a5c63e000149558c,新疆尼勒克黑蜂蜂蜜的店,668e7ad5773cdd0001f08f41,goods_seller,217041,5420,3133,162,12063.08,55.57972917559355,2.49722402679678,0.729541,0.921668,49.57783126831055,高,B,0.075805,中,低,中,中,,,正常,4,5115.0,67803,54,B6,稳定期,http://sns-img-qn.xhscdn.com/1040g00831v7kosgd2s005nikfbu087h7thd8pbg?imageView2/2/w/540/format/jpg/q/75,2,0.38134765625,0.9110533872089753,0.2279724109349792,0.12787324423131002,0.4222996807917548,优秀,259
69f08a3e0000000036032749,5fe48f2a8b8c750001fd2f88,So Acai旗舰店,69a259c5b90bc50001b695f4,goods_seller,320124,8160,2544,114,17722.62,55.36173482775425,2.54901225775012,0.678889,0.814719,-13.745989799499512,中,B,0.060729,中,低,中,中,,,正常,2,699.0,182253,47,B6,稳定期,http://sns-img-qn.xhscdn.com/1040g008320o3ikm0m2604a5bdakm0ouvpebr59g?imageView2/2/w/540/format/jpg/q/75,0,0.8271484375,0.07543329929103207,0.5011618785429895,0.8575551707295413,0.4780501161878543,优秀,260
69b2c8e3000000000600ff1e,66311aa2a57f580001f78bac,蜂丫头的蜜罐的店,697865bba1496d0001e469e0,goods_seller,191375,10290,5488,297,10566.279999999999,55.212436316133235,5.37687785760941,0.756244,0.918982,50.95838165283203,高,B,0.093947,中,中,中,中,,,正常,2,27030.0,15928,94,B5,稳定期,http://sns-img-qn.xhscdn.com/1040g2sg31tk954p6n8705phh2vl0u80a4j9qq90?imageView2/2/w/540/format/jpg/q/75,2,0.8701171875,0.8735846543226322,0.12780663972884568,0.11903704690437074,0.37347611365194955,优秀,261
691e932e000000000d00f984,6278fb55b1999c0001ecbf50,Patchi旗舰店,69f6d56aa978450001619c71,goods_seller,338331,28732,4437,89,18671.61,55.187405233336584,8.49227531618445,0.640703,0.80633,7.594381332397461,中,B,0.046695,中,低,高,中,,,正常,2,1888.0,96008,206,B5,稳定期,http://sns-img-qn.xhscdn.com/notes_pre_post/1040g3k031p3hib432s305ohgcb6od0u6bkr6mq0?imageView2/2/w/540/format/jpg/q/75,2,0.95947265625,0.06174977428474165,0.7665660198629427,0.6450054023651999,0.49110706550429467,优秀,262
6867c8ef0000000012032c2d,62b28d9a14b93b000180d481,林间盏旗舰店,669b6398d50cd40001e6ac5b,goods_seller,333698,18479,3895,341,18405.319999999992,55.155619751991296,5.53764181984909,0.812929,0.88262,38.14682388305664,中,B,0.072489,中,低,中,中,,,正常,2,5135.0,534935,345,B6,稳定期,http://sns-img-qn.xhscdn.com/1040g2sg31jh1efj234lg5nblu32gb5udo98i0q8?imageView2/2/w/540/format/jpg/q/75,2,0.038055419921875,0.3947278836049317,0.01982594023355979,0.24794636117401536,0.22083339500416896,优秀,263
68fcdd2d000000000301844a,687ca20a7fb7e60015de0f41,九峰牧场旗舰店,68fae980ce94ee0001973ae6,goods_seller,206864,13093,3089,212,11407.839999999997,55.146569726970355,6.32927913991801,0.675193,0.854116,26.848913192749023,中,B,0.047147,中,低,高,中,0.05015404366476591,0.037209302325581395,正常,2,4090.0,12424,232,B6,稳定期,http://sns-img-qn.xhscdn.com/notes_pre_post/1040g3k831thf045tlm704a78tja2jm5it0u4928?imageView2/2/w/540/format/jpg/q/75,1,0.95166015625,0.19249441262229328,0.525605730947412,0.37823956899486405,0.36544657085485643,优秀,264
6a02fa780000000035033c97,64814828ebbcb2000160c841,大师的菜的店,69ef13563a4daf0001dcf20d,goods_seller,307735,31567,5222,477,16914.899999999998,54.96579849545874,10.25785172307342,0.728564,0.901561,43.53398513793945,中,B,0.588451,中,中,中,中,0.07174413720535677,0.06976744186046512,正常,2,1479.0,180589,33,B3,稳定期,http://sns-img-qn.xhscdn.com/spectrum/1040g34o3202i0ogn1m2g5nl7r8og9ds3g9tq448?imageView2/2/w/540/format/jpg/q/75,2,0.10821533203125,0.6118955641401359,0.23243491260009178,0.17864807660997883,0.3409928511167355,优秀,265
6a18425e0000000035023b0a,684d77e5a0b1ce0015a9b287,向往一杯的店,69f3271e30d0860001e91013,goods_seller,369634,23705,5806,489,20313.300000000014,54.95517187271738,6.41310052646672,0.746764,0.88691,-6.631027698516846,中,B,0.059121,中,中,高,中,0.04876733321936861,0.008064516129032258,正常,2,1548.0,9210,17,B5,稳定期,http://sns-img-qn.xhscdn.com/1040g008320mrn8u6li505pvrh1a1jv4qtcdfnvg?imageView2/2/w/540/format/jpg/q/75,2,0.7431640625,0.43759898169116235,0.159761999911194,0.8005047141186744,0.4659552319070103,优秀,266
689990800000000023021280,608be29eb904dd0001582ce4,八千步旗舰店,634370215b203e00015d4bb8,goods_seller,201146,21500,7871,760,10995.399999999996,54.66377656030941,10.68875344277291,0.720741,0.887702,25.26001739501953,中,B,0.073996,中,低,中,中,,,正常,4,4773.0,45498,307,B3,稳定期,http://sns-img-qn.xhscdn.com/notes_pre_post/1040g3k831l1kudboj2005nf149c09ahfv6po150?imageView2/2/w/540/format/jpg/q/75,1,0.95947265625,0.44627976851235146,0.2682755354261948,0.4038008969406332,0.3727854002930598,优秀,267
6a1945fe0000000035020c3a,68d395a5370d0a0015dedce4,一山一禾旗舰店,690ef9db1b78790001a6ca79,goods_seller,711140,36932,6412,474,38705.650000000016,54.427609190876645,5.19335152009450,0.764034,0.874163,-8.454434394836426,中,B,0.0,中,中,高,中,0.04621453210711479,0.0,正常,4,2120.0,11685,16,B5,稳定期,http://sns-img-qn.xhscdn.com/1040g008320oc122i6o2g5ngo2vbg8drst2r0c20?imageView2/2/w/540/format/jpg/q/75,2,0.6474609375,0.3202196468481269,0.10457646936932936,0.8160827671950623,0.41362629447083954,优秀,268
6a267c4900000000080262c5,64f70dc8dace090001ca4a7f,福喜山茶事的店,675f940fbee2b60001bd5989,goods_seller,468456,23926,9528,332,25399.59,54.21979865771812,5.10741670509077,0.708642,0.762108,30.15957260131836,中,B,0.066165,中,低,中,中,0.07113416184272085,0.02857142857142857,正常,2,987.0,15756,6,B4,稳定期,http://sns-img-qn.xhscdn.com/1040g2sg32158pl0rnoe05nemcr7g855kfuo3s0o?imageView2/2/w/540/format/jpg/q/75,2,0.9580078125,0.02265293133815846,0.32833059514823204,0.34111865962139043,0.23070072870259364,优秀,269
68397b5d0000000022006b94,65e9865d7916650001e194d5,潮味说旗舰店,6645cd4354f4dc0001b4bc02,goods_seller,214338,14732,1309,188,11565.09,53.9572544299191,6.87325625880618,0.644572,0.867989,27.467716217041016,中,B,0.06884,中,中,高,中,,,正常,2,819.0,910,380,B3,成长期,http://sns-img-qn.xhscdn.com/1040g2sg31i3qhn4a7ce05nvqk840bvslc5dr4c8?imageView2/2/w/540/format/jpg/q/75,1,0.95703125,0.27336707961458195,0.7412267069253882,0.3719713452629398,0.4621883772676367,优秀,270
6a09ae6900000000360301a1,66de9b426283a200162e969d,韩要强现烤坚果的店,66dee783f63d3900013b7837,goods_seller,273754,6817,3311,315,14748.989999999998,53.876801800156336,2.49019192413627,0.663552,0.84982,45.658180236816406,中,B,0.079257,中,低,高,中,0.044203922094311565,0.046875,正常,4,359.0,56069,28,B6,稳定期,http://sns-img-qn.xhscdn.com/notes_uhdr/1040g3qo32094p2al62705nfo2etg82c7ckv4ing?imageView2/2/w/540/format/jpg/q/75,2,0.82763671875,0.1734825274188535,0.6065376019418913,0.16204875449580391,0.31402296128551627,优秀,271
6a1848ab000000003601db10,66de9b426283a200162e969d,韩要强现烤坚果的店,6914010dedfc710001e43528,goods_seller,295916,10892,3449,441,15794.350000000002,53.37443734032632,3.68077427378040,0.726819,0.890445,45.658180236816406,中,B,0.048103,中,低,中,中,0.06679634936153889,0.025,正常,4,419.0,56069,17,B6,稳定期,http://sns-img-qn.xhscdn.com/1040g2sg320na1jhe68eg5nfo2etg82c7jmd1vh0?imageView2/2/w/540/format/jpg/q/75,2,0.9560546875,0.4762517946213164,0.23986501487500556,0.16204875449580391,0.29272185466404194,优秀,272
67ff9b7c000000001a00724b,66069483f641fa0001b4b033,好吃爱吃喜欢吃的店,67ee002d5d35ce00017e55e5,goods_seller,228051,25332,1464,180,12037.42,52.78389483054229,11.10804162226870,0.723775,0.849071,12.342775344848633,中,B,0.0573,中,中,中,中,,,正常,2,17237.0,19895,424,B4,稳定期,http://sns-img-qn.xhscdn.com/spectrum/1040g0k031gb9obrkj6005pg1367hhg3ongjq7ag?imageView2/2/w/540/format/jpg/q/75,2,0.060089111328125,0.17027071030001628,0.2538001568906058,0.5831742225774462,0.33574836325602275,优秀,273
68453603000000001101c523,62b28d9a14b93b000180d481,林间盏旗舰店,669b6398d50cd40001e6ac5b,goods_seller,486945,20896,4728,423,25447.56999999999,52.25963917896269,4.29124439105032,0.764241,0.900652,38.14682388305664,中,B,0.105344,低,低,中,中,,,正常,2,4129.0,534935,371,B6,稳定期,http://sns-img-qn.xhscdn.com/1040g00831if8tv35g2705nblu32gb5udrjca9b8?imageView2/2/w/540/format/jpg/q/75,2,0.115478515625,0.5998401491940856,0.10402883234906679,0.24794636117401536,0.31727178090572256,优秀,274
6a157b290000000036030c79,6278fb55b1999c0001ecbf50,Patchi旗舰店,69f6d56aa978450001619c71,goods_seller,319060,11196,2028,74,16467.489999999998,51.61251802168871,3.50905785745628,0.656934,0.835653,7.594381332397461,中,B,0.059655,中,中,高,中,,,正常,2,446.0,96008,19,B5,稳定期,http://sns-img-qn.xhscdn.com/1040g008320klgjt862005ohgcb6od0u6oa2vheg?imageView2/2/w/540/format/jpg/q/75,1,0.95947265625,0.12342554356674511,0.6533161641726981,0.6450054023651999,0.47391570336821437,优秀,275
6a180d28000000003703736a,68b69eb7ae353f0015acf606,老黄寻味的店,6a13ef44017ffc000114c372,goods_seller,279968,12440,3751,199,14288.78,51.03718996456738,4.44336495599497,0.68264,0.74473,67.12177276611328,高,A,0.078965,中,低,中,中,,,正常,4,1877.0,67328,17,B3,成长期,http://sns-img-qn.xhscdn.com/1040g2sg320n5nd6flme05okn9hu8cfqtfrpo8fg?imageView2/2/w/540/format/jpg/q/75,2,0.397216796875,0.015674259579947603,0.4767698296404837,0.037476133386616935,0.17664007420234942,优秀,276
69def9760000000021010668,66de9b426283a200162e969d,韩要强现烤坚果的店,66dee783f63d3900013b7837,goods_seller,209270,6258,2464,235,10679.32,51.031299278444116,2.99039518325608,0.635434,0.844486,45.658180236816406,中,B,0.121195,中,低,高,中,,,正常,4,562.0,56069,60,B6,稳定期,http://sns-img-qn.xhscdn.com/notes_pre_post/1040g3k031uvdcod5iae05nfo2etg82c72uoceg8?imageView2/2/w/540/format/jpg/q/75,2,0.9384765625,0.1525317111436733,0.7992318280715777,0.16204875449580391,0.37127076457035163,优秀,277
6a11b4ba0000000007011691,66311aa2a57f580001f78bac,蜂丫头的蜜罐的店,69f0aec70511b50001aa5568,goods_seller,292706,4639,8984,327,14780.130000000001,50.494796826850155,1.58486672633974,0.707049,0.913774,50.95838165283203,高,B,0.291793,中,低,中,低,,,正常,2,2100.0,15928,22,B5,稳定期,http://sns-img-qn.xhscdn.com/1040g008320gvdu3m62005phh2vl0u80a2ms6c9g?imageView2/2/w/540/format/jpg/q/75,2,0.248291015625,0.7922235543122715,0.33666355845655166,0.11903704690437074,0.4159747198910646,优秀,278
6a1b2d9d0000000036032aed,62cd4db84d694d000169c095,了不起的匠人的店,6490240031f0c000013ff200,goods_seller,641074,28601,8126,396,32306.769999999993,50.39475941934939,4.46141943051816,0.693624,0.875913,47.26428985595703,中,B,0.178041,中,中,中,中,,,正常,2,984.0,1045317,14,B5,稳定期,http://sns-img-qn.xhscdn.com/notes_uhdr/1040g3qo320q7hi0pls005o5fk66gbgd06u9el50?imageView2/2/w/540/format/jpg/q/75,1,0.96044921875,0.3343620028713941,0.4107573671980226,0.14754377395911963,0.29755438134284545,优秀,279
69fa92c90000000035029fa0,68d395a5370d0a0015dedce4,一山一禾旗舰店,690ef4f981ef5a00015f62ff,goods_seller,354690,19568,2802,225,17812.940000000002,50.22115086413489,5.51693027714342,0.79182,0.881055,-8.454434394836426,中,B,0.068197,中,中,高,中,,,正常,2,812.0,11685,39,B5,稳定期,http://sns-img-qn.xhscdn.com/1040g2sg31vqcg1c754705ngo2vbg8drs99gd1a8?imageView2/2/w/540/format/jpg/q/75,2,0.67578125,0.37983067655373504,0.04446220564510161,0.8160827671950623,0.4134585497979663,优秀,280
69fae71100000000350338fe,6274faa7430f29000171f00c,南食召食品旗舰店,66179c316a084a000138f722,goods_seller,592697,23047,7418,984,29726.830000000005,50.15518890765434,3.88849614558535,0.709824,0.910128,42.375083923339844,中,B,0.078763,中,中,高,中,,,正常,4,1741.0,96346,39,B6,稳定期,http://sns-img-qn.xhscdn.com/notes_pre_post/1040g3k831vqmon2sk8705ohhijv41nps5smml3o?imageView2/2/w/540/format/jpg/q/75,2,0.053009033203125,0.7349806846942853,0.32238059292808197,0.19378209966993767,0.41704779243076834,优秀,281
6a229dd60000000007013c77,62cd4db84d694d000169c095,了不起的匠人的店,6490240031f0c000013ff200,goods_seller,400645,11320,7238,242,20039.91,50.01911917033783,2.82544397159580,0.744131,0.906941,47.26428985595703,中,B,0.104401,中,低,中,中,0.045309523534443646,0.027777777777777776,正常,2,1314.0,1045317,9,B5,稳定期,http://sns-img-qn.xhscdn.com/spectrum/1040g0k03211fvnmumu005o5fk66gbgd062bms2o?imageView2/2/w/540/format/jpg/q/75,1,0.80078125,0.6856785518701064,0.16938265026715807,0.14754377395911963,0.33420165869879465,优秀,282
6a03f61a000000003502e3f0,642bcc416fdda100018aaf16,湘野红姐旗舰店,68357c279e365d0001823628,goods_seller,340589,11376,3781,466,17001.279999999995,49.9172903411443,3.34009612759073,0.701305,0.898129,34.19127655029297,中,B,0.400056,中,中,中,中,,,正常,2,1347.0,37738,32,B4,稳定期,http://sns-img-qn.xhscdn.com/1040g2sg3203hjdfml4jg5nv2vqdg830grtlvu2g?imageView2/2/w/540/format/jpg/q/75,1,0.8203125,0.5680253985169398,0.3680342791172683,0.29104687476873436,0.4090355174676475,优秀,283
6a0870ef000000003700d509,62cd4db84d694d000169c095,了不起的匠人的店,6490240031f0c000013ff200,goods_seller,243888,13572,3891,154,12165.839999999998,49.88289706750639,5.56484943908679,0.746437,0.862635,47.26428985595703,中,B,0.285227,中,中,中,中,,,正常,2,745.0,1045317,29,B5,稳定期,http://sns-img-qn.xhscdn.com/note_pre_post_uhdr/1040g3r83207tpi8tmed05o5fk66gbgd07iq8qc0?imageView2/2/w/540/format/jpg/q/75,1,0.94140625,0.23848112132380148,0.16102748545801696,0.14754377395911963,0.1823507935803127,优秀,284
69fb1747000000003701e032,6678d55c0047b40001a41b9d,DailySeeds&Co种子世界的店,69fb14b998ac430001d4628a,goods_seller,241647,14093,7022,342,12023.019999999999,49.75447657119682,5.83206081598365,0.682493,0.902611,76.61597442626953,高,B,0.077887,中,低,中,中,,,正常,4,2309.0,18256,39,B4,稳定期,http://sns-img-qn.xhscdn.com/notes_pre_post/1040g3k831vqsjmqm3q705pfp9iu1hvaeakk6o1g?imageView2/2/w/540/format/jpg/q/75,1,0.955078125,0.6256086911475216,0.4776504891730681,0.017028551130056392,0.37342924381688203,优秀,285
6a1e54bb00000000080240a4,62cd4db84d694d000169c095,了不起的匠人的店,6490240031f0c000013ff200,goods_seller,281507,18881,5185,171,13959.96,49.590099002866715,6.70711563122764,0.721524,0.856317,47.26428985595703,中,B,0.31964,中,中,中,中,,,正常,2,824.0,1045317,12,B5,稳定期,http://sns-img-qn.xhscdn.com/spectrum/1040g0k0320t99t3j74005o5fk66gbgd0mradeog?imageView2/2/w/540/format/jpg/q/75,1,0.9580078125,0.2034175510264494,0.2644050737829877,0.14754377395911963,0.20512213292285228,优秀,286
6a127db70000000035021865,666d19998fb0240001604dfc,味里河山旗舰店,674e9c446e529e0001a63153,goods_seller,339952,25286,3751,364,16743.570000000003,49.25274744669837,7.43810890949310,0.620865,0.88203,49.49422836303711,高,B,0.081354,中,中,高,中,0.061748314861740386,0.05714285714285714,正常,2,844.0,3336,21,B4,稳定期,http://sns-img-qn.xhscdn.com/notes_pre_post/1040g3k0320hnohmd5e0049p2tna1g1ahusdmbpg?imageView2/2/w/540/format/jpg/q/75,1,0.91015625,0.3892219114012107,0.8713201012388437,0.1292127347808712,0.46325158247364184,优秀,287
6a0982c9000000003701eab9,675d032dd58a3b0015497dab,Baratti & Milano旗舰店,68d218a99479760001439539,goods_seller,240805,17135,2557,124,11787.1,48.948734453188266,7.11571603579660,0.633265,0.870509,35.61516571044922,中,B,0.118972,中,中,高,中,,,正常,2,935.0,8232,28,B4,稳定期,http://sns-img-qn.xhscdn.com/notes_pre_post/1040g3k83208v2k11620g5p9faisqmnsude2p038?imageView2/2/w/540/format/jpg/q/75,1,0.95947265625,0.2919053328004973,0.812019892544736,0.27705252875094355,0.46032591803205897,优秀,288
6a2537c50000000017009ff6,62cd4db84d694d000169c095,了不起的匠人的店,67ff7fe5abbc830001b721f3,goods_seller,529139,54392,10170,129,25824.47,48.80469971028406,10.27934058914576,0.663688,0.886211,47.26428985595703,中,B,0.223088,中,中,高,中,0.04579372195383677,0.038461538461538464,正常,4,1473.0,1045317,7,B5,稳定期,http://sns-img-qn.xhscdn.com/1040g0083214150dvne005o5fk66gbgd0ve0tc5o?imageView2/2/w/540/format/jpg/q/75,1,0.95947265625,0.4300652724124151,0.6054719299024615,0.14754377395911963,0.3943603254246654,优秀,289
69ba626a000000002202b487,6475a6be275ad100015c7c41,馥华旗舰店,648193dbd171fa000122df14,goods_seller,309127,16798,1983,225,15075.099999999999,48.766688124945404,5.43401255794544,0.717386,0.916918,41.29946517944336,中,B,0.073548,中,中,中,中,,,正常,2,1330.0,25914,88,B4,稳定期,http://sns-img-qn.xhscdn.com/spectrum/1040g34o31trmn7tnmi105oincm88d4dq8d4bk08?imageView2/2/w/540/format/jpg/q/75,2,0.0386962890625,0.8425987596761542,0.2849266610422865,0.21132868581916137,0.4462847021792007,优秀,290
6a0ac42c000000003503b3c2,64462f2376c7f600018ea30e,米曰MIYUE旗舰店,69e84f48bd8c350001989d3c,goods_seller,221538,14989,2428,106,10762.380000000001,48.580288708934816,6.76588215114337,0.683566,0.886893,57.298892974853516,高,B,0.067558,中,中,高,中,,,正常,2,661.0,7033,27,B4,稳定期,http://sns-img-qn.xhscdn.com/spectrum/1040g0k0320a6jhqhlg2049cfv8sslsf7h4sq7d8?imageView2/2/w/540/format/jpg/q/75,1,0.043060302734375,0.4374361706851383,0.47099003892663144,0.07949617394135844,0.32930746118437604,优秀,291
6a02a4a4000000003700c01f,66de9b426283a200162e969d,韩要强现烤坚果的店,6780e138b1ef540001b3fed5,goods_seller,244961,13254,3406,362,11860.019999999999,48.41595192704144,5.41065720665739,0.683356,0.868495,45.658180236816406,中,B,0.157734,中,低,中,低,,,正常,4,811.0,56069,33,B6,稳定期,http://sns-img-qn.xhscdn.com/1040g2sg32026uhm02ae05nfo2etg82c7i976a2o?imageView2/2/w/540/format/jpg/q/75,2,0.94140625,0.2770229267498483,0.47218151947071624,0.16204875449580391,0.3037510669054561,优秀,292
694a116b000000001e02d2f7,623463a0d5964e00011b942c,知食大爆炸旗舰店,66a70b128c56b40001693e1f,goods_seller,367302,17006,4839,839,17755.170000000002,48.339431857163866,4.62997751169337,0.644406,0.698091,11.313828468322754,中,B,0.044136,中,中,高,中,,,正常,2,894.0,29288,173,B4,稳定期,http://sns-img-qn.xhscdn.com/spectrum/1040g34o31qe0jl63mu405ndv0jdg9f3kaseuol0?imageView2/2/w/540/format/jpg/q/75,1,0.95947265625,0.00626082323165046,0.7423515829670085,0.5964063170670337,0.4483395744218976,优秀,293
6a0ec245000000003700ece3,675d032dd58a3b0015497dab,Baratti & Milano旗舰店,68d218a99479760001439530,goods_seller,234509,9941,1966,114,11156.140000000001,47.572331978730034,4.23906971587444,0.641899,0.871039,35.61516571044922,中,B,0.167272,中,中,高,中,,,正常,2,727.0,8232,24,B4,稳定期,http://sns-img-qn.xhscdn.com/notes_pre_post/1040g3k8320e3cs5u5s4g5p9faisqmnsuvfqkrng?imageView2/2/w/540/format/jpg/q/75,1,0.95947265625,0.2958646004469902,0.7586622855705045,0.27705252875094355,0.4438598049228128,优秀,294
69eb35d90000000020007002,69a543361a2ce30015b99bb0,小舒君的店,69a64d5fd3a26b000143825c,goods_seller,293650,70020,1050,78,13932.59,47.44624553039333,23.84471309381917,0.686909,0.859359,-7.385599613189697,中,B,0.073066,中,低,低,低,,,正常,2,1217.0,13423,51,B3,稳定期,http://sns-img-qn.xhscdn.com/spectrum/1040g34o31vbchgon2sf05oi5aenk1i825b6ml38?imageView2/2/w/540/format/jpg/q/75,1,0.25390625,0.21967645012802867,0.45037964566404687,0.8072539703683969,0.49243668872015744,优秀,295
6a13c3960000000036033834,61ab5b271156ae000128181a,闽熙元菌菇的店,668f4d7f7221e10001597c15,goods_seller,314031,22406,2877,316,14876.890000000001,47.37395352688111,7.13496438249727,0.710531,0.921771,44.616676330566406,中,B,0.059812,中,中,中,中,,,正常,4,727.0,34450,20,B4,稳定期,http://sns-img-qn.xhscdn.com/1040g008320ivplv2m8004918qd8i7e8r4shqpmg?imageView2/2/w/540/format/jpg/q/75,2,0.411376953125,0.9123040717552506,0.3187765492947323,0.16870180424196676,0.46659414176398323,优秀,296
6a031ca10000000007012d5d,661e4d64f0b5350001a34a73,千里一杯MilesOneCup的店,67bd92203298ba0001251f17,goods_seller,638164,24204,5460,419,29963.45,46.95258585567346,3.79275546724666,0.684739,0.848455,-4.510975360870361,中,B,0.049688,中,中,中,中,,,正常,2,1042.0,30953,33,B5,稳定期,http://sns-img-qn.xhscdn.com/notes_pre_post/1040g3k03202ndv4uia0g5p039s2k4j3tt29qiro?imageView2/2/w/540/format/jpg/q/75,1,0.95361328125,0.16771013720527508,0.4636487426550035,0.778991459822684,0.4701167798943209,优秀,297
6a1ce0120000000035021c26,68d395a5370d0a0015dedce4,一山一禾旗舰店,690ef9db1b78790001a6ca79,goods_seller,313611,15901,2358,178,14700.439999999999,46.87475885731048,5.07029409044963,0.776056,0.900849,-8.454434394836426,中,B,0.056656,中,中,高,中,,,正常,4,812.0,11685,13,B5,稳定期,http://sns-img-qn.xhscdn.com/1040g2sg320rsj1tc5ce05ngo2vbg8drspcmhhng?imageView2/2/w/540/format/jpg/q/75,2,0.9482421875,0.6023341177863624,0.07389399523407783,0.8160827671950623,0.4974369600718342,优秀,298
6a23d1e500000000060320c6,6530e05387a68200012bd12e,渡野食坊的店,681b10b270bae10001d7fb37,goods_seller,257700,29861,2392,198,12046.720000000003,46.74707023670937,11.58750485060147,0.727358,0.862264,-32.353233337402344,中,B,0.166815,低,低,中,中,,,正常,2,722.0,1238,8,B4,稳定期,http://sns-img-qn.xhscdn.com/1040g2sg3211jnkstna505ppmq0on3fevp9ti89o?imageView2/2/w/540/format/jpg/q/75,2,0.1806640625,0.23633497624439412,0.23754865828930036,0.9630493021328241,0.4789776455555062,优秀,299
6a1aca5b000000003601ec40,669758b3d5743b000108efc8,阿泉的茶的店,69ce84023752710001b7bd2e,goods_seller,518498,39157,8625,169,24089.170000000002,46.459523469714455,7.55200598652261,0.689756,0.912645,44.722755432128906,中,B,0.061368,中,中,高,中,0.04690937851555645,0.0125,正常,2,2755.0,13384,15,B4,稳定期,http://sns-img-qn.xhscdn.com/notes_pre_post/1040g3k8320pr4e5v6e005p6cmobiov9hhugrk1g?imageView2/2/w/540/format/jpg/q/75,1,0.96044921875,0.7744401521542856,0.4332400870298832,0.167917351212942,0.4585325301323702,优秀,300
6a103e140000000035039cc1,6407ef3d9cd18100012e2bbb,Mamiya旗舰店,68be87e2a50cd90001653726,goods_seller,426725,34552,3333,395,19720.79,46.21428320346828,8.09701798582225,0.775209,0.91713,12.765600204467773,中,B,0.0609,中,中,高,中,,,正常,4,1237.0,32354,23,B5,稳定期,http://sns-img-qn.xhscdn.com/1040g2sg320fhpj99lcl05omorn6gg6a601u3fs0?imageView2/2/w/540/format/jpg/q/75,2,0.040985107421875,0.8456255642881458,0.0758403268060921,0.5773870313633201,0.4996176408191861,优秀,301
6a12faa00000000036019411,66de9b426283a200162e969d,韩要强现烤坚果的店,67bda37af2389c0001a60e91,goods_seller,787203,30537,7786,744,36154.69000000002,45.92803889212823,3.87917728972069,0.677621,0.862072,45.658180236816406,中,B,0.084087,中,中,中,中,0.09931430843873666,0.019230769230769232,正常,4,1105.0,56069,21,B6,稳定期,http://sns-img-qn.xhscdn.com/1040g2sg320i761uum8s05nfo2etg82c7l5cen30?imageView2/2/w/540/format/jpg/q/75,2,0.9560546875,0.2352471027041428,0.5098130633630833,0.16204875449580391,0.3023696401876767,优秀,302
69f875ea000000003601ccc4,65798517e8c3210001a4e77b,合为养旗舰店,69f4953d0283e20001805ea1,goods_seller,497529,14096,3941,252,22761.27,45.74862972811635,2.83320168271598,0.668828,0.822325,-8.752756118774414,中,B,0.088052,中,中,中,中,,,正常,2,1585.0,154383,41,B6,稳定期,http://sns-img-qn.xhscdn.com/spectrum/1040g34o31voaa0rsk8105o8v0980amn5kq0omdo?imageView2/2/w/540/format/jpg/q/75,1,0.9453125,0.08964225981676362,0.569646108076906,0.8195165993221142,0.4929349890719279,优秀,303
6a014fce0000000037036199,66de9b426283a200162e969d,韩要强现烤坚果的店,66dee783f63d3900013b7837,goods_seller,384247,11854,4554,376,17514.05,45.580186702823966,3.08499480802713,0.658177,0.848839,45.658180236816406,中,B,0.070552,中,低,高,中,,,正常,4,474.0,56069,34,B6,稳定期,http://sns-img-qn.xhscdn.com/note_pre_post_uhdr/1040g3r03200uraaa2q005nfo2etg82c7au3s6e0?imageView2/2/w/540/format/jpg/q/75,2,0.8701171875,0.16938265026715807,0.6446057753504136,0.16204875449580391,0.32534572670445855,优秀,304
6a0c40cc0000000007010714,66311aa2a57f580001f78bac,蜂丫头的蜜罐的店,697865bba1496d0001e469e0,goods_seller,256325,15878,8379,350,11561.94,45.10656393250756,6.19447966448844,0.685619,0.92168,50.95838165283203,高,B,0.220993,中,中,中,中,,,正常,4,2659.0,15928,26,B5,稳定期,http://sns-img-qn.xhscdn.com/1040g2sg320bl1t13m2705phh2vl0u80amnpu9gg?imageView2/2/w/540/format/jpg/q/75,2,0.95166015625,0.9112013972144517,0.45795775794443705,0.11903704690437074,0.4960654006877531,优秀,305
6a02e644000000003600274c,659bbef7d5a11d0001eca248,公路咖啡HIGHWAYWANG的店,682fff58fde0e20001ea30c1,goods_seller,235234,16992,3798,155,10588.380000000001,45.01211559553467,7.22344559034833,0.666551,0.912076,47.335147857666016,中,B,0.118231,中,中,高,中,,,正常,2,893.0,26307,33,B4,稳定期,http://sns-img-qn.xhscdn.com/notes_pre_post/1040g3k83202gk29il41g5o6ep3d84k9tlloih9g?imageView2/2/w/540/format/jpg/q/75,1,0.95947265625,0.7649971138048932,0.5855719846661634,0.14522741737341444,0.49859883861482374,优秀,306
6a048c560000000007028e4c,66311aa2a57f580001f78bac,蜂丫头的蜜罐的店,69f0aec70511b50001aa5568,goods_seller,924535,19968,29619,908,41544.15,44.935183632853274,2.15978843418583,0.734885,0.924888,50.95838165283203,高,B,0.085993,中,中,中,中,0.047697608229480215,0.05063291139240506,正常,2,11135.0,15928,32,B5,稳定期,http://sns-img-qn.xhscdn.com/1040g008320449th42a0g5phh2vl0u80a4os5bp8?imageView2/2/w/540/format/jpg/q/75,2,0.7001953125,0.9463981765167325,0.20517146959134439,0.11903704690437074,0.4235355643374825,优秀,307
6a13f18d00000000360029e8,68d395a5370d0a0015dedce4,一山一禾旗舰店,690ef9db1b78790001a6ca79,goods_seller,937058,50652,8629,507,42062.329999999994,44.88764836328167,5.40542847934706,0.768101,0.879068,-8.454434394836426,中,B,0.068243,中,中,高,中,0.04617488730698824,0.01,正常,2,2537.0,11685,20,B5,稳定期,http://sns-img-qn.xhscdn.com/notes_pre_post/1040g3k8320j57geb5cag5ngo2vbg8drsbq8uhs0?imageView2/2/w/540/format/jpg/q/75,2,0.8154296875,0.36240249840889244,0.09337211195476815,0.8160827671950623,0.42395245918624097,优秀,308
6a0eaf8e0000000007023cf6,5dbbdcabf0532b000145665c,三家村旗舰店,66bade1da7c583000133d6b3,goods_seller,322252,22322,4143,340,14419.729999999998,44.74675098990851,6.92687710239192,0.656966,0.80938,18.918254852294922,中,B,0.074582,中,中,高,中,,,正常,2,1112.0,25919,24,B4,稳定期,http://sns-img-qn.xhscdn.com/spectrum/1040g34o320dqf9la6k105n61rceli69oav44s8o?imageView2/2/w/540/format/jpg/q/75,2,0.76708984375,0.06662670396518805,0.6531311516658526,0.48781877654929473,0.4025255440601118,优秀,309
6a1c15f6000000003700e9f3,65435ca6368edf00013dcfb2,跳角旗舰店,687745088fe34700017a1507,goods_seller,740734,39548,13954,572,32977.52999999997,44.520070632642714,5.33902858516012,0.677392,0.826788,36.51369094848633,中,B,0.044829,中,中,高,中,,,正常,2,1322.0,12922,14,B4,稳定期,http://sns-img-qn.xhscdn.com/spectrum/1040g34o320r3pl5olc105p5nhgcl7b7bous9jp8?imageView2/2/w/540/format/jpg/q/75,1,0.047607421875,0.1001509702055859,0.5112339594156565,0.2688675754481003,0.2934175016897809,优秀,310
69fae78f0000000036032ad3,65826e17c98601000168e592,以味坊健康日记的店,693ed2f669110000019ca120,goods_seller,257207,15596,1948,186,11430.909999999998,44.44245296589906,6.06359858013196,0.621248,0.840351,38.548118591308594,中,B,0.070952,中,中,高,中,,,正常,4,635.0,31947,39,B5,稳定期,http://sns-img-qn.xhscdn.com/1040g00831vqij9pu2ikg5nhu55b09fee83pledg?imageView2/2/w/540/format/jpg/q/75,2,0.94189453125,0.13807853410890575,0.8697659961813419,0.24198155795331763,0.4166086960811884,优秀,311
668ce69b00000000250143e1,64c9c0c213d4fb0001ad7d8a,IMINT旗舰店,65618f30d28d5d00018d3186,goods_seller,279838,6302,1407,186,12380.449999999999,44.24148971905173,2.25201723854516,0.665099,0.875136,18.754539489746094,中,B,0.078317,中,低,中,中,,,正常,2,7760.0,10538,705,B4,稳定期,http://sns-img-qn.xhscdn.com/spectrum/1040g34o31518m7i4gq0g5n30bkr4699t0lpbp10?imageView2/2/w/540/format/jpg/q/75,2,0.95947265625,0.3280271746370055,0.5956440655388304,0.49001672513061884,0.4712293217688182,优秀,312
69ff120000000000380379ed,5fe48f2a8b8c750001fd2f88,So Acai旗舰店,6646f76695742c000119a2fa,goods_seller,256225,15180,2803,92,11276.050000000001,44.00839106254269,5.92448043711582,0.693069,0.815266,-13.745989799499512,中,B,0.064089,中,中,高,中,,,正常,2,948.0,182253,36,B6,稳定期,http://sns-img-qn.xhscdn.com/spectrum/1040g34o31vup5k0g48104a5bdakm0ouvrf7v7lg?imageView2/2/w/540/format/jpg/q/75,2,0.67724609375,0.07626955582197356,0.41376937080946674,0.8575551707295413,0.4491980324536606,优秀,313
6a044d2d00000000080003ab,687ca20a7fb7e60015de0f41,九峰牧场旗舰店,6a04339c213e2700013596f3,goods_seller,832027,52687,11908,783,35993.26999999999,43.259737965234294,6.33236661791024,0.664639,0.719453,26.848913192749023,中,B,0.047906,中,低,中,中,0.08499840873572015,0.10309278350515463,正常,2,2548.0,12424,32,B6,稳定期,http://sns-img-qn.xhscdn.com/note_pre_post_uhdr/1040g3r83203sc9agia804a78tja2jm5is8gh6mg?imageView2/2/w/540/format/jpg/q/75,2,0.9580078125,0.009361632846380415,0.5988262806565724,0.37823956899486405,0.3288091608326056,优秀,314
6a18072b0000000035039bcd,659bbef7d5a11d0001eca248,公路咖啡HIGHWAYWANG的店,682fff58fde0e20001ea30c1,goods_seller,297831,20978,7152,207,12739.429999999997,42.77402285188579,7.04359183563833,0.732837,0.913289,47.335147857666016,中,B,0.083697,中,中,高,中,0.04651965041245733,0.0,正常,4,985.0,26307,17,B4,稳定期,http://sns-img-qn.xhscdn.com/notes_pre_post/1040g3k0320n4triu5e405o6ep3d84k9tkqcif1o?imageView2/2/w/540/format/jpg/q/75,2,0.958984375,0.7847860515370839,0.21372644790787856,0.14522741737341444,0.3812466389394589,优秀,315
6a1e40e6000000002100af87,623d6afba584000001fe6de6,无聊的瓶子旗舰店,69c0fccad6abc60001bfbb41,goods_seller,292372,31735,5412,177,12479.7,42.684319975921085,10.85432257534921,0.640698,0.855667,44.27927017211914,中,B,0.104177,中,低,中,中,,,正常,4,922.0,23702,12,B3,稳定期,http://sns-img-qn.xhscdn.com/notes_pre_post/1040g3k0320t6si6s7u6g5nli73ig8r23nkn4ak8?imageView2/2/w/540/format/jpg/q/75,0,0.9541015625,0.20000592040021906,0.7665882213637641,0.17226884537394727,0.3796209957126435,优秀,316
69cb5a36000000002301f2ac,65098134f13b150001070dcf,修哲 SHOWZE的店,691c234dba5a830015f0f412,goods_seller,324296,31676,4346,137,13736.21,42.3570133458322,9.76761970545428,0.646945,0.90956,65.80403900146484,高,B,0.133508,中,低,中,中,,,正常,2,995.0,36385,75,B4,稳定期,http://sns-img-qn.xhscdn.com/1040g2sg31uc8rl0o2ae04a1fs4pqal4in6j7300?imageView2/2/w/540/format/jpg/q/75,1,0.93603515625,0.7257744623536551,0.7247827953169634,0.041487204535026564,0.4973481540685483,优秀,317
6a06dcdf00000000380375e6,66de9b426283a200162e969d,韩要强现烤坚果的店,66dee783f63d3900013b7837,goods_seller,357857,21236,3208,325,15068.790000000008,42.108412019326174,5.93421394579399,0.77215,0.898081,45.658180236816406,中,B,0.190816,低,低,中,中,0.05239657333619158,0.04225352112676056,正常,4,566.0,56069,30,B6,稳定期,http://sns-img-qn.xhscdn.com/notes_pre_post/1040g3k832063alediq2g5nfo2etg82c76suf9k8?imageView2/2/w/540/format/jpg/q/75,2,0.80615234375,0.5674481594955819,0.08298180957032696,0.16204875449580391,0.2708262411872376,优秀,318
6a0ebf08000000003802349b,66de9b426283a200162e969d,韩要强现烤坚果的店,675cfb14b9eb7500010b2ab9,goods_seller,321176,18786,5200,254,13470.55,41.94133434627743,5.84912944927392,0.69034,0.873727,45.658180236816406,中,B,0.064499,中,低,中,中,,,正常,4,678.0,56069,24,B6,稳定期,http://sns-img-qn.xhscdn.com/notes_pre_post/1040g3k8320e24am4m2305nfo2etg82c7e1dqih0?imageView2/2/w/540/format/jpg/q/75,1,0.9111328125,0.3164453917084795,0.42948803339105723,0.16204875449580391,0.3026607265317802,优秀,319
69fee5cc0000000020038428,61ab275fb3f9ca0001265c78,至言良食的店,64f1ab143e164700010b4364,goods_seller,497928,31917,2822,97,20597.52,41.366462621101846,6.40996288620041,0.682549,0.859257,23.104188919067383,中,B,0.058013,中,中,中,中,,,正常,2,1656.0,309741,36,B5,稳定期,http://sns-img-qn.xhscdn.com/spectrum/1040g0k031vujod9nl6005o6psmog98t577vme7g?imageView2/2/w/540/format/jpg/q/75,1,0.1304931640625,0.21914361410831373,0.47731006616047245,0.42940662788804523,0.3752867693856105,优秀,320
678c91800000000016019602,64c5c38558540000013204a5,稻廷斋粽子的店,64ee90b7fa32860001e87ef1,goods_seller,512162,27614,7007,471,20940.27,40.88602824887438,5.39165342215939,0.809279,0.905412,25.368040084838867,中,B,0.043356,中,低,中,中,0.08785669756787164,0.17714285714285713,正常,2,23185.0,128223,511,B5,稳定期,http://sns-img-qn.xhscdn.com/spectrum/1040g34o31cquuuvr16005p5chjoap236u310qug?imageView2/2/w/540/format/jpg/q/75,1,0.38134765625,0.663351242543996,0.023281973861433033,0.401321729348904,0.36265164858477766,优秀,321
6a17db6b000000000702594e,6a02cd546e3bbc0015bd7c8b,莫氏鸡煲的店,6a02f3c1721fd300013fa84d,goods_seller,1053999,25367,14557,778,42804.950000000004,40.611945552130514,2.40673852631739,0.76374,0.926799,52.1754035949707,高,B,0.069595,中,低,中,中,0.07313061352953854,0.12650602409638553,正常,4,6147.0,54871,17,B5,成长期,http://sns-img-qn.xhscdn.com/1040g2sg320ltdl9hm20g5qf4g00gg9004pqv3m0?imageView2/2/w/540/format/jpg/q/75,1,0.1575927734375,0.9619688290928466,0.1053905243994494,0.11368648520639996,0.39368194623289865,优秀,322
6a0dc9ab000000003701dddb,654c98aa9665fd00018f04de,AvoPCOS旗舰店,67f8e4d104afe30001d8f58a,goods_seller,566161,28937,7534,329,22979.679999999997,40.58859582344951,5.11109030823388,0.754785,0.841973,-41.49184799194336,低,B,0.042857,中,低,中,中,,,正常,2,2907.0,14255,25,B5,稳定期,http://sns-img-qn.xhscdn.com/notes_pre_post/1040g3k8320d53gdels005omg14qgg5rj5sjuub0?imageView2/2/w/540/format/jpg/q/75,2,0.89501953125,0.14344389680742417,0.1326243654071015,0.9846957654337434,0.42025467588275633,优秀,323
6a068d07000000000803e016,65fa96317916650001282160,苏农科JAAS的店,69f1e2a2e0e86e00010282bb,goods_seller,249615,9260,2817,120,10130.190000000002,40.5832582176552,3.70971295795525,0.66701,0.872775,23.155567169189453,中,B,0.088247,中,低,中,中,,,正常,2,1005.0,139820,30,B5,稳定期,http://sns-img-qn.xhscdn.com/notes_pre_post/1040g3k032062tn6uiq105o3c84009agojgi9j1g?imageView2/2/w/540/format/jpg/q/75,1,0.9462890625,0.30912629693767296,0.582286162544588,0.4282299483445081,0.4398808026089231,优秀,324
6a01abf00000000008026634,654c98aa9665fd00018f04de,AvoPCOS旗舰店,6551a17bd03d240001bebf23,goods_seller,988946,47910,10622,746,40108.65,40.556966710012475,4.84455167420668,0.721866,0.869105,-28.422948837280273,中,B,0.071657,中,低,中,中,,,正常,2,2018.0,25617,34,B5,稳定期,http://sns-img-qn.xhscdn.com/notes_pre_post/1040g3k832016bedjjqb04bul3jdldnmdtlspqr0?imageView2/2/w/540/format/jpg/q/75,2,0.51416015625,0.2814558264138656,0.26283616772493823,0.9433491704039193,0.4958803881809077,优秀,325
6a156d9b00000000360037f4,62b4209f14b93b000180da6e,Soileta旗舰店,632a91606cfb6a0001acee7d,goods_seller,475229,35353,4480,315,19268.29,40.545273962658,7.43915038854952,0.773102,0.80679,5.337485313415527,中,B,0.062457,中,中,高,中,0.04824047211197115,0.03225806451612903,正常,2,1114.0,7544,19,B6,稳定期,http://sns-img-qn.xhscdn.com/note_pre_post_uhdr/1040g3r8320khrricle7g5ng5eqg081ersgg93eo?imageView2/2/w/540/format/jpg/q/75,2,0.8525390625,0.06245282181075441,0.08070245548599085,0.6749922294747125,0.2727158355904859,优秀,326
6a070dee000000000702971a,6a02cd546e3bbc0015bd7c8b,莫氏鸡煲的店,6a02f3c1721fd300013fa84d,goods_seller,1183117,29799,19560,1010,47879.510000000024,40.4689561556465,2.51868581044816,0.827915,0.926858,52.1754035949707,高,B,0.048779,中,低,中,低,0.054927913486722886,0.12992125984251968,正常,4,39710.0,54871,30,B5,成长期,http://sns-img-qn.xhscdn.com/1040g0083206ij9nsm8605qf4g00gg9000hb5lrg?imageView2/2/w/540/format/jpg/q/75,1,0.38037109375,0.9624202596095496,0.009457839349940055,0.11368648520639996,0.3618548613886299,优秀,327
687d124b000000001c036986,5fe48f2a8b8c750001fd2f88,So Acai旗舰店,664741df533bfa0001796469,goods_seller,845060,48470,6903,270,33982.65,40.213298464014386,5.73568740681135,0.705316,0.814488,-13.745989799499512,中,B,0.065236,中,中,中,中,,,正常,2,5080.0,182253,329,B6,稳定期,http://sns-img-qn.xhscdn.com/1040g00831k5qk0gm2u004a5bdakm0ouvhf9qsd0?imageView2/2/w/540/format/jpg/q/75,1,0.11273193359375,0.07511507777925788,0.3462028033095037,0.8575551707295413,0.42629101727276764,优秀,328
6a242728000000001603fc64,66de9b426283a200162e969d,韩要强现烤坚果的店,6780e138b1ef540001b3fed5,goods_seller,281538,13446,3599,343,11281.849999999997,40.072210500891515,4.77590946870405,0.674822,0.852078,45.658180236816406,中,B,0.115143,中,低,中,中,0.04738152556513485,0.05263157894736842,正常,4,594.0,56069,8,B6,稳定期,http://sns-img-qn.xhscdn.com/1040g2sg3212vuu1unee05nfo2etg82c7i7a5u18?imageView2/2/w/540/format/jpg/q/75,1,0.9072265625,0.18318458327782958,0.52821810754407,0.16204875449580391,0.2911504817725678,优秀,329
6a0e64ce000000003700eb05,64356e7951d42b0001c2ebaf,有悦旗舰店,6604d4f9d391df000176bca7,goods_seller,317092,14802,2193,137,12583.22,39.683183429414804,4.66804586681468,0.79653,0.877916,-17.582977294921875,中,B,0.070581,中,中,高,中,,,正常,2,738.0,20716,24,B5,稳定期,http://sns-img-qn.xhscdn.com/notes_pre_post/1040g3k0320dnu3ln6e5g5oo9hsc5bh105fp4jg8?imageView2/2/w/540/format/jpg/q/75,2,0.06640625,0.3519085890206178,0.03775735239702204,0.8858546837766234,0.4251735417314211,优秀,330
69d7598a000000002200f9d0,6538846bcb7c4f0001cba544,Mikiko的店,6538bbbe236b460001d0ee76,goods_seller,527932,41130,4216,387,20722.81,39.252801497162515,7.79077608479880,0.615972,0.882991,42.448734283447266,中,B,0.097293,中,低,中,中,0.05762600064601587,0.21739130434782608,正常,2,1790.0,56742,66,B4,稳定期,http://sns-img-qn.xhscdn.com/note_pre_post_uhdr/1040g3r031unvs33nhm005npt67b0bk9ttmeitoo?imageView2/2/w/540/format/jpg/q/75,1,0.625,0.3979841037254118,0.8897325459201042,0.19193937510175688,0.49321867491575766,优秀,331
69e9db910000000023006790,663391ab3bf50b00017d6fe2,衢味匠心坊的店,664dff0ac0d64400011ee4d1,goods_seller,260104,25105,3489,244,10177.520000000002,39.128656229815775,9.65190846738228,0.644212,0.902286,75.43134307861328,高,B,0.073508,中,中,高,中,0.05141931687082563,0.02857142857142857,正常,4,879.0,14478,52,B4,稳定期,http://sns-img-qn.xhscdn.com/note_pre_post_uhdr/1040g3r831va1jh3g2am04a5018v059tpu5nbusg?imageView2/2/w/540/format/jpg/q/75,1,0.0450439453125,0.6214274084928141,0.7436170685138316,0.018738066693308467,0.4612608478999847,优秀,332
6a0be75f00000000350264e9,659bbef7d5a11d0001eca248,公路咖啡HIGHWAYWANG的店,682fff58fde0e20001ea30c1,goods_seller,334463,26337,6818,196,13060.789999999999,39.05002945019329,7.87441361226802,0.721674,0.911459,47.335147857666016,中,B,0.079152,中,中,高,中,,,正常,2,928.0,26307,26,B4,稳定期,http://sns-img-qn.xhscdn.com/notes_pre_post/1040g3k0320b9vn9elk3g5o6ep3d84k9tok1jung?imageView2/2/w/540/format/jpg/q/75,2,0.95703125,0.7557168864615248,0.2637242277577964,0.14522741737341444,0.3882228438642452,优秀,333
6a0417090000000035026971,6891a36a5b17cd00154f2873,尚恰旗舰店,69dddcf898fb930001d1e762,goods_seller,1240967,58442,12337,1124,47769.130000000034,38.49347323498533,4.70939194998739,0.59199,0.85882,32.825111389160156,中,B,0.072357,中,低,高,中,,,正常,2,2403.0,8772,32,B4,稳定期,http://sns-img-qn.xhscdn.com/spectrum/1040g34o3203m16hk56105nvj16ag8gtitmva4lo?imageView2/2/w/540/format/jpg/q/75,1,0.9580078125,0.21676805352041797,0.9480706895786155,0.3094075159480781,0.4914154196823705,优秀,334
69f1fb73000000001a03657f,648afd2ff189f600017a2c1b,正字号达埔李和元滋补品的店,64927143ad82c1000171e01f,goods_seller,288942,17497,2682,122,11097.060000000001,38.40583923417157,6.05554055831274,0.770104,0.851241,-10.076248168945312,中,B,0.073635,中,低,中,中,,,正常,2,3281.0,23550,46,B4,稳定期,http://sns-img-qn.xhscdn.com/notes_pre_post/1040g3k831vhgmapfia7g5p1bse24i1hnj2gap98?imageView2/2/w/540/format/jpg/q/75,2,0.173828125,0.1797507511507778,0.0882361647647381,0.8329337063185471,0.3669735407446877,优秀,335
6a040edd000000003502dba5,659bbef7d5a11d0001eca248,公路咖啡HIGHWAYWANG的店,682fff58fde0e20001ea30c1,goods_seller,405164,29852,6172,212,15548.010000000004,38.374608800387016,7.36788066067074,0.685871,0.912614,47.335147857666016,中,B,0.078883,中,中,高,中,,,正常,2,1721.0,26307,32,B4,稳定期,http://sns-img-qn.xhscdn.com/notes_pre_post/1040g3k03203konftl4505o6ep3d84k9td08kd08?imageView2/2/w/540/format/jpg/q/75,1,0.95263671875,0.7738999156342968,0.4564258543877566,0.14522741737341444,0.4585177291318226,优秀,336
681fae130000000021005222,5be3fca7bb06cd273b3a6557,米惦商店旗舰店,67b57482fb96220001629625,goods_seller,276640,21814,5733,704,10605.669999999996,38.33744216310004,7.88533834586466,0.672702,0.872492,30.99932861328125,中,B,0.074589,中,低,高,中,,,正常,2,161092.0,161311,399,B6,稳定期,http://sns-img-qn.xhscdn.com/notes_pre_post/1040g3k831hak0g4v3qe04a0iq50v0s99o6gvab0?imageView2/2/w/540/format/jpg/q/75,1,0.95361328125,0.3069875523585394,0.5431893195980049,0.33067655373503246,0.3936178085638589,优秀,337
6a0c003300000000350301e2,659bbef7d5a11d0001eca248,公路咖啡HIGHWAYWANG的店,682fff58fde0e20001ea30c1,goods_seller,390542,24114,5695,216,14920.65,38.204981794531705,6.17449595690092,0.682061,0.911838,47.335147857666016,中,B,0.055717,中,中,高,中,,,正常,4,901.0,26307,26,B4,稳定期,http://sns-img-qn.xhscdn.com/notes_pre_post/1040g3k0320bcf8r9lk405o6ep3d84k9t74hip68?imageView2/2/w/540/format/jpg/q/75,1,0.95263671875,0.7615114781759247,0.48044047777629767,0.14522741737341444,0.4623931244418789,优秀,338
6a0be3840000000038036ebc,62cd4db84d694d000169c095,了不起的匠人的店,6490240031f0c000013ff200,goods_seller,319823,26779,4644,154,12156.26,38.00933641420411,8.37306885370971,0.745132,0.848126,47.26428985595703,中,B,0.135792,中,低,中,中,,,正常,2,1345.0,1045317,26,B5,稳定期,http://sns-img-qn.xhscdn.com/1040g008320b99a0olm005o5fk66gbgd0r31g6bg?imageView2/2/w/540/format/jpg/q/75,1,0.9580078125,0.16647425365954738,0.1654085816201175,0.14754377395911963,0.15980886974626152,优秀,339
6a0574c70000000008002d2c,653f6f6abffe73000155b779,Troycake柠乐的店,69dc69786ba4080001f76e78,goods_seller,482786,39419,7937,387,18347.460000000003,38.00329752726882,8.16490121917371,0.638842,0.721614,33.93916320800781,中,B,0.06638,中,中,高,中,0.046252544285083304,0.04081632653061224,正常,4,3505.0,87408,31,B4,稳定期,http://sns-img-qn.xhscdn.com/notes_pre_post/1040g3k8320509vvf3qc05npieib0brsqt36fijg?imageView2/2/w/540/format/jpg/q/75,2,0.771484375,0.009857466364726255,0.778340215798588,0.29355564436155884,0.3605844421749577,优秀,340
6a1b96df0000000038037601,6781d13db544570015574431,CoffeeBuff旗舰店,67b960c497592600017f735f,goods_seller,317911,19852,5505,165,12038.72,37.86820839794785,6.24451497431671,0.666567,0.833687,50.710655212402344,高,B,0.09173,中,中,中,中,0.04595403497417768,0.0,正常,4,1302.0,14959,14,B3,稳定期,http://sns-img-qn.xhscdn.com/notes_pre_post/1040g3k0320qkb69o5s1g5ng3b4qg8ar9i6cu51g?imageView2/2/w/540/format/jpg/q/75,2,0.7685546875,0.11777156135754777,0.5854239746606871,0.12190844101061232,0.2750346590096157,优秀,341
6a141dfd000000000800351d,687ca20a7fb7e60015de0f41,九峰牧场旗舰店,6a04339c213e2700013596f3,goods_seller,698354,41535,9892,497,26161.19,37.46121594492192,5.94755668328670,0.754568,0.85564,26.848913192749023,中,B,0.068878,中,中,中,中,0.06585932721694311,0.013333333333333334,正常,2,1963.0,12424,20,B6,稳定期,http://sns-img-qn.xhscdn.com/notes_pre_post/1040g3k0320janfkslm204a78tja2jm5ijs7hi2o?imageView2/2/w/540/format/jpg/q/75,2,0.9560546875,0.19988011189556415,0.133216405429007,0.37823956899486405,0.23711202877314505,优秀,342
69f04a27000000003700dfda,64cc6373f58f8b000152e889,向料旗舰店,69eb1c4f933b0300011c01ef,goods_seller,551223,46584,5238,670,20643.139999999992,37.449707287250334,8.45102617271050,0.739315,0.908391,16.78862190246582,中,B,0.064833,中,中,中,中,,,正常,2,4065.0,8411,47,B4,稳定期,http://sns-img-qn.xhscdn.com/spectrum/1040g0k031vgb8hcohm005q1c5t617f0ihhg86t8?imageView2/2/w/540/format/jpg/q/75,2,0.06524658203125,0.7074878261770495,0.1879135029527996,0.5194263132187736,0.4716092141162076,优秀,343
6a05a88f000000003502c388,659bbef7d5a11d0001eca248,公路咖啡HIGHWAYWANG的店,682fff58fde0e20001ea30c1,goods_seller,284328,15608,2500,141,10555.819999999998,37.125502940266166,5.48943473734560,0.77047,0.917674,47.335147857666016,中,B,0.109727,中,中,高,中,,,正常,4,796.0,26307,31,B4,稳定期,http://sns-img-qn.xhscdn.com/notes_pre_post/1040g3k032056hv2l2s3g5o6ep3d84k9torduu1o?imageView2/2/w/540/format/jpg/q/75,2,0.0797119140625,0.8536625075855128,0.08732590323105842,0.14522741737341444,0.3620719427299952,优秀,344
6a0887410000000006031055,654c98aa9665fd00018f04de,AvoPCOS旗舰店,67f8e4d104afe30001d8f58a,goods_seller,288089,17760,4832,152,10677.46,37.06306037370396,6.16476158409380,0.751575,0.867462,-28.422948837280273,中,B,0.057114,中,低,中,中,,,正常,2,1530.0,25617,29,B5,稳定期,http://sns-img-qn.xhscdn.com/notes_pre_post/1040g3k832080o5eg68004bul3jdldnmdu7nl4v8?imageView2/2/w/540/format/jpg/q/75,2,0.95263671875,0.2696298269763036,0.14347349880851945,0.9433491704039193,0.4521508320629141,优秀,345
6a23921100000000360025b5,5dbbdcabf0532b000145665c,三家村旗舰店,64084639de43910001417537,goods_seller,655963,56170,7388,574,24303.960000000014,37.0508092682057,8.56298297312501,0.668744,0.876762,18.918254852294922,中,B,0.0698,中,中,高,中,0.07842956939522101,0.04081632653061224,正常,2,1499.0,25919,8,B4,稳定期,http://sns-img-qn.xhscdn.com/spectrum/1040g34o32100af9b72105n61rceli69o6sdkuc8?imageView2/2/w/540/format/jpg/q/75,2,0.931640625,0.34188091114959374,0.5701863445968948,0.48781877654929473,0.46662867743192776,优秀,346
69d51c49000000001d01ec94,6207ad085e3c4500018b5e9f,新疆好货的店,69caa295ca154800019373fc,goods_seller,325355,2984,6298,363,11901.799999999996,36.58096540701694,0.91715203393217,0.613641,0.840756,31.77968978881836,中,B,0.0738,中,低,中,中,,,正常,4,1256.0,108066,68,B3,稳定期,http://sns-img-qn.xhscdn.com/1040g2sg31ulpssmh2s6g5na55uhk5c3j2un5nmo?imageView2/2/w/540/format/jpg/q/75,1,0.947265625,0.13941802465846692,0.8975992777111733,0.3201900448470317,0.452402449072224,优秀,347
6a0effc600000000360192c1,6128724e5c1bff000166ef58,它香咖啡旗舰店,68720f0475ae0c0001ab04cc,goods_seller,1264263,59385,11780,507,46083.989999999976,36.45126844651784,4.69720303449520,0.729033,0.882803,12.645219802856445,中,B,0.057969,中,中,高,中,0.04946817457675934,0.019230769230769232,正常,2,1211.0,91835,21,B4,稳定期,http://sns-img-qn.xhscdn.com/spectrum/1040g0k0320eatae0mk005nlnicd0842lr1j6lu8?imageView2/2/w/540/format/jpg/q/75,0,0.95947265625,0.39635599366517177,0.23031836952177967,0.5795479774432751,0.4020741135434089,优秀,348
69fc85ab000000001a02c145,653f6f6abffe73000155b779,Troycake柠乐的店,69f856e343360b0001cfa6f1,goods_seller,595964,63270,10082,328,21674.760000000002,36.36924377982563,10.61641307193052,0.647338,0.841947,33.93916320800781,中,B,0.089468,中,中,高,中,,,正常,4,5063.0,87408,38,B4,稳定期,http://sns-img-qn.xhscdn.com/notes_pre_post/1040g3k831vs9ddn92qc05npieib0brsq2rm3g60?imageView2/2/w/540/format/jpg/q/75,1,0.8603515625,0.14331068780249545,0.7220964137175673,0.29355564436155884,0.38632091529387386,优秀,349
6a06f3be0000000007027746,66311aa2a57f580001f78bac,蜂丫头的蜜罐的店,697865bba1496d0001e469e0,goods_seller,795294,21552,16230,858,28917.7,36.36101869245839,2.70994122928125,0.734953,0.926688,50.95838165283203,高,B,0.060853,中,低,中,中,,,正常,2,12081.0,15928,30,B5,稳定期,http://sns-img-qn.xhscdn.com/1040g0083206f32b35me05phh2vl0u80a8ob1acg?imageView2/2/w/540/format/jpg/q/75,2,0.5166015625,0.96110297056081,0.20480884507792727,0.11903704690437074,0.4283162875143693,优秀,350
69e584780000000023027379,5be3fca7bb06cd273b3a6557,米惦商店旗舰店,69e0562a26065b0001a6859f,goods_seller,784356,48472,9361,1074,28394.889999999996,36.201533487345024,6.17984690625175,0.717023,0.904259,30.99932861328125,中,B,0.157502,中,中,中,中,0.04577664158015109,0.04477611940298507,正常,2,4523.0,161311,55,B6,稳定期,http://sns-img-qn.xhscdn.com/spectrum/1040g0k031v5pu1d8is0g4a0iq50v0s99rv1tg7g?imageView2/2/w/540/format/jpg/q/75,2,0.9580078125,0.6472551544484407,0.2866657786066338,0.33067655373503246,0.42153249559670236,优秀,351
6a0452020000000006031923,65fa96317916650001282160,苏农科JAAS的店,669a4910d50cd40001e0eeed,goods_seller,362308,16035,1779,291,13091.130000000001,36.132599887388636,4.42579241970920,0.706483,0.898168,23.155567169189453,中,B,0.4214,低,低,中,中,,,正常,2,711.0,139820,32,B5,稳定期,http://sns-img-qn.xhscdn.com/notes_pre_post/1040g3k03203g9lnnjq505o3c84009agof9m6hn0?imageView2/2/w/540/format/jpg/q/75,1,0.74658203125,0.5686618415404882,0.33968296256826963,0.4282299483445081,0.445524917484422,优秀,352
6888d4db000000002302e4d4,6864d2e64bc6800015928051,阿姨，开饭啦的店,6888d302e019f200013a8819,goods_seller,515249,69377,6031,430,18611.329999999998,36.12104050662882,13.46475199369625,0.763354,0.909151,20.43545150756836,中,B,0.209938,中,中,中,中,0.07677002882701345,0.07291666666666667,正常,2,15022.0,116127,320,B4,稳定期,http://sns-img-qn.xhscdn.com/spectrum/1040g34o31kh9q5632g105q26f3ems6hkhf5h9fo?imageView2/2/w/540/format/jpg/q/75,2,0.0953369140625,0.7194914376211832,0.10640439293696254,0.4677338188061513,0.4312098831214324,优秀,353
69a68377000000000e00e721,686d4993409b630015c8b686,黔味小当家的店,68b0373fa50cd90001f0c514,goods_seller,289966,51790,2736,520,10458.169999999998,36.06688370360662,17.86071470448259,0.700481,0.897122,21.983022689819336,中,B,0.031265,中,低,中,中,,,正常,2,2809.0,1067,103,B3,稳定期,http://sns-img-qn.xhscdn.com/1040g00831t8dml8alm0g5p8buujls2o1f9ki4s8?imageView2/2/w/540/format/jpg/q/75,2,0.861328125,0.5562734040821159,0.3727039947900478,0.44404481742965823,0.45767407210060734,优秀,354
69fef3a8000000001f005188,66311aa2a57f580001f78bac,蜂丫头的蜜罐的店,697865bba1496d0001e469e0,goods_seller,478058,27033,10528,483,17162.229999999996,35.899890808228285,5.65475318894360,0.715173,0.926963,50.95838165283203,高,B,0.063607,中,中,中,中,0.04917787632771901,0.007142857142857143,正常,2,5693.0,15928,36,B5,稳定期,http://sns-img-qn.xhscdn.com/1040g00831vuld8r72i005phh2vl0u80a3sd3dl8?imageView2/2/w/540/format/jpg/q/75,2,0.9453125,0.9632491156402173,0.29533176442727527,0.11903704690437074,0.4592059756572877,优秀,355
691c284e000000001e029ac9,65098134f13b150001070dcf,修哲 SHOWZE的店,691c234dba5a830015f0f412,goods_seller,386364,29225,5723,136,13711.59,35.488787775258565,7.56411052789597,0.676921,0.907752,65.80403900146484,高,B,0.117779,中,低,中,中,0.052448253333568576,0.06956521739130435,正常,2,8184.0,36385,208,B4,稳定期,http://sns-img-qn.xhscdn.com/1040g00831p15os5vig804a1fs4pqal4ind0uprg?imageView2/2/w/540/format/jpg/q/75,1,0.958984375,0.6981779968325859,0.514068351020529,0.041487204535026564,0.4179111841293804,优秀,356
69f430c6000000003601f093,67d6842c8b021500157c2650,五常明明舅的店,67e3912895c3450001068e07,goods_seller,1368540,52065,11891,1384,47720.87,34.86991246145527,3.80441930816783,0.651252,0.893819,63.75519561767578,高,B,0.209686,中,低,中,低,0.05587373885872035,0.07758620689655173,正常,2,16300.0,8178,44,B5,稳定期,http://sns-img-qn.xhscdn.com/1040g2sg31vk548fq3q6g5pp9pj5n32hnv7elhvg?imageView2/2/w/540/format/jpg/q/75,1,0.93359375,0.5156446575788524,0.6948033687077246,0.05083403638085934,0.42042735422247873,优秀,357
6a1ea052000000003701dc54,6864d2e64bc6800015928051,阿姨，开饭啦的店,6888d302e019f200013a8819,goods_seller,338113,14810,4449,262,11736.380000000003,34.71141304830043,4.38019242087704,0.67926,0.893386,20.43545150756836,中,B,0.075291,中,中,中,中,0.04739706350430366,0.021505376344086023,正常,2,3688.0,116127,12,B4,稳定期,http://sns-img-qn.xhscdn.com/spectrum/1040g0k0320tj8uqv6u005q26f3ems6hk9frlbk8?imageView2/2/w/540/format/jpg/q/75,2,0.275390625,0.5106567203942987,0.4985939049479745,0.4677338188061513,0.49232814804947483,优秀,358
6a08302c0000000006023707,66311aa2a57f580001f78bac,蜂丫头的蜜罐的店,697865bba1496d0001e469e0,goods_seller,495600,5178,10186,494,17193.14,34.691565778853914,1.04479418886199,0.721331,0.919462,50.95838165283203,高,B,0.094843,中,低,中,中,,,正常,4,3617.0,15928,29,B5,稳定期,http://sns-img-qn.xhscdn.com/1040g0083207lvv316e005phh2vl0u80agnthmvo?imageView2/2/w/540/format/jpg/q/75,2,0.85986328125,0.8806151295827598,0.2653449373177627,0.11903704690437074,0.42166570460163105,优秀,359
69ddf957000000002200c046,655d9192165c740001b8257a,展博士养生糕的店,6680cda5884f4e000174f92a,goods_seller,625097,25080,7497,636,21581.699999999997,34.52536166386976,4.01217731008148,0.668111,0.878733,31.815134048461914,中,B,0.104783,中,中,中,中,,,正常,4,11635.0,88915,61,B4,稳定期,http://sns-img-qn.xhscdn.com/1040g2sg31uueoorciskg5p8kuhpp5taorumjav8?imageView2/2/w/540/format/jpg/q/75,1,0.88330078125,0.3593312907952578,0.5745748412592692,0.3191613753089709,0.41768916912116594,优秀,360
69ead9250000000011020008,606537966435ab000150b5e7,加点滋味旗舰店,69e0a2ff8c762b00015efe6f,goods_seller,300643,23168,2062,291,10251.549999999997,34.09874834937118,7.70614981888818,0.754318,0.920723,30.615236282348633,中,B,0.0562,中,中,高,中,,,正常,2,2386.0,19655,44,B5,稳定期,http://sns-img-qn.xhscdn.com/spectrum/1040g0k031vb17h3e40005pfpcpchhjjced7pq2o?imageView2/2/w/540/format/jpg/q/75,2,0.1077880859375,0.8980803102289715,0.13402305995885322,0.33497624439412105,0.45569320486064857,优秀,361
6a151d67000000003700d2fd,62cd4db84d694d000169c095,了不起的匠人的店,6490240031f0c000013ff200,goods_seller,342929,25685,9136,146,11611.28,33.85913702253236,7.48988857751896,0.726129,0.868489,47.26428985595703,中,B,0.465816,中,中,中,中,0.051965168165698856,0.035211267605633804,正常,2,2370.0,1045317,19,B5,稳定期,http://sns-img-qn.xhscdn.com/note_pre_post_uhdr/1040g3r8320k9989462905o5fk66gbgd0vqshv78?imageView2/2/w/540/format/jpg/q/75,1,0.958984375,0.2769563222473839,0.24327664550123587,0.14754377395911963,0.22259224723591317,优秀,362
6a12d0230000000008003273,6a02cd546e3bbc0015bd7c8b,莫氏鸡煲的店,6a02f3c1721fd300013fa84d,goods_seller,389639,4228,3103,229,13181.41,33.829801431581544,1.08510698364383,0.742915,0.927601,52.1754035949707,高,B,0.069934,中,低,中,低,,,正常,4,1431.0,54871,21,B5,成长期,http://sns-img-qn.xhscdn.com/1040g008320i1tof35s005qf4g00gg900fat8hbo?imageView2/2/w/540/format/jpg/q/75,1,0.05419921875,0.9679188313129967,0.17388955493391353,0.11368648520639996,0.4184982904844367,优秀,363
6a06eeae0000000008002a6e,65293527261ff10001aeac1a,charoro旗舰店,68956e64eab7930001be4fc5,goods_seller,549696,32181,6603,464,18399.510000000002,33.4721555186867,5.85432675515194,0.665778,0.852538,4.922410011291504,中,B,0.046991,中,中,高,中,,,正常,2,1470.0,9090,30,B3,稳定期,http://sns-img-qn.xhscdn.com/notes_pre_post/1040g3k03206ectgu6e105p60tail7pq5a4unfe8?imageView2/2/w/540/format/jpg/q/75,2,0.9541015625,0.18544913636161806,0.5909225463641342,0.6798099551529684,0.4853938792929069,优秀,364
69eee4140000000038020bbe,67d6842c8b021500157c2650,五常明明舅的店,67e3912895c3450001068e07,goods_seller,308426,1043,2198,302,10017.010000000002,32.4778390926835,0.33816863688535,0.659698,0.897543,63.75519561767578,高,B,0.143758,中,低,中,中,,,正常,2,1710.0,8178,48,B5,稳定期,http://sns-img-qn.xhscdn.com/1040g00831vevggm6iq6g5pp9pj5n32hn0cjcbs0?imageView2/2/w/540/format/jpg/q/75,0,0.83935546875,0.561283542767491,0.6337196394476267,0.05083403638085934,0.41527907286532567,优秀,365
69fdd01f000000003701c03e,67d6842c8b021500157c2650,五常明明舅的店,67e3912895c3450001068e07,goods_seller,1247281,4713,11356,1248,39899.42999999985,31.989126748503224,0.37786192525983,0.691255,0.895146,63.75519561767578,高,B,0.092232,中,低,中,低,,,正常,2,19106.0,8178,37,B5,稳定期,http://sns-img-qn.xhscdn.com/1040g00831vthnbgh3qj05pp9pj5n32hnenbldi0?imageView2/2/w/540/format/jpg/q/75,1,0.65283203125,0.5321551736897414,0.42402646418897916,0.05083403638085934,0.33567189141986,优秀,366
6a17eaa70000000036030f69,675d032dd58a3b0015497dab,Baratti & Milano旗舰店,68d218a99479760001439539,goods_seller,453662,40841,7171,155,14480.599999999999,31.91935846511279,9.00251729260992,0.659726,0.877518,35.61516571044922,中,B,0.055313,中,中,高,中,0.048220507227457486,0.0,正常,2,2560.0,8232,17,B4,稳定期,http://sns-img-qn.xhscdn.com/notes_pre_post/1040g3k8320n159ll687g5p9faisqmnsuho8e8b0?imageView2/2/w/540/format/jpg/q/75,2,0.9482421875,0.348311945887542,0.6335346269407812,0.27705252875094355,0.4196330338597556,优秀,367
6a0428d6000000000702c7f4,5dbbdcabf0532b000145665c,三家村旗舰店,64084639de43910001417537,goods_seller,1111780,95761,11145,781,34951.29000000001,31.437235784058004,8.61330479051611,0.676891,0.751753,18.918254852294922,中,B,0.068136,中,中,高,中,0.05923226166022829,0.03614457831325301,正常,2,2088.0,25919,32,B4,稳定期,http://sns-img-qn.xhscdn.com/spectrum/1040g0k03203ia23o482g5n61rceli69o6015rf0?imageView2/2/w/540/format/jpg/q/75,2,0.8359375,0.018094223169486258,0.5143051670292912,0.48781877654929473,0.34007272224935736,优秀,368
680c9107000000001c034229,623463a0d5964e00011b942c,知食大爆炸旗舰店,65f3f11baed51c00018aecbb,goods_seller,1092484,92220,11064,953,33881.73000000001,31.01347937361097,8.44131355699489,0.662462,0.6363,11.313828468322754,中,B,0.055565,中,中,高,中,,,正常,2,14277.0,29288,413,B4,稳定期,http://sns-img-qn.xhscdn.com/spectrum/1040g0k031gnn2i9p381g5ndv0jdg9f3kdi2dj10?imageView2/2/w/540/format/jpg/q/75,2,0.95947265625,0.0016873140624306202,0.6144783387356986,0.5964063170670337,0.404190656621721,优秀,369
6a23efcc000000003503843e,649ab9335ada740001baec25,猿小姐的甜酒铺的店,69fabc56294caa0001a289a1,goods_seller,834195,29733,6682,561,25816.72,30.948063702131996,3.56427454012551,0.706696,0.787291,22.479965209960938,中,B,0.097031,中,中,高,中,0.04573095253398342,0.03225806451612903,正常,4,1423.0,31040,8,B4,稳定期,http://sns-img-qn.xhscdn.com/notes_pre_post/1040g3k03212p4v69723g5ol0mmv8depainclo5g?imageView2/2/w/540/format/jpg/q/75,2,0.9541015625,0.040206917987655966,0.33853588502582777,0.4366369166555659,0.27179323988968324,优秀,370
6989bbc9000000001d011d61,6359438dde29ee0001b33d5a,闪光少女的店,6987f8d5a60bac000121a5e3,goods_seller,525731,54774,8733,401,16252.799999999996,30.914669289047055,10.41863614662251,0.637962,0.881023,35.54449462890625,中,B,0.070068,中,低,中,低,,,正常,2,4844.0,9824,125,B4,稳定期,http://sns-img-qn.xhscdn.com/1040g00831sc6d0dam2005nr6pkm088j7tfegu4g?imageView2/2/w/540/format/jpg/q/75,1,0.9560546875,0.3794680520403179,0.7837351804982017,0.27800719328626616,0.4804034752749286,优秀,371
6a0ffaf60000000006022df3,6363938683f0d000019dd6a3,纸飞机酿造旗舰店,6a0af40a9cd553000186c77a,goods_seller,386086,20904,4547,194,11871.3,30.747812663499843,5.41433773822413,0.716076,0.920313,68.78466796875,高,B,0.06851,中,中,高,中,0.052927993475756746,0.1276595744680851,正常,4,1959.0,12002,23,B4,稳定期,http://sns-img-qn.xhscdn.com/notes_pre_post/1040g3k0320s10o4472005o26rog08h29lpd398o?imageView2/2/w/540/format/jpg/q/75,1,0.79638671875,0.8925891390257982,0.2912466882761275,0.03242159169959889,0.40541913966717485,优秀,372
6a2a1df30000000017009573,5fa134423c99b80001918f51,永璞咖啡旗舰店,69eb4b1043360b000123e18f,goods_seller,742043,72348,16931,704,22634.95999999999,30.50356920016763,9.74983929502738,0.648161,0.895448,38.97722244262695,中,B,0.062957,中,中,中,中,0.05339358465782568,0.058823529411764705,正常,2,4625.0,74108,3,B5,稳定期,http://sns-img-qn.xhscdn.com/1040g0083218q4e1h7k005olfcetmsv6421ihq08?imageView2/2/w/540/format/jpg/q/75,1,0.958984375,0.5355890058167933,0.7165460385122034,0.23606855823453665,0.49606786752117776,优秀,373
69f2ac8b0000000022026520,65fa96317916650001282160,苏农科JAAS的店,669a4910d50cd40001e0eeed,goods_seller,689580,18928,3478,486,21025.760000000002,30.490675483627722,2.74485918965167,0.725492,0.911541,23.155567169189453,中,B,0.113568,中,低,中,中,,,正常,2,876.0,139820,45,B5,稳定期,http://sns-img-qn.xhscdn.com/note_pre_post_uhdr/1040g3r031vhoh7ci2q5g5o3c84009agoe78rcpo?imageView2/2/w/540/format/jpg/q/75,2,0.94970703125,0.7569823720083477,0.24614063910720366,0.4282299483445081,0.47711765315335314,优秀,374
6a0a714e00000000060232c1,66190f64f641fa000196dc8b,阿渥旗舰店,6a095e8833df70001591c593,goods_seller,438993,16999,10186,442,13366.31,30.447660896642997,3.87227131184324,0.677257,0.815256,12.478070259094238,中,B,0.082193,中,低,中,中,,,正常,4,1022.0,7102,27,B4,稳定期,http://sns-img-qn.xhscdn.com/1040g2sg3209sca1l6ee05oak8qv0jbbffs4504g?imageView2/2/w/540/format/jpg/q/75,2,0.95703125,0.07623255332060447,0.5120110119444075,0.5813833015111821,0.38987562225873135,优秀,375
69744041000000002203b196,65e6ee4579166500015dcb4f,周三的情书 天气：小雨旗舰店,66cf0b43912c5400015b5eab,goods_seller,458502,33198,10101,1144,13897.56999999999,30.31081652860836,7.24053548294228,0.666915,0.850639,36.654296875,中,B,0.056102,中,低,中,中,0.05164587867186695,0.02459016393442623,正常,2,4291.0,27198,141,B4,稳定期,http://sns-img-qn.xhscdn.com/1040g2sg31rn72m1b2g705ovdhggptd0d09415pg?imageView2/2/w/540/format/jpg/q/75,1,0.95947265625,0.17684235454316713,0.5829744090700532,0.2676834954042893,0.34250008633916984,优秀,376
69f4141500000000220267d0,66c82869f909cd0015ca0939,三三cake的店,69f065bf15602900015c952e,goods_seller,551322,29119,7942,509,16633.05,30.169392841207134,5.28166842607405,0.696698,0.916562,48.37965774536133,中,B,0.070264,中,低,高,中,,,正常,4,2107.0,9808,44,B4,稳定期,http://sns-img-qn.xhscdn.com/notes_pre_post/1040g3k031vk115962g1g492nnarquomp4srpgbg?imageView2/2/w/540/format/jpg/q/75,1,0.8642578125,0.8367967674614804,0.39370661456714473,0.1366132350546897,0.4557055390277716,优秀,377
69e58e2f0000000023026225,625803d5f5a00e00012e9145,江中猴姑旗舰店,69d5bb9410b42d0001700e23,goods_seller,892338,29343,7240,605,26843.129999999997,30.081796359675366,3.28832796541221,0.714607,0.740691,-2.623262882232666,中,B,0.061354,中,中,高,中,0.048772851803473065,0.05714285714285714,正常,2,1312.0,34214,55,B4,稳定期,http://sns-img-qn.xhscdn.com/spectrum/1040g34o31v5rkf0d1u405o87m3pg807eacpgmo0?imageView2/2/w/540/format/jpg/q/75,2,0.95361328125,0.014334769030386454,0.29799594452584993,0.7646714917928452,0.3590007351163605,优秀,378
6a0fb46200000000350214d3,64356e7951d42b0001c2ebaf,有悦旗舰店,66d6cee840e2bf000172f77b,goods_seller,1235256,39532,7315,920,36719.93000000001,29.72657489621585,3.20030827617919,0.753962,0.838442,-31.343183517456055,中,B,0.070627,中,低,中,中,,,正常,4,2367.0,88478,23,B5,稳定期,http://sns-img-qn.xhscdn.com/spectrum/1040g34o320f0re525k505nv06dfg82lm8vtlf68?imageView2/2/w/540/format/jpg/q/75,2,0.95068359375,0.1318177108772553,0.13542915501087874,0.957757944437044,0.40833493677505933,优秀,379
69d3c8fe000000001e00d86e,5fe48f2a8b8c750001fd2f88,So Acai旗舰店,69cf8c2cca154800016c4b2c,goods_seller,477185,23808,4065,90,14088.789999999999,29.524796462587883,4.98925993063487,0.666438,0.75531,-13.745989799499512,中,B,0.031205,中,中,中,中,,,正常,2,1059.0,182253,69,B6,稳定期,http://sns-img-qn.xhscdn.com/1040g2sg31ukge3giiq004a5bdakm0ouvm9eukbg?imageView2/2/w/540/format/jpg/q/75,2,0.95947265625,0.01956692272397614,0.5863786391960096,0.8575551707295413,0.48783357754984236,优秀,380
6a0c02030000000008030e44,66190f64f641fa000196dc8b,阿渥旗舰店,6a095e8833df70001591c593,goods_seller,524193,22309,9602,498,15189.250000000005,28.976445698435512,4.25587522153100,0.669046,0.753332,12.478070259094238,中,B,0.112442,中,中,中,中,0.047163986773402604,0.0,正常,4,1341.0,7102,26,B4,稳定期,http://sns-img-qn.xhscdn.com/1040g2sg320b8pa3alse05oak8qv0jbbfjp00j80?imageView2/2/w/540/format/jpg/q/75,2,0.958984375,0.018752867693856104,0.5681734085224162,0.5813833015111821,0.38943652590915145,优秀,381
6980adef000000001a034e79,687ca20a7fb7e60015de0f41,九峰牧场旗舰店,68fae980ce94ee0001973ae6,goods_seller,1417723,91235,19230,752,40346.01000000002,28.45831661050855,6.43531917024694,0.699917,0.768007,26.848913192749023,中,B,0.058506,中,低,高,中,,,正常,2,5771.0,12424,132,B6,稳定期,http://sns-img-qn.xhscdn.com/note_pre_post_uhdr/1040g3r031s3002ls4o4g4a78tja2jm5iqep3jf8?imageView2/2/w/540/format/jpg/q/75,1,0.95947265625,0.02582034545535278,0.3757752024036825,0.37823956899486405,0.2599450389512998,优秀,382
6a0b14fb0000000037034970,6889f4a85d35fd00154a0d5b,广州市奶牛研究所的店,68d14c674c66a500016341e1,goods_seller,393002,51191,7627,175,10815.21,27.519478272375203,13.02563345733609,0.723261,0.906581,48.826210021972656,高,B,0.107086,中,中,中,中,0.048836293618513056,0.02531645569620253,正常,4,3309.0,5955,27,B3,稳定期,http://sns-img-qn.xhscdn.com/spectrum/1040g0k0320agdp3u5g005q3dv8rmra5gklf6od0?imageView2/2/w/540/format/jpg/q/75,2,0.052825927734375,0.6802095821677545,0.25628672498260885,0.1340600624602223,0.3568521232035286,优秀,383
6a0ff5160000000007022d3a,6a02cd546e3bbc0015bd7c8b,莫氏鸡煲的店,6a02f3c1721fd300013fa84d,goods_seller,954588,22026,10954,534,25978.96,27.214840329021527,2.30738287093490,0.715293,0.914375,52.1754035949707,高,B,0.179111,,,,,,,正常,4,3432.0,54871,23,B5,成长期,http://sns-img-qn.xhscdn.com/1040g2sg320f8puaem2e05qf4g00gg900ghe6bj8?imageView2/2/w/540/format/jpg/q/75,1,0.09930419921875,0.8015999881591995,0.29476192590619127,0.11368648520639996,0.40334946642393027,优秀,384
6a0ed3da00000000070205f9,6615f51756541c0001be8057,吃肉的陈肉肉食品的店,662cdca4732cdd0001d942ee,goods_seller,554628,37631,4714,499,15090.2,27.20778611970546,6.78490808253460,0.667702,0.868686,32.817169189453125,中,B,0.252815,中,低,中,中,,,正常,4,931.0,8548,24,B4,稳定期,http://sns-img-qn.xhscdn.com/notes_pre_post/1040g3k8320e5is0t68eg5pj5kjviuap8qeq7cqg?imageView2/2/w/540/format/jpg/q/75,2,0.95947265625,0.27823660879475454,0.577475837366606,0.31014756597545995,0.38862000404560687,优秀,385
69f8b2770000000020038f99,66cd2f0014bb610015364575,好品食品的店,69509e55c43df90001209821,goods_seller,492929,10434,6353,1889,13391.979999999998,27.1681722925614,2.11673486445310,0.593325,0.820481,39.36628723144531,中,B,0.065268,中,中,高,中,,,正常,4,2537.0,104667,41,B5,稳定期,http://sns-img-qn.xhscdn.com/1040g00831vohq2r5jqk04a5l0v61cn64j0d407o?imageView2/2/w/540/format/jpg/q/75,2,0.8720703125,0.0858384026760209,0.9459541465003034,0.23123603155573316,0.42100952691068577,优秀,386
685434d9000000000d026938,67605163b3ed4000151040c8,源头小周的店,68404ffcf9ad05000145df5e,goods_seller,770688,27965,5092,321,20877.019999999997,27.08880896030559,3.62857602557715,0.742041,0.78414,52.29484176635742,高,B,0.055488,中,低,中,低,,,正常,2,61049.0,33054,359,B4,稳定期,http://sns-img-qn.xhscdn.com/1040g2sg31iuohmokgse04a3u7s0393rqsr2a3j8?imageView2/2/w/540/format/jpg/q/75,2,0.220703125,0.03732072288086675,0.17713837455411985,0.11322025368914938,0.109226450374712,优秀,387
6a193f71000000000702f88f,64c9d8a0e21b7a00014a7695,敦幸杏皮茶旗舰店,66f4a9255b7333000131e72c,goods_seller,475240,18561,5836,294,12739.43,26.806308391549532,3.90560558875516,0.707304,0.889292,16.0522518157959,中,B,0.417699,中,中,中,中,,,正常,4,789.0,4148,16,B4,稳定期,http://sns-img-qn.xhscdn.com/1040g008320oaioavm8005p7t76oh85l89f7u798?imageView2/2/w/540/format/jpg/q/75,1,0.82958984375,0.4636487426550035,0.3353980729097287,0.5301866406169057,0.4430778187272126,优秀,388
69dfa214000000001f005767,6589111e697ecd00013af8eb,乐做食养的店,6a26e7af242ad60001b27f9d,goods_seller,421331,27198,2611,330,10897.92,25.86545969795719,6.45525726803867,0.662716,0.871187,17.415199279785156,中,B,0.122431,中,低,中,中,,,正常,2,2038.0,8006,59,B3,稳定期,http://sns-img-qn.xhscdn.com/spectrum/1040g34o31v02gra2j4105o6k7ndg9815b4papbo?imageView2/2/w/540/format/jpg/q/75,2,0.9580078125,0.2969598744875154,0.612502405162589,0.5116927904326333,0.47371835669424583,优秀,389
6a11d539000000003502425d,6712200b7f3e1d00154d89e4,斑马与巧BAN&CHOC旗舰店,6a0c62df88ed2e00013ee990,goods_seller,1219748,59630,9580,699,30689.889999999996,25.160844699068985,4.88871471812210,0.653744,0.86044,14.413872718811035,中,B,0.075568,中,低,中,中,,,正常,2,4185.0,4433,21,B3,稳定期,http://sns-img-qn.xhscdn.com/notes_pre_post/1040g3k0320h3ffue5e005pkjsdk3uquv6edgm8g?imageView2/2/w/540/format/jpg/q/75,0,0.95361328125,0.22565605434927402,0.6761023045157852,0.553498216479434,0.4850855251148311,优秀,390
698d6cb2000000001d027450,606537966435ab000150b5e7,加点滋味旗舰店,67c7ab914a59360001a912e7,goods_seller,966428,118727,3507,320,24308.129999999997,25.15255145753227,12.28513660614138,0.744364,0.899109,2.495337724685669,中,B,0.066168,中,低,高,中,0.059187212796962776,0.16666666666666666,正常,2,15203.0,7522,111,B5,稳定期,http://sns-img-qn.xhscdn.com/spectrum/1040g0k031sfpfgou56005pk4t20jumh8i2rhago?imageView2/2/w/540/format/jpg/q/75,2,0.2198486328125,0.5804434379764072,0.16837618222991874,0.7111510738125897,0.48665689800630524,优秀,391
6a0c30f2000000003700edf6,5dbbdcabf0532b000145665c,三家村旗舰店,64084639de43910001417537,goods_seller,632589,28795,4268,372,15758.87000000001,24.91170412384662,4.55192866142155,0.684,0.845608,18.918254852294922,中,B,0.061614,中,中,高,中,0.09350402449490502,0.1875,正常,4,1071.0,25919,26,B4,稳定期,http://sns-img-qn.xhscdn.com/notes_pre_post/1040g3k8320bj6qitls705n61rceli69oko3q7a0?imageView2/2/w/540/format/jpg/q/75,2,0.9560546875,0.15670559329810696,0.4680890428192946,0.48781877654929473,0.3708711375555654,优秀,392
6948c68c000000001e02464a,66c15d8665001e0015903b23,零食股东的店,6852871cf89aa5000174dac6,goods_seller,656629,81413,8171,620,16314.039999999995,24.845140863409927,12.39862997217607,0.659304,0.832731,10.442761421203613,中,B,0.049367,中,中,高,中,,,正常,2,43832.0,12519,174,B4,稳定期,http://sns-img-qn.xhscdn.com/notes_pre_post/1040g3k831qcobhha7ga05ocghv68cebudacjll8?imageView2/2/w/540/format/jpg/q/75,1,0.94482421875,0.1152627917647233,0.6363468170448322,0.6103192575818125,0.45397628879712265,优秀,393
6a101cf300000000070204eb,5d0c7ec4fcdfee0001d162af,旺仔俱乐部旗舰店,6a03fd11a7aa180001d74841,goods_seller,1354316,64903,9416,731,33346.299999999916,24.622244734611357,4.79230844204750,0.660507,0.858884,53.71909713745117,高,B,0.172903,中,中,高,中,,,正常,2,2908.0,1338457,22,B4,稳定期,http://sns-img-qn.xhscdn.com/spectrum/1040g34o320fdn2bmli104a6lklo7jac6idt03fg?imageView2/2/w/540/format/jpg/q/75,1,0.95703125,0.21718988203602563,0.6281692642422628,0.10808430649911933,0.31781448425913594,优秀,394
6a05a04f000000003503149b,658026f41675ec000118a166,糙能农场旗舰店,66f65a47eb6ef200010b402e,goods_seller,419419,60046,4474,399,10233.979999999996,24.400372896792934,14.31647111838043,0.673525,0.819308,-6.0308308601379395,中,B,0.054267,中,低,中,中,,,正常,2,863.0,11353,31,B4,稳定期,http://sns-img-qn.xhscdn.com/notes_pre_post/1040g3k83204qtrpt54cg5p8175m18efhoprdqp8?imageView2/2/w/540/format/jpg/q/75,1,0.10125732421875,0.08342583958675606,0.5377129493953792,0.7944511048946908,0.47186329795894205,优秀,395
6a1c26bb00000000080031a2,66311aa2a57f580001f78bac,蜂丫头的蜜罐的店,6a227f570871190001e77581,goods_seller,1707456,19424,37651,1270,40776.21,23.88126546159901,1.13759886052701,0.761393,0.92083,50.95838165283203,高,B,0.061079,中,中,中,中,0.05112642488357696,0.08181818181818182,正常,2,11578.0,15928,14,B5,稳定期,http://sns-img-qn.xhscdn.com/1040g008320r5qnorm2005phh2vl0u80a96flcug?imageView2/2/w/540/format/jpg/q/75,2,0.85546875,0.8997010197889377,0.11202877314506461,0.11903704690437074,0.3769222799461243,优秀,396
69c72835000000001f0035cc,6663f8c5dd221800012edd04,村驴的店,67dbbafdc259f30001e6367b,goods_seller,589921,20942,4001,369,14072.909999999996,23.855584052779943,3.54996685996939,0.745458,0.852105,88.47371673583984,高,B,0.046707,中,中,高,中,,,正常,4,27047.0,4004716,78,B6,稳定期,http://sns-img-qn.xhscdn.com/1040g00831u855itgig0047ckpeieunltlu29rlg?imageView2/2/w/540/format/jpg/q/75,2,0.0614013671875,0.18333259328330595,0.1642393025768542,0.003929665645397629,0.11716718716851926,优秀,397
69c3bbba000000001b02299c,68c5637c63594e0015bdfaa6,小乔爱吃的店,6973b0ca1cd3a60001e9b146,goods_seller,514729,63525,5229,338,12220.79,23.742182779676295,12.34144569278203,0.783507,0.9365,42.643890380859375,中,B,0.056761,中,中,中,中,0.07027299574110657,0.03125,正常,2,4527.0,68262,81,B4,稳定期,http://sns-img-qn.xhscdn.com/1040g2sg31u4qjfa52ae05n691smk1noji7vs0eg?imageView2/2/w/540/format/jpg/q/75,2,0.051849365234375,0.9974468274055326,0.05856755916699969,0.18668501990734573,0.41423313549329266,优秀,398
6a0c3d68000000000702fde6,6615f51756541c0001be8057,吃肉的陈肉肉食品的店,685449c41520c30001a78517,goods_seller,1622534,119119,14030,1438,38458.00000000002,23.702430888967516,7.34154107094212,0.652428,0.858991,32.817169189453125,中,B,0.219918,中,低,中,中,0.04624663130061267,0.0045662100456621,正常,2,2595.0,8548,26,B4,稳定期,http://sns-img-qn.xhscdn.com/1040g2sg320bhrng0lmeg5pj5kjviuap841ifi98?imageView2/2/w/540/format/jpg/q/75,1,0.95947265625,0.2177745215576573,0.686307594393381,0.31014756597545995,0.4047432273088327,优秀,399
6a0de4f0000000003701d201,641bfdf99cd18100012ee8d1,幸遇喜物的店,684712bfd4dabb0001a04d8a,goods_seller,478404,14494,4289,382,11209.140000000001,23.43028068327188,3.02965694266770,0.700894,0.871638,-8.236321449279785,中,B,0.049909,中,低,中,中,,,正常,4,548.0,27196,24,B4,稳定期,http://sns-img-qn.xhscdn.com/spectrum/1040g0k0320d8e354le005nu1ootgbnnnn9m1abo?imageView2/2/w/540/format/jpg/q/75,1,0.896484375,0.30031970161182897,0.37047644420762843,0.813529594600595,0.49477524680668417,优秀,400
6a0d579a0000000038036d40,67d6842c8b021500157c2650,五常明明舅的店,67e3912895c3450001068e07,goods_seller,1994086,8441,14160,1383,45956.75000000001,23.046523570197078,0.42330170313617,0.679164,0.893282,63.75519561767578,高,B,0.174082,中,低,中,中,0.05863628907313755,0.08108108108108109,正常,2,6874.0,8178,25,B5,稳定期,http://sns-img-qn.xhscdn.com/1040g008320cmvqlqls605pp9pj5n32hnd3oqd0o?imageView2/2/w/540/format/jpg/q/75,1,0.8828125,0.5093024288441899,0.49930435297426107,0.05083403638085934,0.3531469393997701,优秀,401
6a0293cf00000000080036e2,666a51d2cad9d800018c0e3d,栗子做蛋卷的店,666acc165f1a0a00014e895a,goods_seller,669474,62069,6811,587,15417.070000000002,23.02863143303549,9.27130851982303,0.658773,0.911338,62.2327766418457,高,B,0.053213,中,低,中,中,,,正常,2,2872.0,15892,33,B4,稳定期,http://sns-img-qn.xhscdn.com/1040g00832026nik3ia005ojkihmoc9ld4n37ljo?imageView2/2/w/540/format/jpg/q/75,1,0.055908203125,0.7541331794029277,0.6402394801888608,0.05787931264153457,0.48408399074444103,优秀,402
68cd35f0000000000b0137e9,5be3fca7bb06cd273b3a6557,米惦商店旗舰店,67b57482fb96220001629625,goods_seller,725687,38028,11886,1214,16699.129999999994,23.011477400036096,5.24027576627389,0.676391,0.879421,30.99932861328125,中,B,0.072907,中,低,中,中,0.055967371454351975,0.04940711462450593,正常,2,32740.0,161311,268,B6,稳定期,http://sns-img-qn.xhscdn.com/notes_pre_post/1040g3k831mk0hao36gbg4a0iq50v0s99k241uoo?imageView2/2/w/540/format/jpg/q/75,1,0.95947265625,0.3654737060225271,0.5175465861492237,0.33067655373503246,0.40456561530226104,优秀,403
69ef1c930000000023015b12,5be3fca7bb06cd273b3a6557,米惦商店旗舰店,6960600b9d8afd0001900a0e,goods_seller,436871,20772,6365,431,10022.7,22.94201263073081,4.75472164552007,0.684098,0.904783,30.99932861328125,中,B,0.064202,中,低,中,中,,,正常,2,1076.0,161311,48,B6,稳定期,http://sns-img-qn.xhscdn.com/notes_pre_post/1040g3k031vf6cv4hiq604a0iq50v0s992mpq3og?imageView2/2/w/540/format/jpg/q/75,1,0.958984375,0.6549146722318429,0.46747480129656765,0.33067655373503246,0.4843553424211477,优秀,404
6a0ed3b0000000000702a618,6626268a3bf50b00017cf286,比耶茄子酱哟的店,6809ff9dbeccb10015cf8323,goods_seller,451309,22695,3008,438,10311.419999999998,22.847804940739046,5.02870538810438,0.62905,0.771209,25.590221405029297,中,B,0.108928,中,低,中,中,,,正常,2,1487.0,18871,24,B4,稳定期,http://sns-img-qn.xhscdn.com/1040g008320dll3lclm305pgos9b0u2iart813og?imageView2/2/w/540/format/jpg/q/75,1,0.958984375,0.02771487352545032,0.834532214377692,0.3973624617024111,0.4198698498685178,优秀,405
66ab079c000000002701d394,665eaf894b3b770001890445,Waitrose海外旗舰店,68f0dd788aa5760001f466cf,goods_seller,2108197,115783,23289,1128,46878.500000000015,22.23629954885621,5.49203893184555,0.699656,0.917297,56.9085807800293,高,B,0.431141,中,中,中,中,0.05894705658373602,0.04148597860653368,正常,2,352871.0,99277,682,B4,稳定期,http://sns-img-qn.xhscdn.com/1040g00831v107ihb3q005p1m4o33jtqggkvbk8g?imageView2/2/w/540/format/jpg/q/75,1,0.95361328125,0.8480677293785059,0.3771960984562556,0.08273019256101713,0.4359980067985929,优秀,406
6a0dc18d000000000702cfe3,6626268a3bf50b00017cf286,比耶茄子酱哟的店,6809ff9dbeccb10015cf8323,goods_seller,646842,35155,4741,624,14248.569999999992,22.027898621301635,5.43486662894494,0.637685,0.784948,25.590221405029297,中,B,0.422654,中,低,中,中,0.05412004265474946,0.0136986301369863,正常,4,2535.0,18871,25,B4,稳定期,http://sns-img-qn.xhscdn.com/1040g008320d345d9ls105pgos9b0u2iaauv7k0o?imageView2/2/w/540/format/jpg/q/75,1,0.8935546875,0.038171780412355874,0.7852522830543345,0.3973624617024111,0.40692884172303384,优秀,407
69ec3cfa000000001a02ffe6,6663f8c5dd221800012edd04,村驴的店,67dbbafdc259f30001e6367b,goods_seller,1537582,57923,10910,932,33780.110000000015,21.969631538350484,3.76714867889973,0.746591,0.861556,88.47371673583984,高,B,0.043159,中,中,高,中,0.05910620119641809,0.03137254901960784,正常,2,21336.0,4004716,50,B6,稳定期,http://sns-img-qn.xhscdn.com/1040g00831vccaj65iq0047ckpeieunltfm3um7g?imageView2/2/w/540/format/jpg/q/75,2,0.045440673828125,0.23213149208886522,0.1604428459363853,0.003929665645397629,0.1321680012235494,优秀,408
69ee17850000000022028df3,66cedbda02383e0015362272,一间轻食店的店,69e8f2263aa96f0001e7afb4,goods_seller,760678,37516,9135,970,15944.689999999995,20.961155705830844,4.93191600125152,0.658591,0.872179,33.874671936035156,中,B,0.057099,中,低,高,中,,,正常,4,1257.0,19833,49,B4,稳定期,http://sns-img-qn.xhscdn.com/notes_uhdr/1040g3qg31ve4m5ui2g1g5pmdp193conmgl4hp78?imageView2/2/w/540/format/jpg/q/75,1,0.95947265625,0.3046045912703699,0.6416085727395172,0.2958127969450735,0.41400865365165357,优秀,409
68a2d036000000001d0386d4,606537966435ab000150b5e7,加点滋味旗舰店,684a78d53aea530001778a02,goods_seller,972362,109577,5561,827,19962.229999999992,20.52962785464672,11.26915696006220,0.781246,0.919435,30.615236282348633,中,B,0.049016,中,中,高,中,0.05083815923385453,0.02631578947368421,正常,2,110057.0,19655,300,B5,稳定期,http://sns-img-qn.xhscdn.com/spectrum/1040g34o31lam2t2cl0105pfpcpchhjjc2ii2ao0?imageView2/2/w/540/format/jpg/q/75,2,0.047943115234375,0.8802155025679735,0.0630078593312908,0.33497624439412105,0.42606653543112843,优秀,410
6a018e2b0000000036032625,645512b0b05b4d00019884a1,彭氏蜂业小蜜书的店,69f9d2ce81bc0100014a8320,goods_seller,549348,46532,4191,403,11277.239999999996,20.528408222110567,8.47040491637359,0.646807,0.873018,49.97553634643555,高,B,0.05238,中,中,中,中,0.05082058175688698,0.01904761904761905,正常,2,3925.0,30782,34,B3,稳定期,http://sns-img-qn.xhscdn.com/1040g00832016jdk42q0g5n3l1cs4898dmc67r6o?imageView2/2/w/540/format/jpg/q/75,1,0.95947265625,0.3110208250077705,0.7257448603525598,0.12539407663958083,0.3873865873333037,优秀,411
69f03aa1000000001e00d004,66c15d8665001e0015903b23,零食股东的店,6852871cf89aa5000174dac6,goods_seller,842187,102775,7294,695,17265.129999999994,20.50035205957821,12.20334676265485,0.651939,0.834785,10.442761421203613,中,B,0.08734,中,中,高,中,,,正常,2,2516.0,12519,47,B4,稳定期,http://sns-img-qn.xhscdn.com/notes_pre_post/1040g3k831vg97tqt2a8g5ocghv68cebuaq0hdi0?imageView2/2/w/540/format/jpg/q/75,2,0.744140625,0.12096857747583736,0.6898376330239924,0.6103192575818125,0.47370848936054744,优秀,412
6a11c6f6000000003703462a,64278e23d485a10001abbd7a,陕小馆的店,65f696cafcf75d000141e5a7,goods_seller,1507315,105997,10887,1448,30442.790000000023,20.196700755980018,7.03217310250346,0.575724,0.824414,26.436275482177734,中,B,0.048643,中,中,高,中,0.07840367589421847,0.09259259259259259,正常,4,3032.0,9084,22,B3,稳定期,http://sns-img-qn.xhscdn.com/1040g2sg320h1i2kg5me05p131de4ia20mn0icv0?imageView2/2/w/540/format/jpg/q/75,1,0.9580078125,0.09440078149282892,0.9696209463759751,0.38407116321063306,0.48269763035981234,优秀,413
6a1bb58e0000000038020c94,67d6842c8b021500157c2650,五常明明舅的店,67e3912895c3450001068e07,goods_seller,577284,2441,2701,315,11631.819999999998,20.149215983813857,0.42284213662599,0.716174,0.895146,63.75519561767578,高,B,0.108702,中,低,中,低,,,正常,4,1225.0,8178,14,B5,稳定期,http://sns-img-qn.xhscdn.com/1040g008320qnvmp968dg5pp9pj5n32hnirml6mo?imageView2/2/w/540/format/jpg/q/75,1,0.72314453125,0.5321551736897414,0.2907434542575078,0.05083403638085934,0.29124422144270284,优秀,414
6a05912c00000000350295d1,649ab9335ada740001baec25,猿小姐的甜酒铺的店,69fabc56294caa0001a289a1,goods_seller,575314,26056,6360,262,11569.800000000001,20.11040927215399,4.52900503029650,0.656141,0.863456,22.479965209960938,中,B,0.083799,中,中,高,中,,,正常,4,1695.0,31040,31,B4,稳定期,http://sns-img-qn.xhscdn.com/notes_pre_post/1040g3k832051hi2rl4q05ol0mmv8depapk4a26o?imageView2/2/w/540/format/jpg/q/75,1,0.95947265625,0.24365407101520062,0.6589923478827169,0.4366369166555659,0.44642777851782783,优秀,415
69e8153e000000001a02a5c3,67d6842c8b021500157c2650,五常明明舅的店,67e3912895c3450001068e07,goods_seller,585535,511,3079,343,11673.340000000002,19.936195103623184,0.08727061576165,0.659864,0.894013,63.75519561767578,高,B,0.097836,中,低,中,中,,,正常,2,2243.0,8178,53,B5,稳定期,http://sns-img-qn.xhscdn.com/1040g2sg31v8amhghjq6g5pp9pj5n32hnu4p0huo?imageView2/2/w/540/format/jpg/q/75,1,0.79248046875,0.5180276186670218,0.6326169649068277,0.05083403638085934,0.40049287331823624,优秀,416
6a192d47000000003703795e,65ade2955690aa0001448ab9,天津海河乳品有限公司的店,6a139ea55bfaa60001df7847,goods_seller,911563,36251,7781,627,18135.340000000007,19.89477414067926,3.97679589891209,0.65106,0.854044,70.36202239990234,高,B,0.087939,中,低,高,中,0.06404902978816576,0.11842105263157894,正常,4,4476.0,58463,16,B4,稳定期,http://sns-img-qn.xhscdn.com/notes_pre_post/1040g3k0320o8ppjb5s005oiu95jk0n6hn4qo0n8?imageView2/2/w/540/format/jpg/q/75,1,0.9453125,0.19213178810887616,0.696135458757012,0.028395719550641622,0.3055543221388432,优秀,417
6a1e7853000000003701f049,65ade2955690aa0001448ab9,天津海河乳品有限公司的店,6a1d2ec094d5830001fdb414,goods_seller,888838,46138,11497,595,17549.18999999997,19.743969092230497,5.19082217456949,0.68381,0.921024,70.36202239990234,高,B,0.226142,中,低,中,中,,,正常,4,12605.0,58463,12,B4,稳定期,http://sns-img-qn.xhscdn.com/notes_pre_post/1040g3k0320te9buq7o005oiu95jk0n6hucurkb0?imageView2/2/w/540/format/jpg/q/75,0,0.9580078125,0.9023651998875124,0.4692657223628317,0.028395719550641622,0.4666755472669953,优秀,418
69d5b1af000000001e00e6b5,6663f8c5dd221800012edd04,村驴的店,67dbbafdc259f30001e6367b,goods_seller,711309,11790,4572,370,13939.389999999996,19.59681376167038,1.65750749674192,0.72069,0.852105,88.47371673583984,高,B,0.056957,中,中,高,中,,,正常,2,14335.0,4004716,67,B6,稳定期,http://sns-img-qn.xhscdn.com/1040g00831umc56avig0047ckpeieunltck539lo?imageView2/2/w/540/format/jpg/q/75,2,0.06488037109375,0.18333259328330595,0.26855675443659993,0.003929665645397629,0.15193967112176784,优秀,419
69fd54650000000023006b53,6663f8c5dd221800012edd04,村驴的店,67dbbafdc259f30001e6367b,goods_seller,1966981,81621,11974,1043,38507.64000000001,19.577026926035384,4.14955711315971,0.746014,0.852105,88.47371673583984,高,B,0.050317,中,中,高,中,0.06154532760461384,0.0374331550802139,正常,4,12322.0,4004716,37,B6,稳定期,http://sns-img-qn.xhscdn.com/1040g00831vt2o7bg2a0047ckpeieunlthfk0l2g?imageView2/2/w/540/format/jpg/q/75,2,0.054962158203125,0.18333259328330595,0.16241877950949485,0.003929665645397629,0.11656034614606614,优秀,420
6a16934b0000000038023071,67d6842c8b021500157c2650,五常明明舅的店,67e3912895c3450001068e07,goods_seller,1530030,8535,10127,923,28627.620000000017,18.71049587262996,0.55783219936864,0.704112,0.897086,63.75519561767578,高,B,0.226792,中,低,中,低,0.07064669332108818,0.0625,正常,4,5200.0,8178,18,B5,稳定期,http://sns-img-qn.xhscdn.com/1040g2sg320lnd23blm6g5pp9pj5n32hne6q9628?imageView2/2/w/540/format/jpg/q/75,1,0.939453125,0.5558145730651392,0.35276704705238077,0.05083403638085934,0.31980521883279306,优秀,421
69d9ae66000000001d0197f6,67e8f768ad176f0015b51c34,嬛嬛的低卡轻食日记的店,6802232105b7000015056d1a,goods_seller,570090,29755,6052,460,10178.519999999997,17.854233542072297,5.21935133049168,0.649186,0.793773,21.402305603027344,中,B,0.088856,中,低,中,低,,,正常,2,2749.0,1849,64,B4,稳定期,http://sns-img-qn.xhscdn.com/1040g2sg31up5slvihuc05q16uqo2njno2kq8ajo?imageView2/2/w/540/format/jpg/q/75,1,0.94482421875,0.04634193271465151,0.7091603392389325,0.4500836256530941,0.40186196586889267,优秀,422
68b92649000000001b02125b,66544c3997af910001b6760e,玛氏箭牌  MARS WRIGLEY旗舰店,67e612f1ba574100015f4ac2,goods_seller,1013778,57635,5642,894,17770.229999999996,17.528719305410057,5.68516973144022,0.725849,0.828409,-13.431264877319336,中,B,0.068178,中,低,中,中,0.05292103599549869,0.05742211362248015,正常,2,34595.0,21031,280,B4,稳定期,http://sns-img-qn.xhscdn.com/spectrum/1040g0k031m0g2nh74s2g5p325okk4lp2hf1tluo?imageView2/2/w/540/format/jpg/q/75,1,0.96044921875,0.10363660583455442,0.24454953154833267,0.8556310406583485,0.4012723926804118,优秀,423
6a1fded50000000037035047,67d6842c8b021500157c2650,五常明明舅的店,67e3912895c3450001068e07,goods_seller,2494112,21781,13513,1227,43078.28000000001,17.27199099318716,0.87329678859650,0.680744,0.88083,63.75519561767578,高,B,0.159024,中,低,中,低,0.06583838588536069,0.07109004739336493,正常,4,5710.0,8178,11,B5,稳定期,http://sns-img-qn.xhscdn.com/110/0/01ea1fded24d8f670010000000019e8c7e7889_0.jpg?imageView2/2/w/540/format/jpg/q/75,1,0.79736328125,0.3777881384781611,0.4888178440862602,0.05083403638085934,0.3058133396484269,优秀,424
69fc41130000000035032e96,6747f7650e58a20015a6a0bd,爱辣兰湘子的店,694d2f766fadb700011e05bc,goods_seller,1732783,122363,12847,1856,28808.800000000007,16.625740210978528,7.06164591873304,0.749602,0.902671,67.79340362548828,高,B,0.052864,中,中,高,中,,,正常,4,14532.0,53213,38,B4,稳定期,http://sns-img-qn.xhscdn.com/1040g00831vs15lsl54005nbnefd0806j4porlso?imageView2/2/w/540/format/jpg/q/75,2,0.1033935546875,0.6262525346713438,0.14968251853825318,0.03602563533294851,0.2706535628475152,优秀,425
69b271c5000000002603188e,6940d85b12c10d0015eb0b95,阿飘在草原的店,6953701db113e400156bad7e,goods_seller,831203,10029,10465,556,13695.780000000006,16.477057950945806,1.20656446138910,0.66176,0.891349,39.588626861572266,中,B,0.079622,中,低,中,中,0.051722855147007724,0.09209453952730236,正常,2,87836.0,5591,94,B4,稳定期,http://sns-img-qn.xhscdn.com/spectrum/1040g0k031tjuj1bp6k005q3i5jenajohvl7b4k8?imageView2/2/w/540/format/jpg/q/75,1,0.94970703125,0.4861906664890547,0.6195402809229904,0.22782440092950285,0.4445184494471827,优秀,426
69db5852000000002200f26b,681385db61e97f00155c0524,易周食养的店,6881ef6302d7b00001623f4f,goods_seller,1654143,78376,9763,1084,26475.899999999998,16.005810863994224,4.73816350823357,0.694117,0.848406,-18.70192527770996,中,B,0.110504,中,中,高,中,,,正常,2,14437.0,3021,63,B5,稳定期,http://sns-img-qn.xhscdn.com/1040g2sg31urroahfjme05ptujnmji6u7b3fgcvo?imageView2/2/w/540/format/jpg/q/75,2,0.340087890625,0.1675177241981558,0.40821159510382904,0.8941802465846691,0.4899698552955513,优秀,427
6a1cdeb3000000003802145c,66f8fb8472275e001554b726,胡图图爱食养和健身的店,6940166d4d11d7000121a44b,goods_seller,1541674,216265,18992,793,24630.12000000002,15.976218059070868,14.02793327253362,0.632498,0.832169,21.42568588256836,中,B,0.094538,中,中,高,中,,,正常,2,4978.0,5446,13,B3,稳定期,http://sns-img-qn.xhscdn.com/notes_pre_post/1040g3k0320rsavu1m2005o04chg08e1i1fkbhdg?imageView2/2/w/540/format/jpg/q/75,2,0.92236328125,0.11368648520639996,0.815979160191229,0.4494915856311887,0.45971907700960585,优秀,428
6a0f04f7000000003700c3a0,67b32e8dd6ce4600158ba78d,小北的卡路里的店,697a162c2a96a000019eabe1,goods_seller,1795959,85434,28575,2189,27544.30000000004,15.33682004990094,4.75701282713024,0.647407,0.861409,53.429771423339844,高,B,0.05023,中,低,中,低,,,正常,4,2811.0,23962,24,B4,稳定期,http://sns-img-qn.xhscdn.com/1040g2sg320ebi84g5m705ptj536muf4fh179rlo?imageView2/2/w/540/format/jpg/q/75,2,0.5,0.23115462605272116,0.7215709781981262,0.10929798854402557,0.3540078642649576,优秀,429
69e98110000000001f000ff4,6663f8c5dd221800012edd04,村驴的店,692bacd8350109000121a7d1,goods_seller,1456871,92030,5313,735,22254.009999999995,15.275209678825371,6.31696286081609,0.744852,0.844163,88.47371673583984,高,B,0.038739,中,中,高,中,0.08657956293087973,0.12116040955631399,正常,4,73158.0,4004716,52,B6,稳定期,http://sns-img-qn.xhscdn.com/1040g00831v9mliftig0047ckpeieunltto6l2do?imageView2/2/w/540/format/jpg/q/75,2,0.057403564453125,0.15128102659739798,0.16650385566064266,0.003929665645397629,0.10723818263447943,优秀,430
6a02f3e1000000000803f1fb,67cab4b4184d39001563d1cb,黔忆丝食品旗舰店,69e6dd5f933b0300014d0af0,goods_seller,829146,41321,4170,543,11896.7,14.348136516367443,4.98356139931930,0.628987,0.811295,33.223602294921875,中,B,0.069674,中,中,高,中,0.05049334822429551,0.0,正常,2,1722.0,4966,33,B3,稳定期,http://sns-img-qn.xhscdn.com/spectrum/1040g34o3202ie4ljis405p1fjja4i8jkdvet8r0?imageView2/2/w/540/format/jpg/q/75,2,0.9580078125,0.06957210307416781,0.8347542293859065,0.303457513727928,0.4025946153960008,优秀,431
69ecd1e700000000230066b0,674bb24f89eec100156c351f,沉默小谭的店,67680f9e6a9b62000143fdbe,goods_seller,1263311,7117,11665,650,17871.300000000003,14.146397838695304,0.56336088263302,0.714893,0.923082,81.39795684814453,高,B,0.065043,中,中,中,中,0.05432198648905438,0.125,正常,4,29993.0,27701,50,B3,稳定期,http://sns-img-qn.xhscdn.com/1040g00831ve7ntpa2g005pi4lpk0uf9mjilf3h0?imageView2/2/w/540/format/jpg/q/75,2,0.0335693359375,0.9280079333362935,0.296567647973003,0.011167354913192132,0.41191431207416285,优秀,432
68fe37e80000000004022053,5fe48f2a8b8c750001fd2f88,So Acai旗舰店,5feaf81cafcf0400016afa74,goods_seller,913179,42312,4026,226,12127.21,13.280211218172997,4.63348368720700,0.700695,0.857468,-13.745989799499512,中,B,0.058699,中,中,高,中,0.05163091767513961,0.10526315789473684,正常,2,1319.0,182253,231,B6,稳定期,http://sns-img-qn.xhscdn.com/notes_pre_post/1040g3k031o3ublbbl8004a5bdakm0ouv5da64g0?imageView2/2/w/540/format/jpg/q/75,1,0.87060546875,0.2094563592498853,0.3715569172476059,0.8575551707295413,0.4795228157423442,优秀,433
6a0aaca40000000008003bf4,66cd2f0014bb610015364575,好品食品的店,69f1bf146bdc3800015d2a3b,goods_seller,1776348,236445,19257,2286,23406.670000000013,13.176849356094646,13.31073640975755,0.680249,0.887287,39.36628723144531,中,B,0.26614,低,低,中,中,0.04851313082214732,0.04487179487179487,正常,4,10433.0,104667,27,B5,稳定期,http://sns-img-qn.xhscdn.com/1040g2sg320a3gemt5s004a5l0v61cn64nn4eh6g?imageView2/2/w/540/format/jpg/q/75,1,0.95068359375,0.44152124683628613,0.49194825570208545,0.23123603155573316,0.38823517803136826,优秀,434
6a2263ea00000000220097f9,674bb24f89eec100156c351f,沉默小谭的店,67680f9e6a9b62000143fdbe,goods_seller,1041941,1638,7990,502,13672.300000000001,13.121952202667908,0.15720659807033,0.705305,0.918658,81.39795684814453,高,B,0.050988,中,中,高,中,0.05283390233914057,0.09649122807017543,正常,2,4268.0,27701,9,B3,稳定期,http://sns-img-qn.xhscdn.com/1040g0083211atqaino005pi4lpk0uf9m9kfbo2o?imageView2/2/w/540/format/jpg/q/75,2,0.032562255859375,0.8684635081331498,0.34625460681142045,0.011167354913192132,0.40862848995258744,优秀,435
69e189c8000000002301c7cb,6663f8c5dd221800012edd04,村驴的店,692bacd8350109000121a7d1,goods_seller,1056240,46672,3372,465,13765.489999999996,13.032539953040972,4.41869272135121,0.739338,0.844163,88.47371673583984,高,B,0.063239,中,中,高,中,0.0770057787947502,0.10584958217270195,正常,4,49903.0,4004716,58,B6,稳定期,http://sns-img-qn.xhscdn.com/1040g2sg31v1u8q5v2qe047ckpeieunlt45reg10?imageView2/2/w/540/format/jpg/q/75,2,0.0731201171875,0.15128102659739798,0.18781729644923997,0.003929665645397629,0.1143426628973452,优秀,436
6a23e874000000001502691f,6940d85b12c10d0015eb0b95,阿飘在草原的店,69fef9d158e1b1000134144b,goods_seller,813411,890,8689,397,10393.079999999984,12.777156935423768,0.10941578119794,0.646698,0.876255,39.588626861572266,中,B,0.053559,中,低,中,中,0.054461049498058856,0.078125,正常,2,2916.0,5591,8,B4,稳定期,http://sns-img-qn.xhscdn.com/spectrum/1040g34o3212ob2jtmu105q3i5jenajoh5ir0ku0?imageView2/2/w/540/format/jpg/q/75,1,0.95947265625,0.3373518049820168,0.7264627088791202,0.22782440092950285,0.43054630493021334,优秀,437
69f99b6e0000000038023bd0,672d79e133325a0015872140,相约冬季的店,686e3e8c42008300016a7081,goods_seller,869393,92858,7391,1104,10877.44,12.511533909290735,10.68078532953451,0.639843,0.763691,7.37781286239624,中,B,0.046027,中,中,高,中,,,正常,2,8266.0,5129,40,B4,稳定期,http://sns-img-qn.xhscdn.com/spectrum/1040g34o31vpe8b8bhm105po5uui7cb5o7uauh2g?imageView2/2/w/540/format/jpg/q/75,2,0.9560546875,0.02344478486745704,0.772101594067759,0.6489498690111452,0.4814987493154537,优秀,438
6a1812d3000000003603084c,64edebd78265a10001d5e155,娜小圆食品旗舰店,64eee0c26d975000012ab643,goods_seller,1112080,3470,10960,935,13243.400000000003,11.908675634846418,0.31202791166103,0.71531,0.892675,50.636104583740234,高,B,0.158802,中,低,中,中,,,正常,4,3503.0,17334,17,B3,稳定期,http://sns-img-qn.xhscdn.com/spectrum/1040g34o320n6gcfu6q105o0q52bg94rfuruij1o?imageView2/2/w/540/format/jpg/q/75,1,0.9580078125,0.5018871275698237,0.2946879209034531,0.12271509554045854,0.30643004800457846,优秀,439
6a0095b90000000006022162,672d79e133325a0015872140,相约冬季的店,686e3e8c42008300016a7081,goods_seller,975374,96185,7106,1162,11545.339999999995,11.836833870904899,9.86134549413866,0.662857,0.735893,7.37781286239624,中,B,0.046027,中,中,高,中,,,正常,2,3982.0,5129,35,B4,稳定期,http://sns-img-qn.xhscdn.com/spectrum/1040g0k031vui5dlr56l05po5uui7cb5oorjj0mg?imageView2/2/w/540/format/jpg/q/75,1,0.9560546875,0.012965676479730029,0.6115995441291832,0.6489498690111452,0.42450502987335276,优秀,440
6a06898e0000000008025572,641abaf93ce59d00010ce9ef,臻香阁m的店,68c0263a635d460001a7f059,goods_seller,2642739,184813,24557,1941,30833.11000000007,11.667103713230883,6.99323694091622,0.683986,0.859022,9.863443374633789,中,B,0.057268,中,中,高,中,0.04586177567308918,0.0,正常,2,6839.0,13537,30,B5,稳定期,http://sns-img-qn.xhscdn.com/1040g0083204rcc8q2g305p2jd1e4mpcvcg0apt0?imageView2/2/w/540/format/jpg/q/75,2,0.95947265625,0.2179373325636813,0.4682074508236757,0.6179417728638456,0.4346955187504009,优秀,441
6a16358e0000000006035f16,6536020987a68200012bf29c,朵家美食的店,686744a70bb4080001d6a365,goods_seller,1146385,16786,8340,1567,12899.409999999987,11.252249462440616,1.46425502776118,0.726753,0.894211,39.53959655761719,中,B,0.05605,中,中,中,中,0.058136429082840044,0.0425531914893617,正常,4,2021.0,567246,18,B4,稳定期,http://sns-img-qn.xhscdn.com/1040g2sg320lc8ceglme05oiat0pk16s5t5bj080?imageView2/2/w/540/format/jpg/q/75,1,0.258056640625,0.5202921717508103,0.24021283838787502,0.22991874250699348,0.33014125088189294,优秀,442
69b28ea8000000001b01ed3a,6426ae83970ed30001de578f,脆升升旗舰店,682ddd1d7c4a00000112b81e,goods_seller,1375401,57947,7395,526,13505.319999999998,9.819187277019573,4.21309857997777,0.631226,0.866055,31.1231689453125,中,B,0.07196,中,中,高,中,0.04950461855185204,0.08695652173913043,正常,2,6127.0,59868,94,B3,稳定期,http://sns-img-qn.xhscdn.com/notes_pre_post/1040g3k031tk22jct78005ols2rc5bdn416usqdo?imageView2/2/w/540/format/jpg/q/75,0,0.95263671875,0.26014238562526826,0.8232242499592972,0.32989950120628153,0.47108871226361565,优秀,443
69fe870c0000000023004412,6663f8c5dd221800012edd04,村驴的店,692bacd8350109000121a7d1,goods_seller,1464385,62150,3622,468,13966.849999999997,9.537689883466436,4.24410247305183,0.731294,0.85199,88.47371673583984,高,B,0.058816,中,中,高,中,0.05682952892557029,0.1237785016286645,正常,2,24809.0,4004716,36,B6,稳定期,http://sns-img-qn.xhscdn.com/1040g2sg31vu7hgto2qe047ckpeieunlt7ak663o?imageView2/2/w/540/format/jpg/q/75,2,0.06585693359375,0.1828663617660554,0.22042390065568432,0.003929665645397629,0.1357399760223791,优秀,444
69e87374000000001a02e919,641abaf93ce59d00010ce9ef,臻香阁m的店,68c0263a635d460001a7f059,goods_seller,1553338,123219,20601,944,13783.850000000002,8.873696516791581,7.93252981643403,0.675905,0.831957,9.863443374633789,中,B,0.049287,中,中,高,中,0.04826652558924127,0.015209125475285171,正常,4,7428.0,13537,53,B5,稳定期,http://sns-img-qn.xhscdn.com/notes_pre_post/1040g3k831v8e6pjk2i7g5p2jd1e4mpcvt3s5m90?imageView2/2/w/540/format/jpg/q/75,1,0.958984375,0.11311664668531593,0.5207954057694301,0.6179417728638456,0.4172846084395305,优秀,445
69fdbde1000000003502f9ce,59fc0ce82ba68e464b10b6cf,元气森林旗舰店,682c1b078258b5000114f63a,goods_seller,1681172,20866,5451,858,12891.220000000012,7.667995898099666,1.24115795409393,0.64705,0.780256,7.914651870727539,中,B,0.050477,中,中,高,中,,,正常,2,1067.0,30660,37,B4,稳定期,http://sns-img-qn.xhscdn.com/notes_pre_post/1040g3k031vteinbchm1g5obmc940k4ol079tb88?imageView2/2/w/540/format/jpg/q/75,1,0.958984375,0.034138507763124784,0.7241019492917721,0.640757515208028,0.46633265742097496,优秀,446
6a0fcc0b0000000006036382,6663f8c5dd221800012edd04,村驴的店,692bacd8350109000121a7d1,goods_seller,3029848,144396,10360,621,18331.709999999995,6.050372823983248,4.76578363006989,0.727687,0.85199,88.47371673583984,高,B,0.057436,中,中,高,中,0.05826279736194478,0.06772908366533864,正常,4,19726.0,4004716,23,B6,稳定期,http://sns-img-qn.xhscdn.com/1040g2sg320f3pdn5627047ckpeieunltqpt1d9g?imageView2/2/w/540/format/jpg/q/75,2,0.128173828125,0.1828663617660554,0.23605375723398903,0.003929665645397629,0.14094992821514737,优秀,447
69b10a7c0000000022023e5b,64426227f59230000155ca11,疆进酒少庄主精选葡萄酒的店,68c134b3721a4700010b4721,goods_seller,203084,1491,4980,577,104151.93000000002,512.8514801756909,0.73417896043017,0.680091,0.82958,41.33094787597656,中,B,0.35582,中,中,中,中,0.09797019809749627,0.21352313167259787,正常,2,5409.0,102918,95,B4,稳定期,http://sns-img-qn.xhscdn.com/1040g00831tiilk2cme005o0ejrg08vqft4t1038?imageView2/2/w/540/format/jpg/q/75,1,0.89208984375,0.10680401995174874,0.4929103207376819,0.2095377647528973,0.2697507018141093,爆款,1
69511a710000000021033987,65826e17c98601000168e592,以味坊健康日记的店,693ed2f669110000019ca120,goods_seller,299959,12234,10106,898,58445.91000000001,194.84632899829646,4.07855740284506,0.704712,0.909368,38.548118591308594,中,B,0.058373,中,低,中,中,0.07777221282651904,0.2426470588235294,正常,2,18650.0,31947,168,B5,稳定期,http://sns-img-qn.xhscdn.com/1040g2sg31qkshrnj7gl05nhu55b09feegj67cjg?imageView2/2/w/540/format/jpg/q/75,1,0.955078125,0.7229474712490565,0.3493924189275195,0.24198155795331763,0.43810714937663114,爆款,2
6a0d79870000000035028c2f,6948f1676c3d9b00159b810f,玉珍食记的店,6979b38bf5bc340001b11b19,goods_seller,339665,43141,20008,1402,65408.759999999995,192.56844243592948,12.70104367538604,0.798951,0.905965,55.617671966552734,高,B,0.07003,低,低,中,中,0.04765748528740074,0.035443037974683546,正常,4,13118.0,16753,25,B4,成长期,http://sns-img-qn.xhscdn.com/notes_pre_post/1040g3k0320cqp4vm5e2g5osu2tnpi5hujqb6ttg?imageView2/2/w/540/format/jpg/q/75,2,0.330322265625,0.6712031733345174,0.03472314728475645,0.09235084291698119,0.26609238784541833,爆款,3
6a0c1931000000003503ad29,645c5f55625b5b0001b3af1d,一斤半酒铺的店,694a44f3110a7f00019ebf57,goods_seller,360318,4506,6318,263,63091.8,175.10032804356152,1.25056200356352,0.691301,0.877279,78.32904815673828,高,B,0.050823,中,中,中,中,,,正常,2,5755.0,183127,26,B4,稳定期,http://sns-img-qn.xhscdn.com/1040g2sg320cr6qtslme05nlb73dg8cvnjpp2i5o?imageView2/2/w/540/format/jpg/q/75,2,0.95068359375,0.3459585868004677,0.42377484717966935,0.0157926675843287,0.2618420338548219,爆款,4
69fbf4d30000000020039c7f,659d244a60b4ac00010229ee,杯中兽小酒铺的店,67296ebb181935000111c1fd,goods_seller,522409,27111,6924,328,83200.55,159.2632401049752,5.18961197069729,0.652966,0.885757,97.59153747558594,高,B,0.264101,中,中,中,中,,,正常,2,2320.0,36182,38,B4,稳定期,http://sns-img-qn.xhscdn.com/1040g00831vrnd8sv2a005okv07a6sr64kouh2ro?imageView2/2/w/540/format/jpg/q/75,2,0.798828125,0.42529194973580214,0.6822151177419593,0.0007770525287509436,0.3694280400021708,爆款,5
6a15636c000000003701e929,62a03d8914b93b000180a12d,锋味派旗舰店,69c9e593fcd43f0001911745,goods_seller,1075459,58770,19357,1483,153521.73,142.74996071444843,5.46464346850972,0.682298,0.88789,21.13106346130371,中,B,0.193196,中,中,高,中,0.07933255930298141,0.19642857142857142,正常,2,5982.0,363900,17,B6,稳定期,http://sns-img-qn.xhscdn.com/spectrum/1040g34o320kihso86o005o1ngntgblnkqmuvs20?imageView2/2/w/540/format/jpg/q/75,1,0.358154296875,0.448581324097509,0.4789307757204387,0.45324363927001465,0.4602519130293208,爆款,6
69e59e4a000000001f0075e8,5a260bb077e3082948679c69,养瑞和旗舰店,6711d47f56c6a60001c93d89,goods_seller,494488,16228,5473,809,66555.4,134.59457054569575,3.28177832424649,0.738567,0.902212,24.458223342895508,中,B,0.059986,中,中,高,中,,,正常,2,10969.0,22958,55,B6,稳定期,http://sns-img-qn.xhscdn.com/1040g2sg31v5t0ubjiq7g45hegc4vila43voge0o?imageView2/2/w/540/format/jpg/q/75,1,0.431640625,0.6204357414561225,0.19069609105575536,0.41394698281603837,0.4083596051093054,爆款,7
6a1e60330000000022009537,65098134f13b150001070dcf,修哲 SHOWZE的店,67c144ff4a593600016d9a59,goods_seller,667744,25250,21776,836,78052.79000000007,116.89029029089001,3.78138927493171,0.719069,0.909736,65.80403900146484,高,B,0.238162,中,中,中,中,,,正常,2,3331.0,36385,12,B4,稳定期,http://sns-img-qn.xhscdn.com/1040g2sg320tbet7dnke04a1fs4pqal4i5n6ftv0?imageView2/2/w/540/format/jpg/q/75,1,0.352294921875,0.7285052469546941,0.27663810073560974,0.041487204535026564,0.34887685074177677,爆款,8
69f71f7e0000000035020287,64f57047a5c63e000149558c,新疆尼勒克黑蜂蜂蜜的店,6976f1a53d52b20001b67c6e,goods_seller,1195040,38097,14575,845,116784.38000000002,97.7242435399652,3.18792676395769,0.732848,0.905322,49.57783126831055,高,B,0.185983,中,低,中,中,,,正常,2,7601.0,67803,42,B6,稳定期,http://sns-img-qn.xhscdn.com/1040g00831vn000i3kc005nikfbu087h7ls0s20o?imageView2/2/w/540/format/jpg/q/75,2,0.95947265625,0.6622633690037446,0.21370424640705712,0.12787324423131002,0.3346136198807039,爆款,9
69f84e5c000000001f003e8f,5a260bb077e3082948679c69,养瑞和旗舰店,6711d47f56c6a60001c93d89,goods_seller,1536097,99269,12871,1690,137439.56000000003,89.4732298806651,6.46241741244205,0.738993,0.918544,24.458223342895508,中,B,0.053209,中,中,高,中,,,正常,2,9985.0,22958,41,B6,稳定期,http://sns-img-qn.xhscdn.com/1040g2sg31vo5orv82ie045hegc4vila4pmmhopg?imageView2/2/w/540/format/jpg/q/75,1,0.09814453125,0.866783594570993,0.1891123839971582,0.41394698281603837,0.4899476537947298,爆款,10
69fec64d000000001b021360,5a260bb077e3082948679c69,养瑞和旗舰店,6711d47f56c6a60001c93d89,goods_seller,1249967,80452,14316,1285,109907.40000000001,87.92824130557048,6.43632991910986,0.72993,0.902121,24.458223342895508,中,B,0.068413,中,中,高,中,0.06799896418427427,0.027777777777777776,正常,2,5114.0,22958,35,B6,稳定期,http://sns-img-qn.xhscdn.com/1040g00831vua4f47jq2g45hegc4vila43v199fg?imageView2/2/w/540/format/jpg/q/75,2,0.1494140625,0.6192146589109424,0.22627029587200095,0.41394698281603837,0.41981064586632727,爆款,11
68a7cb0d000000001b0348cb,6512bf80f13b150001074ef0,FIFO咖啡豆的店,6a06e64e7b0d9c00017b88cb,goods_seller,787064,59461,12026,851,65362.72000000001,83.04625799172622,7.55478588780582,0.710424,0.847994,-30.205461502075195,中,B,0.079766,低,低,中,中,0.0555279552238062,0.014583333333333334,正常,2,7484.0,15396,296,B4,稳定期,http://sns-img-qn.xhscdn.com/spectrum/1040g34o31lfhjvk850d05p6a3ssqp3uufq8aag0?imageView2/2/w/540/format/jpg/q/75,2,0.95947265625,0.16597101964092772,0.319279783313352,0.9521187632283943,0.479123188727558,爆款,12
681c9518000000000303f494,62b28d9a14b93b000180d481,林间盏旗舰店,669b6398d50cd40001e6ac5b,goods_seller,786130,18387,10858,1118,64384.39000000001,81.90043631460446,2.33892613181026,0.800085,0.906485,38.14682388305664,中,B,0.071636,低,低,中,中,0.05326434022879007,0.019157088122605363,正常,2,46470.0,534935,402,B6,稳定期,http://sns-img-qn.xhscdn.com/1040g00831h7je20r3s005nblu32gb5ud1rt250g?imageView2/2/w/540/format/jpg/q/75,2,0.69384765625,0.6788182881162766,0.03331705223273093,0.24794636117401536,0.3200272338410077,爆款,13
6a00c8d7000000000702b2ed,65fcfe27f0b53500013b729c,顺时男孩的店,666ffb70f7984c000135b568,goods_seller,698996,37592,10132,736,54416.049999999996,77.84887181042522,5.37799930185580,0.744713,0.921023,63.86675262451172,高,B,0.13218,低,低,中,中,,,正常,2,3872.0,66042,34,B4,稳定期,http://sns-img-qn.xhscdn.com/1040g00832014gmbpii005p3gkp04mkcifii9t98?imageView2/2/w/540/format/jpg/q/75,2,0.0372314453125,0.9023503988869648,0.16709589568254815,0.049546349333214924,0.37299754796757595,爆款,14
69f2c899000000003701f0b0,65e57cddbf7fb600014b21bf,阿莹麦茶的店,67f5e46e04afe30001b3cda8,goods_seller,728920,27932,9006,766,53831.19,73.85061460791307,3.83197058662130,0.675869,0.901391,46.373329162597656,中,B,0.083467,中,中,高,中,,,正常,2,3991.0,101410,45,B6,稳定期,http://sns-img-qn.xhscdn.com/spectrum/1040g0k031viou9q748005ova9gt9gui6oo95kjo?imageView2/2/w/540/format/jpg/q/75,1,0.95947265625,0.6098678270651096,0.5210322217781922,0.15430783120938976,0.4284026266842305,爆款,15
69eb107c0000000013030805,64f57047a5c63e000149558c,新疆尼勒克黑蜂蜂蜜的店,66c1a6d2acee800001002968,goods_seller,2566202,7867,53755,1699,186280.6499999999,72.59001824486144,0.30656199317123,0.714841,0.922204,49.57783126831055,高,B,0.153552,中,中,中,中,0.060888187170905224,0.11241830065359477,正常,2,74810.0,67803,51,B6,稳定期,http://sns-img-qn.xhscdn.com/1040g00831vb6ipnmhu0g5nikfbu087h74gb3dbg?imageView2/2/w/540/format/jpg/q/75,2,0.95361328125,0.9171069964329589,0.2968044639817652,0.12787324423131002,0.4472615682153447,爆款,16
69fd6a150000000036031cda,645c5f55625b5b0001b3af1d,一斤半酒铺的店,694a2a5e1224b700017a9659,goods_seller,720311,22381,4704,147,50258.78,69.77372273920571,3.10713011463104,0.665944,0.900688,78.32904815673828,高,B,0.112372,中,中,中,中,,,正常,2,6077.0,183127,37,B4,稳定期,http://sns-img-qn.xhscdn.com/1040g2sg31vun72lh3q705nlb73dg8cvn9e8ocm8?imageView2/2/w/540/format/jpg/q/75,2,0.9541015625,0.6002471767091455,0.589708864319228,0.0157926675843287,0.4019162362042341,爆款,17
6a06abe7000000000602164e,5a260bb077e3082948679c69,养瑞和旗舰店,6711d47f56c6a60001c93d89,goods_seller,896035,56265,6915,744,61011.61999999999,68.09066610121255,6.27933060650533,0.68138,0.899073,24.458223342895508,中,B,0.069255,中,中,中,中,0.0933886807761155,0.0625,正常,2,2150.0,22958,27,B6,稳定期,http://sns-img-qn.xhscdn.com/1040g2sg32060nubjiq8g5qabkrhgphteqn0aa8g?imageView2/2/w/540/format/jpg/q/75,1,0.215576171875,0.5799846069594304,0.48482157393839825,0.41394698281603837,0.4929177212379557,爆款,18
69f73702000000003501c78e,6411eb20d485a10001742eca,今天有鱼～的店,697e0a0be047060001153db0,goods_seller,825142,40763,8031,410,56092.05000000001,67.97866306647826,4.94011939763095,0.699167,0.904834,34.226898193359375,中,B,0.063691,中,中,中,中,0.05009997831945567,0.05154639175257732,正常,4,8224.0,11539,42,B4,稳定期,http://sns-img-qn.xhscdn.com/1040g2sg31vn31um11mc05o3c6850bhjthi821j8?imageView2/2/w/540/format/jpg/q/75,1,0.04168701171875,0.6555289137545698,0.37971966904962773,0.2898923967260187,0.44171365984340544,爆款,19
6a0bd8220000000006037a02,659d244a60b4ac00010229ee,杯中兽小酒铺的店,6905c41e42726100016dc7e1,goods_seller,811699,82906,6882,214,53922.3,66.43139883134019,10.21388470356622,0.654952,0.806341,36.45841598510742,中,B,0.123095,中,中,高,中,0.04509524628520012,0.0,正常,4,2070.0,2610,26,B4,稳定期,http://sns-img-qn.xhscdn.com/note_pre_post_uhdr/1040g3r8320b86bgglsag5n6qr6qkniivlqt39ug?imageView2/2/w/540/format/jpg/q/75,1,0.162841796875,0.06175717478501547,0.6676583337033584,0.26968903097849417,0.333034846488956,爆款,20
69fee529000000003700e3fc,5c274148eb90b93684d73b21,极盏旗舰店,69b9222423faf800010b9734,goods_seller,808301,48842,8603,721,52761.840000000004,65.27499038105854,6.04255098038973,0.635053,0.845865,27.186037063598633,中,B,0.049633,中,中,中,中,,,正常,2,1749.0,26567,36,B4,稳定期,http://sns-img-qn.xhscdn.com/spectrum/1040g34o31vujm7f756105n354rik9iavf7koah0?imageView2/2/w/540/format/jpg/q/75,1,0.95068359375,0.157763864837263,0.8014815801548185,0.37428770184864496,0.44451104894690885,爆款,21
6a0585380000000035028dc5,684ea2db4bc6800015926f02,农科优选的店,685ad1c4403edf00159087fb,goods_seller,1024042,2065,13806,2055,66500.11999999997,64.93885992957317,0.20165188537189,0.696905,0.873928,44.58357238769531,中,B,0.283891,中,低,中,中,0.05016762599349022,0.06666666666666667,正常,2,3040.0,25686,31,B4,稳定期,http://sns-img-qn.xhscdn.com/1040g2sg32052kb7fl4eg5o4utrhg8mt0ojkkur8?imageView2/2/w/540/format/jpg/q/75,1,0.95068359375,0.3182437132750174,0.3923227210159407,0.1700412947915279,0.29353590969416204,爆款,22
678b707a0000000021002fb4,6475a6be275ad100015c7c41,馥华旗舰店,648193dbd171fa000122df14,goods_seller,922704,122093,12360,812,56402.99,61.12793485234702,13.23208742998838,0.707939,0.912855,41.29946517944336,中,B,0.066749,中,中,中,中,,,正常,2,99543.0,25914,507,B4,稳定期,http://sns-img-qn.xhscdn.com/spectrum/1040g0k031cprm6sb08005oincm88d4dq2a033ho?imageView2/2/w/540/format/jpg/q/75,1,0.2127685546875,0.7777777777777778,0.33209744978760564,0.21132868581916137,0.44040130446151493,爆款,23
69f498630000000020038bcb,63870c8280e375000165b9c9,漩涡嘴里的店,67d53254ba9cf80001e9d3f0,goods_seller,1008778,24242,10660,591,61248.95000000001,60.71598508294195,2.40310553957362,0.71331,0.695045,33.82542037963867,中,B,0.159358,中,中,中,低,,,正常,2,6997.0,570094,42,B5,稳定期,http://sns-img-qn.xhscdn.com/spectrum/1040g34o31vkhq08mhm1040kr5gv8c8qjdi9ss00?imageView2/2/w/540/format/jpg/q/75,2,0.927734375,0.005846395216316623,0.3044565812648935,0.2961014164557524,0.20213479764565415,爆款,24
6a0012eb000000003502cc58,684ea2db4bc6800015926f02,农科优选的店,685ad1c4403edf00159087fb,goods_seller,934516,4504,12591,1689,55099.170000000006,58.960114112545966,0.48196071549337,0.755327,0.854263,44.58357238769531,中,B,0.131373,中,低,中,低,,,正常,2,4096.0,25686,35,B4,稳定期,http://sns-img-qn.xhscdn.com/1040g00831vvofb8el6005o4utrhg8mt04ogj848?imageView2/2/w/540/format/jpg/q/75,1,0.94921875,0.1931382561461155,0.13100365584713528,0.1700412947915279,0.16472773559492623,爆款,25
6974283b0000000028022c33,64356e7951d42b0001c2ebaf,有悦旗舰店,6604d4f9d391df000176bca7,goods_seller,1636381,76401,14782,711,94620.98,57.82331865256319,4.66890045777848,0.787793,0.878272,-31.343183517456055,中,B,0.123561,低,低,中,中,0.048465931681650025,0.014285714285714285,正常,2,7473.0,88478,140,B5,稳定期,http://sns-img-qn.xhscdn.com/spectrum/1040g0k031rnhrm4p24005nv06dfg82lmcunpj30?imageView2/2/w/540/format/jpg/q/75,2,0.91259765625,0.35517220964137175,0.05104125038852626,0.957757944437044,0.454657134822314,爆款,26
6a058f70000000003701d048,6278fb55b1999c0001ecbf50,Patchi旗舰店,69f6d56aa978450001619c71,goods_seller,984541,49635,12236,218,52945.219999999994,53.77655171293018,5.04143555220148,0.73699,0.831977,-19.136598587036133,中,B,0.118041,中,低,高,中,,,正常,2,1434.0,15838,31,B5,稳定期,http://sns-img-qn.xhscdn.com/spectrum/1040g34o3204qslenk8105p1vjcskmsriartiif8?imageView2/2/w/540/format/jpg/q/75,2,0.95947265625,0.11316845018723266,0.19676450128028655,0.8976214792119948,0.40251814355983795,爆款,27
686e1e68000000000b02f0f0,62a03d8914b93b000180a12d,锋味派旗舰店,6530c49278d70300015ee597,goods_seller,2058813,224259,20534,999,91354.54000000001,44.37243207615263,10.89263570805119,0.682678,0.897295,21.13106346130371,中,B,0.103325,中,中,中,中,0.08175980755511453,0.146524064171123,正常,2,58733.0,363900,336,B6,稳定期,http://sns-img-qn.xhscdn.com/spectrum/1040g0k031jn7a4232a005o1ngntgblnk4f5ckkg?imageView2/2/w/540/format/jpg/q/75,1,0.036224365234375,0.5582937406568684,0.4764886106300786,0.45324363927001465,0.49600866351898726,爆款,28
6a18ee0700000000080261f0,6663f8c5dd221800012edd04,村驴的店,6a17f54506b18e0001781a7f,goods_seller,21832983,896554,308464,25573,745012.8000000048,34.123271199359465,4.10642008927502,0.755124,0.844163,88.47371673583984,高,B,0.055762,中,中,高,中,0.06552350803313077,0.09169054441260745,正常,4,150698.0,4004716,16,B6,稳定期,http://sns-img-qn.xhscdn.com/1040g008320o0anep5s0047ckpeieunlt4crj2n0?imageView2/2/w/540/format/jpg/q/75,2,0.07159423828125,0.15128102659739798,0.13159569586904074,0.003929665645397629,0.09560212937061212,爆款,29
6a05514e0000000038034f06,67d6842c8b021500157c2650,五常明明舅的店,67e3912895c3450001068e07,goods_seller,5093057,48613,55708,5386,172309.02999999997,33.83214246375015,0.95449550240651,0.686311,0.893819,63.75519561767578,高,B,0.140581,中,低,中,中,0.05590622639642923,0.05181918412348401,正常,2,32675.0,8178,31,B5,稳定期,http://sns-img-qn.xhscdn.com/1040g2sg3204sartnigcg5pp9pj5n32hnl3m1ej0?imageView2/2/w/540/format/jpg/q/75,1,0.83447265625,0.5156446575788524,0.4537764752897296,0.05083403638085934,0.3400850564164804,爆款,30
6a0d1f3a0000000038037714,64356e7951d42b0001c2ebaf,有悦旗舰店,66d6cee840e2bf000172f77b,goods_seller,2558924,128963,16291,1976,76830.41999999985,30.024502486201172,5.03973545130688,0.721671,0.874973,-17.582977294921875,中,B,0.074063,中,低,中,中,,,正常,2,7206.0,20716,25,B5,稳定期,http://sns-img-qn.xhscdn.com/notes_pre_post/1040g3k8320cg9ogfm2005oo9hsc5bh10sntqpko?imageView2/2/w/540/format/jpg/q/75,2,0.9560546875,0.3267986915915516,0.26373902875834404,0.8858546837766234,0.49213080137550635,爆款,31
69ccaa94000000002301cf4d,6663f8c5dd221800012edd04,村驴的店,6666ee9ef7984c0001fe04ba,goods_seller,5063532,234542,44306,4808,144278.63999999984,28.493675955834753,4.63198415651367,0.751643,0.848475,88.47371673583984,高,B,0.062983,中,低,中,中,,,正常,2,133210.0,4004716,74,B6,稳定期,http://sns-img-qn.xhscdn.com/1040g00831udhipc6ig0047ckpeieunlt02tpus8?imageView2/2/w/540/format/jpg/q/75,2,0.053802490234375,0.1678433462102038,0.14323668279975726,0.003929665645397629,0.10500323155178624,爆款,32
69e03bd20000000020038282,6663f8c5dd221800012edd04,村驴的店,67dbbafdc259f30001e6367b,goods_seller,2203507,116457,19484,1649,59949.63000000004,27.206462244050073,5.28507510981358,0.703904,0.852105,88.47371673583984,高,B,0.053095,中,中,高,中,0.06835219976505802,0.0641399416909621,正常,4,26317.0,4004716,59,B6,稳定期,http://sns-img-qn.xhscdn.com/1040g00831v0lgi8jig0047ckpeieunltp6kcr8o?imageView2/2/w/540/format/jpg/q/75,2,0.04974365234375,0.18333259328330595,0.3540325325992037,0.003929665645397629,0.1804315971759691,爆款,33
6a1948210000000036018b80,62161951d819bd000130af71,段小段的店,67e03461e317a3000187ba20,goods_seller,2861260,146788,21794,2091,65270.409999999974,22.81177173692708,5.13018739995666,0.754619,0.881326,91.7286148071289,高,B,0.060055,中,中,高,中,0.05577267208402021,0.09067357512953368,正常,4,11161.0,596621,16,B3,稳定期,http://sns-img-qn.xhscdn.com/1040g008320oc5ma268005o019eqg8c1k6035778?imageView2/2/w/540/format/jpg/q/75,2,0.50830078125,0.38255406065450026,0.13303879342243535,0.002323757085979012,0.17263887038763823,爆款,34
6a221fa4000000002201647e,6663f8c5dd221800012edd04,村驴的店,69335e0e81a79500011299dd,goods_seller,6556238,268962,53589,4820,142623.14999999947,21.75380912041318,4.10238310445716,0.726521,0.854429,88.47371673583984,高,B,0.052661,中,中,高,中,0.07143913960583459,0.19934640522875818,正常,4,20638.0,4004716,9,B6,稳定期,http://sns-img-qn.xhscdn.com/1040g2sg32110fkfq7u7047ckpeieunltrgv4edo?imageView2/2/w/540/format/jpg/q/75,2,0.16259765625,0.19388570667377114,0.2412489084262096,0.003929665645397629,0.14635476024845948,爆款,35
6a07b8f30000000006037c6c,6663f8c5dd221800012edd04,村驴的店,67dbbafdc259f30001e6367b,goods_seller,2988958,110295,18681,1570,59393.34999999996,19.870921571999325,3.69008196167360,0.727715,0.854429,88.47371673583984,高,B,0.054651,中,中,高,中,,,正常,4,12545.0,4004716,29,B6,稳定期,http://sns-img-qn.xhscdn.com/1040g0083207760ve620047ckpeieunltpc71sg0?imageView2/2/w/540/format/jpg/q/75,2,0.057525634765625,0.19388570667377114,0.23594274972988175,0.003929665645397629,0.14458604068301684,爆款,36
6a13b0a3000000003701c4d9,65ade2955690aa0001448ab9,天津海河乳品有限公司的店,6a139ea55bfaa60001df7847,goods_seller,7059432,233537,61923,4513,132437.59,18.76037477236129,3.30815567031455,0.726747,0.905058,70.36202239990234,高,B,0.110809,中,低,中,中,0.049738942020713627,0.06051660516605166,正常,4,55211.0,58463,20,B4,稳定期,http://sns-img-qn.xhscdn.com/notes_pre_post/1040g3k8320iteptsm8705oiu95jk0n6hhi11gs0?imageView2/2/w/540/format/jpg/q/75,1,0.95703125,0.6586075218684783,0.2402424403889703,0.028395719550641622,0.3090818939360301,爆款,37
6a044c1d0000000007021bd2,5be3fca7bb06cd273b3a6557,米惦商店旗舰店,6960600b9d8afd0001900a0e,goods_seller,5576045,372615,73281,4443,100379.65999999974,18.001945823607905,6.68242455001708,0.675166,0.900827,30.99932861328125,中,B,0.062767,中,低,高,中,0.0630639755331418,0.1,正常,2,9098.0,161311,32,B6,稳定期,http://sns-img-qn.xhscdn.com/notes_pre_post/1040g3k83203sefjdiab04a0iq50v0s993bdlg6o?imageView2/2/w/540/format/jpg/q/75,1,0.958984375,0.6020084957743144,0.5258129449550789,0.33067655373503246,0.4861659981548086,爆款,38
6a092f0a0000000007025b2b,6663f8c5dd221800012edd04,村驴的店,692bacd8350109000121a7d1,goods_seller,4774694,270420,23412,2881,85252.25999999979,17.855020656821104,5.66360901871408,0.727622,0.843981,88.47371673583984,高,B,0.044798,中,中,高,中,0.07435397271015873,0.11506849315068493,正常,4,39446.0,4004716,28,B6,稳定期,http://sns-img-qn.xhscdn.com/1040g2sg3208knnqp5m7047ckpeieunlt21kmpm8?imageView2/2/w/540/format/jpg/q/75,2,0.055419921875,0.15057797907138523,0.23634977724494174,0.003929665645397629,0.13028580732057488,爆款,39
6a264ac7000000001503d39e,65ade2955690aa0001448ab9,天津海河乳品有限公司的店,6a26190749caaf00012b8a2e,goods_seller,3159032,111290,29125,1914,54827.88999999973,17.35591472324425,3.52291461435022,0.708368,0.916921,70.36202239990234,高,B,0.30037,中,低,中,中,0.04872318592510725,0.05060728744939271,正常,2,24329.0,58463,6,B4,稳定期,http://sns-img-qn.xhscdn.com/notes_pre_post/1040g3k832152p0rnne8g5oiu95jk0n6hrg63p8g?imageView2/2/w/540/format/jpg/q/75,1,0.68701171875,0.8426357621775232,0.32990690170655534,0.028395719550641622,0.4003127944782401,爆款,40
69cf20ac000000001a029c36,620e11934a9f4d000123b28f,HolidayWine假日酒馆的店,683bf59ff9ad0500012c8bf1,goods_seller,523,33,34,18,6303.0,12051.625239005736,6.30975143403442,0.69561,0.867172,18.6536922454834,中,B,0.122512,中,中,中,中,,,正常,2,18.0,20400,72,B6,稳定期,http://sns-img-qn.xhscdn.com/spectrum/1040g0k031ufuopth1u0040l3lhehtd14chjm9o8?imageView2/2/w/540/format/jpg/q/75,2,0.95166015625,0.2675206843982653,0.3997750247916759,0.49135621568017995,0.3862173082900404,黑马,1
69fdb27b000000001f004829,645a010a275ad100017c97ac,艾老板爱微醺的店,6699daa63813ca000145c973,goods_seller,777,58,12,1,5694.0,7328.185328185328,7.46460746460746,0.720576,0.742484,32.44458770751953,中,B,0.107746,中,中,高,中,,,正常,4,12.0,16437,35,B4,稳定期,http://sns-img-qn.xhscdn.com/spectrum/1040g34o31vte5ovml6105oqg5p6m5criarngg8g?imageView2/2/w/540/format/jpg/q/75,2,0.9482421875,0.01489720705119666,0.26914879445850537,0.31461746814084635,0.19955448988351612,黑马,2
69d10e26000000001a02a72f,669618e5db6f410001b46000,JoshyWine的店,69d0f9c47dd4a100018ce661,goods_seller,723,70,49,2,5274.0,7294.60580912863,9.68188105117566,0.662043,0.88325,19.824716567993164,中,B,0.118412,中,中,中,中,,,正常,4,17.0,2081,71,B4,稳定期,http://sns-img-qn.xhscdn.com/spectrum/1040g0k031uhqsko22s005pj7tvi1oikfhg8tn28?imageView2/2/w/540/format/jpg/q/75,1,0.93701171875,0.4002560573094741,0.6174089368441307,0.4756449535988633,0.497769982584156,黑马,3
6a269f990000000036000e76,64392f0d5d01ad0001c08634,WineNot酒否的店,69dc9f9e2a1f2000015ea190,goods_seller,907,105,34,2,4921.23,5425.832414553473,11.57662624035281,0.779346,0.924656,42.0418815612793,中,B,0.121715,中,中,中,中,,,正常,4,5.0,1644,6,B4,稳定期,http://sns-img-qn.xhscdn.com/spectrum/1040g0k03215d21kl700g5o2guv4gbnrd3l4ttm8?imageView2/2/w/540/format/jpg/q/75,2,0.072509765625,0.9441706259343131,0.06687832097449788,0.20251468999304353,0.40452121230061816,黑马,4
6a2cefc0000000001503e751,63205b896c7ba8000125a68e,燕鸣春燕窝工厂旗舰店,632330ac6ebb770001ed84f7,goods_seller,1627,151,59,4,8159.0,5014.751075599263,9.28088506453596,0.6854,0.873938,10.758713722229004,中,B,0.052205,中,低,中,中,,,正常,4,97.0,8509,1,B4,稳定期,http://sns-img-qn.xhscdn.com/1040g2sg321bibp547urg4al2dsmubbo5in2os10?imageView2/2/w/540/format/jpg/q/75,1,0.95947265625,0.3183473202788509,0.4593786539970102,0.6053313203972589,0.46101909822437337,黑马,5
69c68c1c000000002200f141,66a48314c3c7d60015b6c0e5,静萱茶事的店,66ae522cf483ac0001c98630,goods_seller,834,74,43,3,4120.54,4940.695443645084,8.87290167865707,0.780891,0.923614,56.05172348022461,高,B,0.070065,中,低,中,中,,,正常,2,2.0,11080,79,B4,稳定期,http://sns-img-qn.xhscdn.com/1040g2sg31u7iq2a0hs705o74eqtg8i0tibro8f8?imageView2/2/w/540/format/jpg/q/75,2,0.86474609375,0.9336027115433003,0.06367390435593447,0.08987167532525199,0.3623827637414956,黑马,6
69dcba32000000001f001ff3,669618e5db6f410001b46000,JoshyWine的店,66f53e44674dfd0001f7bcdb,goods_seller,534,36,5,1,2605.64,4879.475655430711,6.74157303370787,0.741795,0.895734,19.824716567993164,中,B,0.082665,中,低,中,中,,,正常,4,3.0,2081,62,B4,稳定期,http://sns-img-qn.xhscdn.com/spectrum/1040g34o31ut5ac6u2s105pj7tvi1oikf1s7l72g?imageView2/2/w/540/format/jpg/q/75,2,0.853515625,0.5390080369432974,0.17808563858916862,0.4756449535988633,0.39757954304377635,黑马,7
69f7285a000000003700c113,669618e5db6f410001b46000,JoshyWine的店,69846de5a5576f00011966f2,goods_seller,2122,207,65,8,9471.0,4463.242224316682,9.75494816211122,0.674819,0.842703,19.824716567993164,中,B,0.091718,中,中,中,中,,,正常,4,15.0,2081,42,B4,稳定期,http://sns-img-qn.xhscdn.com/spectrum/1040g34o31vn1bgt21m1g5pj7tvi1oikft8b9mc8?imageView2/2/w/540/format/jpg/q/75,2,0.28564453125,0.1460488729038083,0.5282255080443438,0.4756449535988633,0.3833064448490051,黑马,8
685d42b7000000000b01d92c,6108aea4f1dc3b0001596c73,白房子咖啡的店,6867694f5b41e80001fa38a6,goods_seller,1968,291,376,41,8647.149999999998,4393.877032520324,14.78658536585366,0.696378,0.912217,54.67173767089844,高,B,0.078824,中,中,高,中,,,正常,4,306.0,142601,353,B6,稳定期,http://sns-img-qn.xhscdn.com/notes_pre_post/1040g3k831j6o9vpfii404a7jurmgggu5oh68ano?imageView2/2/w/540/format/jpg/q/75,1,0.947265625,0.7673060698903246,0.39555673963559934,0.10011396770421681,0.4209922590767136,黑马,9
69eddff70000000037037da9,620e11934a9f4d000123b28f,HolidayWine假日酒馆的店,683bf59ff9ad0500012c8bf1,goods_seller,1495,65,43,9,5546.0,3709.6989966555184,4.34782608695652,0.673371,0.868269,18.6536922454834,中,B,0.061209,中,中,高,中,,,正常,4,10.0,20400,49,B6,稳定期,http://sns-img-qn.xhscdn.com/notes_pre_post/1040g3k831vduvqs92qj040l3lhehtd14f4pfrdo?imageView2/2/w/540/format/jpg/q/75,2,0.9404296875,0.27537261518878675,0.5386084099285112,0.49135621568017995,0.4351124135991593,黑马,10
69b647d10000000022001bf8,63205b896c7ba8000125a68e,燕鸣春燕窝工厂旗舰店,670f57ccc42e3d0001f4541e,goods_seller,1489,90,66,4,5103.8,3427.6695768972463,6.04432505036938,0.650768,0.854491,10.758713722229004,中,B,0.044953,中,低,中,中,,,正常,4,165.0,8509,91,B4,稳定期,http://sns-img-qn.xhscdn.com/1040g2sg31tnme35072k04al2dsmubbo5ndvfnf8?imageView2/2/w/540/format/jpg/q/75,1,0.95703125,0.19430013468910498,0.6980447878276571,0.6053313203972589,0.4992254143046737,黑马,11
6a1e31d3000000003601a48c,5fe1dd217a15a300018e9fe3,茶人老郑的店,6844238cea2a8100011f0dd8,goods_seller,2308,87,75,2,7884.8,3416.2911611785094,3.76949740034662,0.782852,0.833893,8.931184768676758,中,B,0.070458,中,中,高,中,,,正常,4,7.0,28029,12,B4,稳定期,http://sns-img-qn.xhscdn.com/1040g008320t5mshenu6g5n1depp1i8q7cnuuab0?imageView2/2/w/540/format/jpg/q/75,2,0.95166015625,0.11841540488136998,0.0598922487160132,0.6278436422302147,0.2687170986091993,黑马,12
6a1531e70000000006035037,66f3bf3f72275e00155475c7,兔吉酒太甜的店,69799dc93d52b2000117fad9,goods_seller,2008,205,54,2,6508.0,3241.035856573705,10.20916334661355,0.745468,0.876233,35.32285690307617,中,B,0.891142,高,中,高,中,,,正常,2,7.0,1676,19,B4,稳定期,http://sns-img-qn.xhscdn.com/spectrum/1040g0k0320kcgf5h5i005pb850h86aajk8a94l8?imageView2/2/w/540/format/jpg/q/75,2,0.77587890625,0.3371075884729808,0.16421710107603274,0.28117460740346045,0.260833098984158,黑马,13
69c365230000000021006a9f,66a48314c3c7d60015b6c0e5,静萱茶事的店,6916d4dcb94f260015d8870c,goods_seller,647,78,39,1,1999.0,3089.644513137558,12.05564142194745,0.736481,0.927876,56.05172348022461,高,B,0.043122,中,中,中,中,,,正常,2,2.0,11080,81,B4,稳定期,http://sns-img-qn.xhscdn.com/1040g00831ua3qm0o1m0g5o74eqtg8i0t4obmphg?imageView2/2/w/540/format/jpg/q/75,2,0.86181640625,0.9696357473765227,0.19873303435312228,0.08987167532525199,0.41941348568496567,黑马,14
68909a0b0000000023029684,645a010a275ad100017c97ac,艾老板爱微醺的店,67ad722c7b3de40001b5bea2,goods_seller,1225,122,11,2,3749.0,3060.408163265306,9.95918367346939,0.78635,0.761652,32.44458770751953,中,B,0.078479,中,中,高,中,,,正常,2,96.0,16437,314,B4,稳定期,http://sns-img-qn.xhscdn.com/notes_pre_post/1040g3k031kospb3d34105oqg5p6m5cri7e6ia20?imageView2/2/w/540/format/jpg/q/75,2,0.95068359375,0.022467918831312998,0.05335760697423146,0.31461746814084635,0.13014766464879693,黑马,15
69a99011000000001b0173f4,62bab1650d601800010dcbef,颐之的店,69a3fd919069530001a83651,goods_seller,1178,104,70,8,3492.0,2964.3463497453313,8.82852292020374,0.713098,0.886391,37.08076095581055,中,B,0.158076,中,中,高,中,,,正常,4,130.0,12814,101,B6,稳定期,http://sns-img-qn.xhscdn.com/1040g2sg31tb8k8cc5ke05o9obb40j9i3cuvvla0?imageView2/2/w/540/format/jpg/q/75,1,0.20703125,0.4320042034841555,0.3056406613087045,0.26285836922575967,0.3335010780062066,黑马,16
6a10225000000000080006cc,649bfca2f608270001fb540c,Caillie凯莉的小酒馆的店,69a6bf600635fd0001d1508a,goods_seller,1994,125,117,1,5899.0,2958.3751253761284,6.26880641925777,0.715829,0.869509,40.1740608215332,中,B,0.0528,中,低,中,中,,,正常,4,8.0,16163,23,B4,稳定期,http://sns-img-qn.xhscdn.com/spectrum/1040g34o320fe1sv3lk005o92fdb0bq7pc4b3qj0?imageView2/2/w/540/format/jpg/q/75,2,0.64208984375,0.2845122330269526,0.29230495981528354,0.22232582922605568,0.26638100735609727,黑马,17
6a0afc80000000000802599f,64392f0d5d01ad0001c08634,WineNot酒否的店,6983142d1b200000011ce620,goods_seller,928,52,9,1,2680.0,2887.9310344827586,5.60344827586207,0.689795,0.912878,42.0418815612793,中,B,0.085365,中,中,高,中,,,正常,4,7.0,1644,27,B4,稳定期,http://sns-img-qn.xhscdn.com/spectrum/1040g0k0320adi475lg005o2guv4gbnrd388fm1g?imageView2/2/w/540/format/jpg/q/75,2,0.51025390625,0.7781700042922901,0.43301807202166864,0.20251468999304353,0.4712342554356674,黑马,18
6a117612000000000603274b,66f3bf3f72275e00155475c7,兔吉酒太甜的店,69ec5fd33a4daf000198bae9,goods_seller,889,51,48,1,2542.0,2859.392575928009,5.73678290213723,0.762091,0.898607,35.32285690307617,中,B,0.084983,中,低,中,中,,,正常,2,1.0,1676,22,B4,稳定期,http://sns-img-qn.xhscdn.com/spectrum/1040g0k0320gnqrpmlk005pb850h86aaj5la5o18?imageView2/2/w/540/format/jpg/q/75,2,0.62158203125,0.5739902017376375,0.10996403356866924,0.28117460740346045,0.32170961423658906,黑马,19
69a16da20000000015023bf7,663e408a51bdb1000162586e,阿方家的店,6979e0f239c80000017e3a33,goods_seller,562,34,11,2,1555.0,2766.9039145907473,6.04982206405694,0.673746,0.901209,53.39432144165039,高,B,0.110005,中,中,高,中,,,正常,4,26.0,34211,107,B6,稳定期,http://sns-img-qn.xhscdn.com/spectrum/1040g0k031t3aq6nol80048he2g5j70kmg9p33ng?imageView2/2/w/540/format/jpg/q/75,1,0.95947265625,0.6074256619747495,0.53604783683377,0.1096680135577165,0.4177138374554121,黑马,20
69c006e0000000002200f7fb,649bfca2f608270001fb540c,Caillie凯莉的小酒馆的店,68b6d00e0c1e9b0001ce56d7,goods_seller,765,5,4,1,2100.0,2745.098039215686,0.65359477124183,0.721504,0.898117,40.1740608215332,中,B,0.093769,中,低,中,低,,,正常,2,16.0,16163,83,B4,稳定期,http://sns-img-qn.xhscdn.com/spectrum/1040g0k031u16ra720s005o92fdb0bq7pj17o638?imageView2/2/w/540/format/jpg/q/75,2,0.955078125,0.567847786510368,0.2644790787857259,0.22232582922605568,0.3515508981740499,黑马,21
6a163b27000000003501ce5e,6280d3b742bf0100018cd831,天山潮茗—天山茶业的店,66f53add1f680400014028fb,goods_seller,586,17,10,1,1475.6,2518.0887372013653,2.90102389078498,0.744344,0.916044,52.91473388671875,高,B,0.064714,中,中,高,中,,,正常,4,17.0,4406,18,B3,成长期,http://sns-img-qn.xhscdn.com/1040g008320lcnaeo5k005o3gc2g08bq0pt6dqd0?imageView2/2/w/540/format/jpg/q/75,2,0.337158203125,0.828737622663292,0.1684723887334784,0.11058567559167,0.36926522899614683,黑马,22
6a0c2e4a000000000702e7e4,64ce222ca2578000012c05ce,Perry佩利酒饮馆的店,66b9d29f251fc90001833164,goods_seller,829,59,25,10,2025.05,2442.7623642943304,7.11700844390832,0.698228,0.86333,5.581294536590576,中,B,0.094462,中,低,中,中,,,正常,4,9.0,1907,26,B2,成长期,http://sns-img-qn.xhscdn.com/spectrum/1040g34o320bimnjv5e0g5p5tted56ui5ka5l02o?imageView2/2/w/540/format/jpg/q/75,2,0.95166015625,0.24274380948152094,0.38503322824622943,0.673260512410639,0.43367918337946315,黑马,23
64390c3e0000000013006ceb,666ea241b72f8f0001fde1f3,L’Sooft的店,6673d82ca9c8b7000150c523,goods_seller,951,100,22,3,2320.0,2439.5373291272344,10.51524710830705,0.679203,0.877869,101.935302734375,高,B,0.308487,低,低,中,中,,,正常,4,299.0,6351,1157,B3,稳定期,http://sns-img-qn.xhscdn.com/1040g008312evjacl6c004a1c08re1ondj0vn7vg?imageView2/2/w/540/format/jpg/q/75,0,0.055633544921875,0.35153116350665303,0.49903053446412976,0.0001332090049287332,0.28356496899190387,黑马,24
69e3335d000000001e00dd7b,659d244a60b4ac00010229ee,杯中兽小酒铺的店,69dd19a02a1f2000016bdee4,goods_seller,3942,268,73,2,9502.0,2410.4515474378486,6.79857940131913,0.712387,0.882364,36.45841598510742,中,B,0.680042,中,中,中,中,,,正常,4,35.0,2610,57,B4,稳定期,http://sns-img-qn.xhscdn.com/notes_pre_post/1040g3k031v3i6kbe3q205n6qr6qkniivi0semk8?imageView2/2/w/540/format/jpg/q/75,2,0.9462890625,0.3923745245178574,0.3093261104450661,0.26968903097849417,0.3237965553138059,黑马,25
6a13c953000000000701208b,668fb69870dd400001d5d195,壹心堂食养的店,6a13bbcce6d02a00018cd6f0,goods_seller,1018,49,31,17,2432.0,2388.998035363458,4.81335952848723,0.744854,0.904453,17.575712203979492,中,B,0.381237,中,中,中,中,,,正常,4,20.0,5993,20,B3,稳定期,http://sns-img-qn.xhscdn.com/1040g008320j0h58l6e005p9obpp0rk2tbg4m390?imageView2/2/w/540/format/jpg/q/75,2,0.95947265625,0.6499193345470153,0.16648905466009503,0.5098056628628095,0.4420713506899732,黑马,26
644e6e79000000000800d9b7,63e5b67f783b7900019486da,桔妈中式食补的店,64ff29843998d50001b2d1bf,goods_seller,1298,151,53,4,2967.0,2285.824345146379,11.63328197226502,0.792856,0.82827,-2.2744784355163574,中,B,,中,中,中,中,,,正常,2,18531.0,47072,1141,B3,稳定期,http://sns-img-qn.xhscdn.com/1000g0082e14tcgmgo0005n4j625k0pnso12ncsg?imageView2/2/w/540/format/jpg/q/75,2,0.933491,0.1033479863238755,0.04279709308349244,0.7619259061912586,0.3026903285328755,黑马,27
69fdf0e80000000022029013,628b5d55d6b4360001958de1,富临行鱼胶滋补的店,67ea2441bf527d00011ec652,goods_seller,2533,215,154,2,5785.0,2283.8531385708648,8.48795894196605,0.751589,0.879709,48.04304504394531,中,B,0.089336,中,中,中,中,,,正常,4,44.0,19965,37,B4,稳定期,http://sns-img-qn.xhscdn.com/1040g00831vtlhopmjq0049tm9gag8p8haoq90to?imageView2/2/w/540/format/jpg/q/75,2,0.95703125,0.3680934831194589,0.14341429480632892,0.13898879564258543,0.21683219118945773,黑马,28
6a2cd9fd000000002202d81c,637f253e12def30001a8fffb,颐之宜养生的店,6934f6fb02483f00010e8cb8,goods_seller,1464,48,15,1,3304.15,2256.9330601092897,3.27868852459016,0.682197,0.848958,12.161897659301758,中,B,0.137171,中,中,中,中,,,正常,4,133.0,81167,1,B6,稳定期,http://sns-img-qn.xhscdn.com/1040g008321bfc8e9n2005oc4kvfodan6g1oji8o?imageView2/2/w/540/format/jpg/q/75,1,0.8271484375,0.16982668028358716,0.47961162174563,0.5856163876678063,0.4116848965656745,黑马,29
68fe0a1200000000040038a3,64709e7b59544100014e89f2,隐云RECLUSE的店,68f9fd024272610001374af7,goods_seller,1305,153,91,5,2919.73,2237.3409961685825,11.72413793103448,0.691572,0.921703,81.60037231445312,高,B,0.084881,中,中,中,中,,,正常,2,220.0,30924,231,B4,成长期,http://sns-img-qn.xhscdn.com/notes_pre_post/1040g3k031o3op2tmg6205nrij7mg8ijvq0tdn3g?imageView2/2/w/540/format/jpg/q/75,1,0.939453125,0.9115196187262259,0.4221615381199769,0.010849133401417936,0.4481767634158736,黑马,30
6804d9bf000000000903b130,62b28d9a14b93b000180d481,林间盏旗舰店,62b5302e776dfb000148a067,goods_seller,549,25,4,8,1223.51,2228.615664845173,4.55373406193078,0.718533,0.882518,38.14682388305664,中,B,0.059229,中,低,中,中,,,正常,2,1455.0,534935,420,B6,稳定期,http://sns-img-qn.xhscdn.com/1040g2sg31ggdqcm63ue05nblu32gb5udi62e7q0?imageView2/2/w/540/format/jpg/q/75,2,0.90869140625,0.39380282107070436,0.2792652783328153,0.24794636117401536,0.3070048201925117,黑马,31
6a24104b0000000036003401,64392f0d5d01ad0001c08634,WineNot酒否的店,6977689c65a1a100011191b4,goods_seller,586,39,11,1,1299.0,2216.7235494880547,6.65529010238908,0.681238,0.909914,42.0418815612793,中,B,0.153505,中,中,高,中,,,正常,4,1.0,1644,8,B4,稳定期,http://sns-img-qn.xhscdn.com/spectrum/1040g0k03212t46n1ms105o2guv4gbnrd732j31o?imageView2/2/w/540/format/jpg/q/75,2,0.80712890625,0.7313840415612095,0.4857762384737208,0.20251468999304353,0.4732249900093246,黑马,32
6a008c6f000000003701e7ed,620e11934a9f4d000123b28f,HolidayWine假日酒馆的店,68c69c58bf5d360001d20fa7,goods_seller,904,58,12,1,1996.0,2207.9646017699115,6.41592920353982,0.719362,0.872658,18.6536922454834,中,B,0.064889,中,低,中,中,,,正常,4,6.0,20400,35,B6,稳定期,http://sns-img-qn.xhscdn.com/spectrum/1040g0k032006pi44540040l3lhehtd1446naa88?imageView2/2/w/540/format/jpg/q/75,1,0.82470703125,0.3082382369048148,0.2750987966786555,0.49135621568017995,0.3582310830878834,黑马,33
69364c4b000000000d039523,63205b896c7ba8000125a68e,燕鸣春燕窝工厂旗舰店,670f57ccc42e3d0001f4541e,goods_seller,571,59,31,1,1190.0,2084.063047285464,10.33274956217163,0.753587,0.837634,10.758713722229004,中,B,0.05768,低,低,中,中,,,正常,4,293.0,8509,188,B4,稳定期,http://sns-img-qn.xhscdn.com/notes_pre_post/1040g3k831pqmorva4kd04al2dsmubbo5d43l198?imageView2/2/w/540/format/jpg/q/75,0,0.958984375,0.1294125482882643,0.13671684205852316,0.6053313203972589,0.2904869035813488,黑马,34
6a29271600000000220276a4,6321c9b80ae2230001cbcd22,如愿L老茶铺的店,6a159dcaae460400010ecf6f,goods_seller,1059,92,28,1,2193.0,2070.8215297450424,8.68744098205855,0.706347,0.88848,52.7763786315918,高,B,0.082905,中,低,中,低,,,正常,4,9.0,14227,4,B3,稳定期,http://sns-img-qn.xhscdn.com/spectrum/1040g34o3217s51hk72005n7ekgf4lufkeh6djk0?imageView2/2/w/540/format/jpg/q/75,2,0.919921875,0.4550493613368264,0.3404674155972944,0.11131092461850421,0.30227590051754166,黑马,35
6852b431000000002400a0d7,66f3bf3f72275e00155475c7,兔吉酒太甜的店,68f4b740f5d0480001f58da6,goods_seller,951,11,62,3,1957.0,2057.8338590956887,1.15667718191377,0.75629,0.843118,95.88136291503906,高,B,0.045956,中,中,高,中,,,正常,2,106.0,8137,361,B4,稳定期,http://sns-img-qn.xhscdn.com/1040g00831isenmkkhc0049e2oggl2ueikk17598?imageView2/2/w/540/format/jpg/q/75,1,0.89111328125,0.14766958246377454,0.12762902772227402,0.0010656720394298656,0.09212142740849281,黑马,36
6a095644000000003700fb27,66f3bf3f72275e00155475c7,兔吉酒太甜的店,697c3ffd30ddb100011dc32d,goods_seller,854,41,30,1,1732.08,2028.1967213114754,4.80093676814988,0.766993,0.906812,35.32285690307617,中,B,0.23891,中,低,中,中,,,正常,4,1.0,1676,28,B4,稳定期,http://sns-img-qn.xhscdn.com/spectrum/1040g34o3208prlk05k105pb850h86aajphmulvo?imageView2/2/w/540/format/jpg/q/75,2,0.91845703125,0.683695217796723,0.09638411556621228,0.28117460740346045,0.3537513135887986,黑马,37
69f44875000000002301616f,650fc5e6796c030001e1f55c,翔说茶（单丛茶）的店,69114fb90319c900019e0923,goods_seller,684,45,20,1,1375.0,2010.233918128655,6.57894736842105,0.664162,0.904036,39.183528900146484,中,B,0.169771,中,中,中,中,,,正常,4,4.0,43523,44,B5,稳定期,http://sns-img-qn.xhscdn.com/spectrum/1040g0k031viv7548hm005oncfjqnjqeictpr658?imageView2/2/w/540/format/jpg/q/75,1,0.91015625,0.6441617453339846,0.6022675132838979,0.2342036321655344,0.49354429692780566,黑马,38
6a1404560000000035029725,66f3bf3f72275e00155475c7,兔吉酒太甜的店,69ec6835294caa0001ea9a4d,goods_seller,731,44,16,1,1380.0,1887.8248974008209,6.01915184678523,0.757932,0.871929,35.32285690307617,中,B,0.708057,中,中,高,中,,,正常,2,3.0,1676,20,B4,稳定期,http://sns-img-qn.xhscdn.com/spectrum/1040g0k0320j7hl3v6o005pb850h86aajh6uih78?imageView2/2/w/540/format/jpg/q/75,2,0.1943359375,0.3027692672024629,0.12272249604073235,0.28117460740346045,0.23555545688221857,黑马,39
69ff12d9000000003700c5f9,68b01fa31ee52c001540bdce,慢养朝夕的店,68ce5627f9d82900011b0bf5,goods_seller,808,39,10,7,1523.9,1886.0148514851485,4.82673267326733,0.710896,0.90824,36.74335861206055,中,A,0.057214,中,中,高,中,,,正常,2,139.0,61129,36,B4,稳定期,http://sns-img-qn.xhscdn.com/spectrum/1040g0k031vuorebm54005ptc33i393haigo3f78?imageView2/2/w/540/format/jpg/q/75,1,0.95947265625,0.7053342805973684,0.3169116232257301,0.26662522386513327,0.42962370922941057,黑马,40
69b67427000000001f000ac2,620e11934a9f4d000123b28f,HolidayWine假日酒馆的店,67e7a635bf527d000106c39f,goods_seller,801,60,43,2,1501.0,1873.9076154806492,7.49063670411985,0.719761,0.841621,18.6536922454834,中,B,0.089673,中,中,高,中,,,正常,2,64.0,20400,91,B6,稳定期,http://sns-img-qn.xhscdn.com/spectrum/1040g0k031tnrl57vmq1040l3lhehtd144tcfvio?imageView2/2/w/540/format/jpg/q/75,2,0.9560546875,0.14222281426224412,0.27316726610718883,0.49135621568017995,0.30224876534987094,黑马,41
69e210a1000000002300533a,624bed01c45094000151f4f6,梁小姐的店,655474db1996a5000102d287,goods_seller,532,54,69,1,996.64,1873.3834586466166,10.15037593984962,0.694829,0.882056,57.790550231933594,高,B,0.067885,中,低,中,中,,,正常,4,24.0,21671,58,B4,稳定期,http://sns-img-qn.xhscdn.com/1040g00831v1vofjc2a104a682jtm38v8mealq00?imageView2/2/w/540/format/jpg/q/75,1,0.921875,0.3894735284105206,0.40397850894720483,0.07682459334250995,0.29009221023341175,黑马,42
69fc54860000000036033c7d,6321c9b80ae2230001cbcd22,如愿L老茶铺的店,69ec6d9021e087000118218b,goods_seller,1928,117,91,3,3610.32,1872.5726141078837,6.06846473029046,0.726112,0.90158,52.7763786315918,高,B,0.220894,中,低,中,中,,,正常,2,15.0,14227,38,B3,稳定期,http://sns-img-qn.xhscdn.com/spectrum/1040g0k031vs3e3ogk8005n7ekgf4lufkbef0v98?imageView2/2/w/540/format/jpg/q/75,0,0.81787109375,0.6121545816497195,0.2433654515045217,0.11131092461850421,0.32227698592424847,黑马,43
6846b0d4000000002001d20e,63e5b67f783b7900019486da,桔妈中式食补的店,66c8a128b1e57600018a39c5,goods_seller,853,83,34,2,1586.0,1859.3200468933178,9.73036342321219,0.749582,0.831353,-2.2744784355163574,中,B,0.083081,中,中,中,中,,,正常,2,621.0,47072,369,B3,稳定期,http://sns-img-qn.xhscdn.com/1040g2sg31igmrh9e08005n4j625k0pns68jl6ao?imageView2/2/w/540/format/jpg/q/75,2,0.037139892578125,0.11151813862617113,0.14978612554208665,0.7619259061912586,0.34107672345317214,黑马,44
68adf691000000001d00cdc7,62a1b89e43b3640001f2bd03,BRUTO WINES的店,68ad9149ec7fed0001edf735,goods_seller,551,107,21,1,1016.6,1845.0090744101633,19.41923774954628,0.804253,0.803204,49.392662048339844,高,B,0.119123,中,低,中,中,,,正常,4,223.0,15122,291,B3,稳定期,http://sns-img-qn.xhscdn.com/notes_pre_post/1040g3k031lli41suku0048lqr8p26vhm5m3le4g?imageView2/2/w/540/format/jpg/q/75,2,0.04833984375,0.057598093631129464,0.028358717049272533,0.1303820138241345,0.07211294150151216,黑马,45
69e4a3d4000000001f000860,649bfca2f608270001fb540c,Caillie凯莉的小酒馆的店,685e67998b7d6f00012a60d2,goods_seller,1625,179,69,1,2980.0,1833.8461538461538,11.01538461538462,0.691214,0.830387,40.1740608215332,中,B,0.084328,中,低,中,中,,,正常,4,7.0,16163,56,B4,稳定期,http://sns-img-qn.xhscdn.com/spectrum/1040g34o31v4uktssjm405o92fdb0bq7ps5ece50?imageView2/2/w/540/format/jpg/q/75,2,0.1490478515625,0.10872815002294155,0.42425587969746753,0.22232582922605568,0.25176995298215493,黑马,46
6a1a7b0d000000003601a84b,66f3bf3f72275e00155475c7,兔吉酒太甜的店,6738ec7f6602d70001769969,goods_seller,780,41,18,1,1419.22,1819.5128205128206,5.25641025641026,0.753905,0.883651,35.32285690307617,中,B,0.071494,中,低,中,中,,,正常,4,1.0,1676,15,B4,稳定期,http://sns-img-qn.xhscdn.com/spectrum/1040g34o320phlaui5e105pb850h86aajckndjog?imageView2/2/w/540/format/jpg/q/75,2,0.1424560546875,0.40434113346062195,0.13558456551662892,0.28117460740346045,0.27370010212690377,黑马,47
69bfe4f5000000001f004587,628b5d55d6b4360001958de1,富临行鱼胶滋补的店,67c062c6cb5e4200014f648e,goods_seller,685,68,17,1,1218.0,1778.102189781022,9.92700729927007,0.687081,0.866563,48.04304504394531,中,B,0.048899,中,低,高,中,,,正常,4,116.0,19965,84,B4,稳定期,http://sns-img-qn.xhscdn.com/1040g2sg31u12ligo78e049tm9gag8p8hk2ra1h8?imageView2/2/w/540/format/jpg/q/75,1,0.9541015625,0.26351701375012954,0.4493065731243432,0.13898879564258543,0.28393746083901944,黑马,48
69f1cbae000000001b023b0b,64a2a16de916d0000181cd86,兔总的葡萄酒买手店的店,67eb7cf9d25300000127cfa5,goods_seller,3146,106,78,6,5533.19,1758.801652892562,3.36935791481246,0.678121,0.872345,43.1324577331543,中,B,0.09925,中,中,高,中,,,正常,4,52.0,8030,46,B4,稳定期,http://sns-img-qn.xhscdn.com/spectrum/1040g34o31vhqa19t3m5g5ovsrf5jq95ur74fc2o?imageView2/2/w/540/format/jpg/q/75,1,0.95947265625,0.3058108728150023,0.5059870047215191,0.1830809762739961,0.33162628460350585,黑马,49
69fd9800000000003502bef9,62c7f653c0ace30001e0ba92,法国酒农酒庄指南的店,6577908a14f2c80001f25603,goods_seller,655,28,28,2,1136.84,1735.6335877862596,4.27480916030534,0.741678,0.75574,63.7989387512207,高,B,0.082721,中,低,中,中,,,正常,4,23.0,18689,37,B4,稳定期,http://sns-img-qn.xhscdn.com/spectrum/104000k031vpt4qmvjm0f4hjtvg?imageView2/2/w/540/format/jpg/q/75,1,0.95703125,0.019751935230821603,0.17853706910587155,0.05038260586415642,0.08289053673361653,黑马,50
69fabd6d0000000035033197,63ef0934505ba20001cf3e04,全威派的店,677c9f8022ad9a00010556e2,goods_seller,562,32,30,2,972.0,1729.5373665480427,5.69395017793594,0.665153,0.878353,16.91329574584961,中,B,0.056827,中,低,中,低,,,正常,4,2.0,5162,39,B3,稳定期,http://sns-img-qn.xhscdn.com/spectrum/1040g34o31vqhrfm42s0g5oh7ejrk0gv0u9jahc0?imageView2/2/w/540/format/jpg/q/75,2,0.96044921875,0.3559122596687536,0.5953850480292467,0.5179092106626408,0.48973550612021377,黑马,51
6a2be863000000002202167e,6225b991417a3a0001981050,酒零后根据地的店,6a2bbb07cf6c7d0001d2f632,goods_seller,3685,188,65,3,6290.610000000001,1707.085481682497,5.10176390773406,0.79598,0.912499,51.30328369140625,高,B,0.088492,中,低,中,中,,,正常,4,7.0,94624,1,B6,稳定期,http://sns-img-qn.xhscdn.com/spectrum/1040g0k0321addrgfn0005n980pblgpnsng09dlo?imageView2/2/w/540/format/jpg/q/75,2,0.9453125,0.7720645915663898,0.038460399923034794,0.1171425188342732,0.3092225034412326,黑马,52
69e1ddb6000000002200d661,674d8ff05c240b0015350c76,企鹅吃喝酒馆的店,69c9fe6f4ae1e70001919e9f,goods_seller,621,32,9,3,1053.0,1695.6521739130435,5.15297906602254,0.682112,0.881741,21.712865829467773,中,B,0.175976,中,中,高,中,,,正常,4,13.0,17546,58,B4,稳定期,http://sns-img-qn.xhscdn.com/notes_pre_post/1040g3k831v28ghv7hu705n9vmftk5g8dlihf6vo?imageView2/2/w/540/format/jpg/q/75,2,0.94970703125,0.38664653730592186,0.48010005476370204,0.44659799002412565,0.43778152736458315,黑马,53
69f0760e000000003601990d,62cd4db84d694d000169c095,了不起的匠人的店,69e999ca294caa0001a18163,goods_seller,4143,144,21,1,7000.0,1689.5969104513638,3.47574221578566,0.657966,0.868103,47.26428985595703,中,B,0.065556,中,中,高,中,,,正常,2,69.0,1045317,47,B5,稳定期,http://sns-img-qn.xhscdn.com/notes_uhdr/1040g3qg31vggjrt12q005o5fk66gbgd09tdddv0?imageView2/2/w/540/format/jpg/q/75,1,0.96044921875,0.2742403386468925,0.6459304648994272,0.14754377395911963,0.35590485916847975,黑马,54
686f3d83000000001c03497b,655d96959665fd00016d9b61,小婷婷滋补礼盒批发的店,656d2040b2660700015fc7b1,goods_seller,716,84,27,1,1200.0,1675.977653631285,11.73184357541899,0.669335,0.893713,37.836856842041016,中,B,0.055615,中,中,中,中,,,正常,4,129.0,28531,339,B3,成长期,http://sns-img-qn.xhscdn.com/1040g00831joadms434004a5ajbfh0g255ngm7a0?imageView2/2/w/540/format/jpg/q/75,1,0.9580078125,0.5142607640276483,0.5660790669449255,0.25350413687965306,0.4446146559507423,黑马,55
69fd9b5b000000001e00ccb0,63e5b67f783b7900019486da,桔妈中式食补的店,68f9e4820dfa750001e9f803,goods_seller,624,42,12,1,1029.0,1649.0384615384614,6.73076923076923,0.764027,0.817003,-2.2744784355163574,中,B,0.126292,低,低,中,中,,,正常,2,54.0,47072,34,B3,稳定期,http://sns-img-qn.xhscdn.com/1040g00831vtb0kjt2i0g5n4j625k0pnsmp5uua0?imageView2/2/w/540/format/jpg/q/75,2,0.033477783203125,0.07920755443067952,0.10461347187069846,0.7619259061912586,0.3152489774975455,黑马,56
6a2036680000000006036f7e,669618e5db6f410001b46000,JoshyWine的店,6a0c552ad4cee90001712c5f,goods_seller,1148,81,43,1,1890.0,1646.341463414634,7.05574912891986,0.68155,0.891626,19.824716567993164,中,B,0.064821,中,中,高,中,,,正常,4,22.0,2081,11,B4,稳定期,http://sns-img-qn.xhscdn.com/spectrum/1040g0k0320v470v170005pj7tvi1oikfj0huqq0?imageView2/2/w/540/format/jpg/q/75,2,0.92431640625,0.48958009561446353,0.48370409839705164,0.4756449535988633,0.48297638253679276,黑马,57
67472434000000000202e329,65798517e8c3210001a4e77b,合为养旗舰店,662c5af53bf0c50001355d73,goods_seller,770,32,22,2,1260.0,1636.3636363636363,4.15584415584416,0.816115,0.71454,59.42692947387695,高,B,0.094953,中,低,中,中,,,正常,2,10084.0,780326,564,B6,稳定期,http://sns-img-qn.xhscdn.com/1040g2sg31an5d80i7c705nie2jp08t2uqqp6080?imageView2/2/w/540/format/jpg/q/75,2,0.369873046875,0.008473572813522194,0.01714695913443749,0.06911327205719106,0.03157793466838358,黑马,58
69e0956e00000000210045ec,66a1b6b8a6d8460016697971,食葡专卖店,69ddba7c5ec088000116bd2a,goods_seller,820,30,16,5,1340.34,1634.560975609756,3.65853658536585,0.702891,0.823222,25.319459915161133,中,B,0.826013,中,中,高,中,,,正常,2,54.0,8452,59,B4,稳定期,http://sns-img-qn.xhscdn.com/1040g2sg31uvoj2srjmgg5oaai3mnuifkr0qh1gg?imageView2/2/w/540/format/jpg/q/75,2,0.95947265625,0.09166259639151607,0.3594126962982698,0.4028610334058582,0.28464544203188136,黑马,59
69fc0407000000003700f77e,6274d01b98970c0001d21df9,南三府食品礼盒的店,69f72adf81bc0100010e2ff3,goods_seller,615,52,33,1,1000.0,1626.0162601626016,8.45528455284553,0.689955,0.916693,42.178863525390625,中,B,0.085823,中,中,中,中,,,正常,2,17.0,7016,38,B3,成长期,http://sns-img-qn.xhscdn.com/spectrum/1040g0k031vrpg6k02s0g5nm3bej0boeflq80j1o?imageView2/2/w/540/format/jpg/q/75,2,0.96044921875,0.838854106537602,0.43204120598552465,0.20153042345662567,0.49080857865991745,黑马,60
69fe8889000000001f0014d2,649bfca2f608270001fb540c,Caillie凯莉的小酒馆的店,68e403e99176f5000113b4be,goods_seller,727,33,39,1,1180.0,1623.1086657496562,4.53920220082531,0.708585,0.886298,40.1740608215332,中,B,0.0955,中,低,中,中,,,正常,4,11.0,16163,36,B4,稳定期,http://sns-img-qn.xhscdn.com/spectrum/1040g0k031vu872nol4005o92fdb0bq7psk7g9tg?imageView2/2/w/540/format/jpg/q/75,2,0.4794921875,0.43092373044417803,0.32866361766055385,0.22232582922605568,0.3273043924435959,黑马,61
69bbc370000000001a02b472,64a2a16de916d0000181cd86,兔总的葡萄酒买手店的店,69bbb072180bf40001edf1c9,goods_seller,689,79,78,4,1116.0,1619.7387518142234,11.46589259796807,0.69617,0.848271,43.1324577331543,中,B,0.108138,中,中,高,中,,,正常,4,24.0,8030,87,B4,稳定期,http://sns-img-qn.xhscdn.com/spectrum/1040g34o31tt1phooh65g5ovsrf5jq95uepcgthg?imageView2/2/w/540/format/jpg/q/75,2,0.94140625,0.16694788567707178,0.3966890161774936,0.1830809762739961,0.24890595937618717,黑马,62
69ee09ee0000000036002b13,669618e5db6f410001b46000,JoshyWine的店,69846de5a5576f00011966f2,goods_seller,864,57,8,2,1398.0,1618.0555555555557,6.59722222222222,0.690251,0.878204,19.824716567993164,中,B,0.076465,中,中,高,中,,,正常,4,6.0,2081,49,B4,稳定期,http://sns-img-qn.xhscdn.com/spectrum/1040g0k031ve41qh41m005pj7tvi1oikfhspvob8?imageView2/2/w/540/format/jpg/q/75,2,0.78662109375,0.3543137516096088,0.4300430709115936,0.4756449535988633,0.4200005920400219,黑马,63
69ee129c0000000023017a94,63ef0934505ba20001cf3e04,全威派的店,658b97e5862a3a0001f8cf10,goods_seller,1607,185,47,2,2557.0,1591.1636589919103,11.51213441194773,0.678881,0.87596,16.91329574584961,中,B,0.092997,中,中,高,中,,,正常,4,12.0,5162,49,B3,稳定期,http://sns-img-qn.xhscdn.com/spectrum/1040g34o31vbe7v86is305oh7ejrk0gv0im56br8?imageView2/2/w/540/format/jpg/q/75,2,0.958984375,0.3347616298861803,0.5012136820449062,0.5179092106626408,0.4512948408645758,黑马,64
6a1e499200000000380201e3,649bfca2f608270001fb540c,Caillie凯莉的小酒馆的店,68b6d00e0c1e9b0001ce56d7,goods_seller,3041,122,32,1,4797.0,1577.4416310424203,4.01183821111476,0.766175,0.899059,40.1740608215332,中,B,0.126726,中,低,中,中,,,正常,2,34.0,16163,12,B4,稳定期,http://sns-img-qn.xhscdn.com/spectrum/1040g0k0320t8fpg570005o92fdb0bq7pbpv5lio?imageView2/2/w/540/format/jpg/q/75,2,0.95947265625,0.579799594452585,0.09845625564288146,0.22232582922605568,0.3001938931071741,黑马,65
69e76082000000002301588f,669618e5db6f410001b46000,JoshyWine的店,69e0cc17933b0300014a2a2c,goods_seller,753,89,13,2,1186.0,1575.0332005312084,11.81938911022576,0.694468,0.854019,19.824716567993164,中,B,0.11122,中,中,中,中,,,正常,4,5.0,2081,54,B4,稳定期,http://sns-img-qn.xhscdn.com/spectrum/1040g0k031v7jtvbu1m005pj7tvi1oikfeb0c188?imageView2/2/w/540/format/jpg/q/75,2,0.8310546875,0.19207998460695944,0.40601364652250493,0.4756449535988633,0.3579128615761092,黑马,66
69ff0d63000000003502b6d5,6225b991417a3a0001981050,酒零后根据地的店,67cebadc9648450001ad2ecc,goods_seller,3837,173,75,3,5997.0,1562.9397967161844,4.50873077925463,0.813481,0.800877,51.30328369140625,高,B,0.148118,中,中,中,中,,,正常,4,9.0,94624,35,B6,稳定期,http://sns-img-qn.xhscdn.com/spectrum/1040g0k031vuoceks54005n980pblgpns882tbmo?imageView2/2/w/540/format/jpg/q/75,2,0.955078125,0.05443067951393514,0.01936710921658304,0.1171425188342732,0.06364676918826379,黑马,67
69c0aad8000000001a024447,64b37e57fdff9300018ec74d,酒类手账的店,66597c93a29a700001c55aa1,goods_seller,505,39,6,2,786.0,1556.4356435643565,7.72277227722772,0.6857,0.849344,33.075286865234375,中,B,0.076354,中,中,中,中,,,正常,4,7.0,7854,83,B4,稳定期,http://sns-img-qn.xhscdn.com/spectrum/1040g34o31u1r26cigo3g5oe5oj6ocpggmecshfo?imageView2/2/w/540/format/jpg/q/75,2,0.90869140625,0.17141778784245815,0.45744712342554356,0.3042937702588695,0.3110528938422904,黑马,68
6967399c000000002102aab3,620e11934a9f4d000123b28f,HolidayWine假日酒馆的店,69667d1a3db79c0001701173,goods_seller,758,70,21,3,1165.0,1536.9393139841688,9.23482849604222,0.688797,0.818776,18.6536922454834,中,B,0.072571,中,中,高,中,,,正常,4,9.0,20400,151,B6,稳定期,http://sns-img-qn.xhscdn.com/notes_pre_post/1040g3k831rafqvnv7g9g40l3lhehtd14i8s553g?imageView2/2/w/540/format/jpg/q/75,2,0.95947265625,0.08252297855335021,0.4388718677382591,0.49135621568017995,0.33758368732392974,黑马,69
67075698000000001902f912,66a48314c3c7d60015b6c0e5,静萱茶事的店,66b0bc32fa3aa40001ef66b5,goods_seller,561,74,47,1,860.0,1532.9768270944742,13.19073083778966,0.758121,0.930856,56.05172348022461,高,B,0.073705,中,中,中,中,,,正常,2,280.0,11080,612,B4,稳定期,http://sns-img-qn.xhscdn.com/1040g2sg318nlrgtb0q1g5o74eqtg8i0ta0c4cpg?imageView2/2/w/540/format/jpg/q/75,2,0.82861328125,0.9846883649334695,0.12218966002101742,0.08987167532525199,0.398916566759913,黑马,70
69ce2ffd0000000023012b90,65e57cddbf7fb600014b21bf,阿莹麦茶的店,66c8920bb1e576000189b95f,goods_seller,2182,179,101,20,3329.52,1525.902841429881,8.20348304307974,0.684427,0.909654,46.373329162597656,中,B,0.05692,低,低,中,中,,,正常,4,75.0,101410,73,B6,稳定期,http://sns-img-qn.xhscdn.com/1040g2sg31uf1f6lkhm705ova9gt9gui6dmg4pj0?imageView2/2/w/540/format/jpg/q/75,0,0.95263671875,0.7271435549043115,0.46546926572236286,0.15430783120938976,0.4489735506120214,黑马,71
68fb4494000000000301d375,65d5da675fd0a0000107821a,NATURECARE.LIFE海外旗舰店,691406cbf168b90001b20435,goods_seller,539,74,17,1,821.95,1524.9536178107608,13.72912801484230,0.76343,0.846693,-15.690291404724121,中,B,0.060443,低,低,中,中,,,正常,2,75.0,11788,233,B4,稳定期,http://sns-img-qn.xhscdn.com/1040g2sg31o126obs06hg5o0c0m8g94hir10kj48?imageView2/2/w/540/format/jpg/q/75,2,0.9375,0.1608424729511715,0.10621938043011707,0.873717863327561,0.38025990556961653,黑马,72
69ea1f51000000002202b06c,6503ca6100efc800012aed9e,茶理十八的店,6504861948ea990001b962eb,goods_seller,745,56,24,3,1128.0,1514.0939597315437,7.51677852348993,0.773522,0.856129,37.594783782958984,中,B,0.156652,中,中,中,中,,,正常,2,21.0,38623,52,B4,稳定期,http://sns-img-qn.xhscdn.com/1040g2sg31va2gujojqeg5oru2q67rkntp8ln6rg?imageView2/2/w/540/format/jpg/q/75,2,0.947265625,0.2023000754851028,0.07959238044491808,0.2563163269837041,0.17940292763790833,黑马,73
69c632ba000000002200ff18,63205b896c7ba8000125a68e,燕鸣春燕窝工厂旗舰店,6437afbfbb937a0001e8c48b,goods_seller,1066,67,30,1,1614.0,1514.0712945590994,6.28517823639775,0.675172,0.874331,32.533119201660156,中,B,0.062665,中,中,中,中,,,正常,4,95.0,7816,79,B4,稳定期,http://sns-img-qn.xhscdn.com/notes_pre_post/1040g3k031u77jl0khu005oklg0docpeafvjpc0o?imageView2/2/w/540/format/jpg/q/75,1,0.958984375,0.3217071474031645,0.5257463404526146,0.3129301540784157,0.3867945473113983,黑马,74
6a213ac80000000038022641,63ef0934505ba20001cf3e04,全威派的店,6a02f997273c7d00011416c7,goods_seller,852,49,22,1,1280.0,1502.3474178403756,5.75117370892019,0.715542,0.865514,16.91329574584961,中,B,0.060408,中,中,高,中,,,正常,4,8.0,5162,10,B3,稳定期,http://sns-img-qn.xhscdn.com/notes_pre_post/1040g3k032104ld1lna005oh7ejrk0gv03h8svf0?imageView2/2/w/540/format/jpg/q/75,2,0.9560546875,0.2568121605020499,0.2936888533664876,0.5179092106626408,0.3561367415103928,黑马,75
67e22003000000001c00cf6e,66c70bb6777979001546350d,三兔船长的店,66d16cc50eae590001dee319,goods_seller,640,34,48,11,961.4100000000001,1502.2031250000002,5.31250000000000,0.750831,0.898774,67.81156158447266,高,B,0.045667,中,低,中,中,,,正常,2,1810.0,24394,446,B5,稳定期,http://sns-img-qn.xhscdn.com/1040g2sg31fegkr8l5s8g5o4lvtng8ehj6m3o0cg?imageView2/2/w/540/format/jpg/q/75,1,0.921875,0.5760031378121161,0.14587126089723665,0.03560380681734085,0.25249273517556453,黑马,76
69a7f8070000000022030775,65e57cddbf7fb600014b21bf,阿莹麦茶的店,68f0fae1d3eed20001743ac4,goods_seller,1306,116,47,4,1953.31,1495.6431852986218,8.88208269525268,0.693001,0.898806,46.373329162597656,中,B,0.084156,中,中,中,中,,,正常,2,191.0,101410,102,B6,稳定期,http://sns-img-qn.xhscdn.com/1040g2sg31t9n4v03lee05ova9gt9gui69mu1t4o?imageView2/2/w/540/format/jpg/q/75,1,0.9560546875,0.5764693693293667,0.4141319953228838,0.15430783120938976,0.3816363986205467,黑马,77
685b9f61000000001703290c,6342d4c7756074000199c295,OREIN喝了讨喜的店,696b7391b05f88000161aea8,goods_seller,782,30,16,2,1162.0,1485.9335038363172,3.83631713554987,0.725114,0.881496,21.232141494750977,中,B,0.080781,中,中,中,中,,,正常,2,70.0,4680,353,B3,稳定期,http://sns-img-qn.xhscdn.com/1040g2sg31j9d8m8032705nhq7rm088r9hm8lf3g?imageView2/2/w/540/format/jpg/q/75,2,0.919921875,0.3842709767180261,0.24788715717182483,0.45231857673578735,0.36149223687521276,黑马,78
69f05c6600000000220266c8,63ef0934505ba20001cf3e04,全威派的店,677c9f8022ad9a00010556e2,goods_seller,608,77,26,2,900.01,1480.279605263158,12.66447368421053,0.699738,0.854195,16.91329574584961,中,B,0.051499,中,中,高,中,,,正常,4,11.0,5162,47,B3,稳定期,http://sns-img-qn.xhscdn.com/spectrum/1040g0k031vgbgo7s3m005oh7ejrk0gv0h6ic87g?imageView2/2/w/540/format/jpg/q/75,2,0.95703125,0.19282003463434128,0.3767372674392789,0.5179092106626408,0.36248883757875366,黑马,79
68a19a32000000001d022fb5,659008e4c1ef660001c16704,詹岭记的店,68a177071745f60001faeefc,goods_seller,515,66,38,2,748.0,1452.4271844660195,12.81553398058252,0.698174,0.918701,58.4333381652832,高,B,0.156811,中,中,中,中,,,正常,4,89.0,4935,301,B3,成长期,http://sns-img-qn.xhscdn.com/notes_pre_post/1040g3k831l9g5r7t5e705oelesp41r0snm4n4do?imageView2/2/w/540/format/jpg/q/75,1,0.955078125,0.8690629486553291,0.3854106537601942,0.07436022675132839,0.44294460972228383,黑马,80
6a1d52880000000036033c1d,645a010a275ad100017c97ac,艾老板爱微醺的店,66f8ca842c57110001a7f25b,goods_seller,2756,284,62,1,3998.0,1450.6531204644411,10.30478955007257,0.748359,0.808436,32.44458770751953,中,B,0.103407,中,中,高,中,,,正常,4,28.0,16437,13,B4,稳定期,http://sns-img-qn.xhscdn.com/spectrum/1040g34o320sc8vo172005oqg5p6m5crim29en3g?imageView2/2/w/540/format/jpg/q/75,2,0.958984375,0.06504299690659089,0.1540858162011752,0.31461746814084635,0.1779154270828708,黑马,81
69452a6b000000001e014c80,668f6c25ebc29500014b55fc,八锦养旗舰店,66b575ec52b3a10001f0b772,goods_seller,780,73,27,4,1126.0,1443.5897435897436,9.35897435897436,0.716335,0.654581,-18.990585327148438,中,B,0.133372,中,中,中,中,,,正常,2,173.0,35571,174,B5,稳定期,http://sns-img-qn.xhscdn.com/spectrum/1040g34o31q97eplu700g5pihnrkmr3effmgtfto?imageView2/2/w/540/format/jpg/q/75,2,0.7236328125,0.0024865680920030196,0.2899960037298521,0.8962745881621598,0.39625238666133833,黑马,82
6a0530ae0000000007020b97,63e5b67f783b7900019486da,桔妈中式食补的店,68f9e4820dfa750001e9f803,goods_seller,2244,227,30,3,3233.0,1440.7308377896613,10.11586452762923,0.759973,0.734311,-2.2744784355163574,中,B,0.099251,低,低,中,低,,,正常,2,52.0,47072,31,B3,稳定期,http://sns-img-qn.xhscdn.com/notes_pre_post/1040g3k83204o56da2ad05n4j625k0pnsgl0hjq8?imageView2/2/w/540/format/jpg/q/75,2,0.0321044921875,0.012551248464396193,0.1161804537986768,0.7619259061912586,0.2968858694847772,黑马,83
6a00660500000000380200b5,669618e5db6f410001b46000,JoshyWine的店,677e676977d41e00017f92f2,goods_seller,1430,113,41,3,2040.8600000000001,1427.1748251748254,7.90209790209790,0.73185,0.856834,19.824716567993164,中,B,0.800769,中,中,高,中,,,正常,2,10.0,2081,35,B4,稳定期,http://sns-img-qn.xhscdn.com/spectrum/1040g34o32001tg87is205pj7tvi1oikfpfapbko?imageView2/2/w/540/format/jpg/q/75,2,0.94482421875,0.2061779376285837,0.21778192205793112,0.4756449535988633,0.29986827109512604,黑马,84
69eb39ae000000001a0377f1,65798517e8c3210001a4e77b,合为养旗舰店,690add3984cf4200018b9011,goods_seller,760,70,17,1,1080.0,1421.0526315789473,9.21052631578947,0.687879,0.798222,-8.752756118774414,中,B,0.229528,中,中,中,中,,,正常,4,110.0,154383,51,B6,稳定期,http://sns-img-qn.xhscdn.com/spectrum/1040g0k031vbd01vn1u005o8v0980amn5puumuso?imageView2/2/w/540/format/jpg/q/75,0,0.9208984375,0.05144087740331246,0.4445332504477303,0.8195165993221142,0.43849690905771893,黑马,85
68ac3eec000000001d00eb6b,6401ef31338c4600010b463a,家乡古月的店,64c3a36ed664f500012e195e,goods_seller,703,61,45,11,984.9,1400.99573257468,8.67709815078236,0.750845,0.89142,33.469329833984375,中,B,0.080842,中,中,高,中,,,正常,4,118.0,65029,293,B4,稳定期,http://sns-img-qn.xhscdn.com/1040g00831ljspmd54u005nn8s3ag8u8il3ncgeo?imageView2/2/w/540/format/jpg/q/75,2,0.8798828125,0.48714533102437724,0.14581945739531993,0.3006897266255199,0.31121817168173904,黑马,86
6a223c6d0000000022021879,649bfca2f608270001fb540c,Caillie凯莉的小酒馆的店,68f34d48becfcc0001f5fdfd,goods_seller,1069,48,40,1,1480.0,1384.4714686623013,4.49017773620206,0.724451,0.823847,40.1740608215332,中,B,0.062865,中,低,中,低,,,正常,4,8.0,16163,9,B4,稳定期,http://sns-img-qn.xhscdn.com/spectrum/1040g34o321140p7v74105o92fdb0bq7p98hgm08?imageView2/2/w/540/format/jpg/q/75,2,0.95703125,0.09306129094326776,0.2508251557805308,0.22232582922605568,0.18873742531661808,黑马,87
6a01664a0000000035027098,620e11934a9f4d000123b28f,HolidayWine假日酒馆的店,62a8b9ffb0be56000129e640,goods_seller,932,55,21,2,1290.0,1384.1201716738196,5.90128755364807,0.679629,0.868289,18.6536922454834,中,B,0.105362,中,中,高,中,,,正常,4,12.0,20400,34,B6,稳定期,http://sns-img-qn.xhscdn.com/spectrum/1040g34o32011i814l49040l3lhehtd14tlckue0?imageView2/2/w/540/format/jpg/q/75,1,0.95703125,0.27555762769563225,0.4962109438598049,0.49135621568017995,0.42104159574520567,黑马,88
6a27cdb4000000003501f26d,673ec222ccacbd00154e25a7,迪克小馆的店,6a27add4d5e6e60001045fb3,goods_seller,2369,248,156,9,3269.62,1380.1688476150275,10.46855213170114,0.627564,0.879752,69.74658203125,高,B,0.112428,中,中,中,中,,,正常,4,55.0,1350,5,B4,稳定期,http://sns-img-qn.xhscdn.com/1040g0083216hm9co70005oho0vo41aua8v2i1h0?imageView2/2/w/540/format/jpg/q/75,2,0.67724609375,0.36840430413095926,0.8416958986427483,0.029979426609238784,0.4133598764609821,黑马,89
69a849ca0000000023038e51,65e57cddbf7fb600014b21bf,阿莹麦茶的店,69a431495be6c10001df3a20,goods_seller,2378,120,107,23,3267.93,1374.2346509671993,5.04625735912532,0.760898,0.916333,46.373329162597656,中,B,0.04421,中,中,中,中,,,正常,2,587.0,101410,102,B6,稳定期,http://sns-img-qn.xhscdn.com/1040g00831ta15ht35e005ova9gt9gui6v6h77k0?imageView2/2/w/540/format/jpg/q/75,2,0.9150390625,0.8333555348341548,0.1134644701981854,0.15430783120938976,0.3670426120805767,黑马,90
699ff1a0000000000e03dd88,63e5b67f783b7900019486da,桔妈中式食补的店,68f9e4820dfa750001e9f803,goods_seller,979,33,14,2,1327.0,1355.464759959142,3.37078651685393,0.736949,0.846571,-2.2744784355163574,中,B,0.068892,中,低,中,中,,,正常,2,48.0,47072,108,B3,稳定期,http://sns-img-qn.xhscdn.com/1040g00831t1sfe9jls005n4j625k0pnssdq5r80?imageView2/2/w/540/format/jpg/q/75,2,0.041778564453125,0.16028743543063512,0.1969051107854891,0.7619259061912586,0.37303948413579424,黑马,91
693bd5c0000000001e008acd,5e030ab380239d00013a7f11,心雅燕燕窝旗舰店,6373646266da44000128e484,goods_seller,565,54,54,1,763.0,1350.4424778761063,9.55752212389381,0.681215,0.88672,50.42146682739258,高,B,0.064746,中,低,中,中,,,正常,4,215.0,16110,183,B3,稳定期,http://sns-img-qn.xhscdn.com/spectrum/1040g34o31q03t806n0105ndo12n08rfc9b0qnvg?imageView2/2/w/540/format/jpg/q/75,1,0.93017578125,0.43545283661175493,0.48590204697837575,0.12331453606263783,0.3482231398842561,黑马,92
6a082cee0000000008001872,645a010a275ad100017c97ac,艾老板爱微醺的店,68dd1b95702da10001661b77,goods_seller,1465,76,21,3,1978.0,1350.1706484641638,5.18771331058020,0.708086,0.853293,32.44458770751953,中,B,0.219687,中,中,中,中,,,正常,4,14.0,16437,29,B4,稳定期,http://sns-img-qn.xhscdn.com/spectrum/1040g0k03207lmap8lc005oqg5p6m5criops7pg0?imageView2/2/w/540/format/jpg/q/75,2,0.95263671875,0.18885336648757456,0.33141660376241433,0.31461746814084635,0.2782958127969451,黑马,93
69620ce1000000001a01fa1d,659d244a60b4ac00010229ee,杯中兽小酒铺的店,6933e5d6bf02330001934db5,goods_seller,718,63,26,3,969.4,1350.1392757660167,8.77437325905292,0.684092,0.834463,97.59153747558594,高,B,0.096489,中,中,中,中,,,正常,2,209.0,36182,155,B4,稳定期,http://sns-img-qn.xhscdn.com/1040g2sg31r5dv9730a705okv07a6sr64m5s2brg?imageView2/2/w/540/format/jpg/q/75,1,0.90771484375,0.12012492044462206,0.4675340052987582,0.0007770525287509436,0.19614532609071042,黑马,94
696c70ac000000001a02a05d,645c5f55625b5b0001b3af1d,一斤半酒铺的店,69532857dd18440001255ae9,goods_seller,1299,120,19,1,1745.0,1343.3410315627407,9.23787528868360,0.711207,0.866168,3.786285877227783,中,B,0.132856,中,低,中,中,,,正常,2,144.0,8975,147,B4,稳定期,http://sns-img-qn.xhscdn.com/spectrum/1040g0k031rfist9bmu005ojrqqdocutbeu9d3c8?imageView2/2/w/540/format/jpg/q/75,2,0.94921875,0.26100824415730506,0.3152391101638471,0.6978005713186212,0.4246826418799244,黑马,95
691dbdbe000000001e0136cb,646e0669ebbcb20001ba0a2a,小憩居的店,64784e8def43dc0001aa4574,goods_seller,1518,147,47,4,1994.1,1313.6363636363637,9.68379446640316,0.798156,0.917947,67.0158920288086,高,B,0.176331,中,中,中,中,,,正常,2,500.0,15386,207,B4,稳定期,http://sns-img-qn.xhscdn.com/1040g00831p2n82oai8005ntklbo099aj4fmck78?imageView2/2/w/540/format/jpg/q/75,2,0.048828125,0.8577475837366606,0.03570741382117431,0.03763894439264094,0.3103646473168253,黑马,96
69e20be50000000021012c0e,613197daad6c8000017134c8,安安助农的店,69e0c4e74dd26e000165441b,goods_seller,600,23,13,2,788.0,1313.3333333333333,3.83333333333333,0.687269,0.901613,43.782318115234375,中,B,0.205253,中,中,高,中,,,正常,4,9.0,18467,58,B4,稳定期,http://sns-img-qn.xhscdn.com/1040g2sg31v293dqu3q0g5n9q7k14biajigv6v78?imageView2/2/w/540/format/jpg/q/75,1,0.9208984375,0.6126134126666962,0.4481446945813537,0.17640572502701182,0.4123879440916873,黑马,97
6940bcbd000000001e03b9e1,6503ca6100efc800012aed9e,茶理十八的店,69402ca55e8e270015b5b752,goods_seller,601,44,23,2,781.56,1300.432612312812,7.32113144758735,0.753946,0.828049,37.594783782958984,中,B,0.243879,中,中,中,中,,,正常,2,102.0,38623,180,B4,稳定期,http://sns-img-qn.xhscdn.com/1040g2sg31q4t74e600e05oru2q67rknt2u7btqg?imageView2/2/w/540/format/jpg/q/75,2,0.94970703125,0.10286695380607729,0.13548095851279546,0.2563163269837041,0.16488807976752562,黑马,98
687a264a0000000017032bf3,65d5da675fd0a0000107821a,NATURECARE.LIFE海外旗舰店,691406cbf168b90001b20435,goods_seller,684,56,23,2,889.1,1299.8538011695907,8.18713450292398,0.805396,0.854144,-15.690291404724121,中,B,0.384753,低,低,中,中,,,正常,2,132.0,11788,331,B4,稳定期,http://sns-img-qn.xhscdn.com/notes_pre_post/1040g3k031k2v8anp32605o0c0m8g94hivkf2t1g?imageView2/2/w/540/format/jpg/q/75,2,0.95947265625,0.19264242262776965,0.02691561949587792,0.873717863327561,0.3644253018170695,黑马,99
675bf0f7000000000600d541,6342d4c7756074000199c295,OREIN喝了讨喜的店,696b7391b05f88000161aea8,goods_seller,1790,147,66,4,2324.0,1298.3240223463688,8.21229050279330,0.718831,0.837531,21.232141494750977,中,B,0.124255,中,中,中,中,,,正常,2,1133.0,4680,548,B3,稳定期,http://sns-img-qn.xhscdn.com/spectrum/1040g0k031bbfasdcmo005nhq7rm088r9cfueav0?imageView2/2/w/540/format/jpg/q/75,2,0.95947265625,0.12911652827731154,0.27783698177996835,0.45231857673578735,0.2864240289310224,黑马,100
696f58350000000009038eaa,637f253e12def30001a8fffb,颐之宜养生的店,6934f6fb02483f00010e8cb8,goods_seller,789,16,4,1,1024.15,1298.0354879594424,2.02788339670469,0.670394,0.871198,12.161897659301758,中,B,0.067028,中,中,高,中,,,正常,2,128.0,81167,145,B6,稳定期,http://sns-img-qn.xhscdn.com/1040g00831ridmlt920005oc4kvfodan61c2n7oo?imageView2/2/w/540/format/jpg/q/75,2,0.8642578125,0.297056080991075,0.5587229696727499,0.5856163876678063,0.4804651461105438,黑马,101
6a1d2a9600000000060314c1,6503ca6100efc800012aed9e,茶理十八的店,6a0da5f6891c6a0015104dc8,goods_seller,4470,235,240,9,5745.67,1285.384787472036,5.25727069351230,0.771387,0.824729,37.594783782958984,中,B,0.561918,中,低,中,低,,,正常,2,18.0,38623,13,B4,稳定期,http://sns-img-qn.xhscdn.com/1040g008320s5fq2ono005oru2q67rkntl1is3m8?imageView2/2/w/540/format/jpg/q/75,2,0.94140625,0.09529624202596096,0.08482453413850777,0.2563163269837041,0.14547903438272428,黑马,102
6a0fd3fd0000000006023c23,657ad154e48da40001760102,吉岳燕窝旗舰店,68ad21c08ec6fa000143b75b,goods_seller,941,84,40,1,1209.0,1284.8034006376195,8.92667375132837,0.702303,0.911044,35.311561584472656,中,B,0.043719,中,低,中,中,,,正常,4,12.0,16520,22,B2,成长期,http://sns-img-qn.xhscdn.com/spectrum/1040g34o320f4ovne5k104a77nntbso73obaj260?imageView2/2/w/540/format/jpg/q/75,1,0.95947265625,0.749182244719743,0.3626319139173808,0.2813078164083892,0.4643739916818377,黑马,103
69ecb9da0000000037034537,620e11934a9f4d000123b28f,HolidayWine假日酒馆的店,6973e57943eb760001d10c80,goods_seller,2004,136,57,7,2568.06,1281.4670658682635,6.78642714570858,0.644777,0.842458,18.6536922454834,中,B,0.077468,中,中,高,中,,,正常,4,42.0,20400,50,B6,稳定期,http://sns-img-qn.xhscdn.com/notes_pre_post/1040g3k031vcqhsk7iq1040l3lhehtd14r6gphvg?imageView2/2/w/540/format/jpg/q/75,2,0.921875,0.14522741737341444,0.7399168183769222,0.49135621568017995,0.4588334838101722,黑马,104
68a9aaa3000000001c03560c,6401ef31338c4600010b463a,家乡古月的店,64029bff2aaa800001391a1d,goods_seller,905,92,139,17,1149.99,1270.707182320442,10.16574585635359,0.7846,0.887238,33.469329833984375,中,B,0.157923,中,低,中,中,,,正常,4,216.0,65029,295,B4,稳定期,http://sns-img-qn.xhscdn.com/1040g2sg31lhc8eqqkqe05nn8s3ag8u8ifb59cpg?imageView2/2/w/540/format/jpg/q/75,1,0.267333984375,0.440833000310821,0.05656942409306869,0.3006897266255199,0.26603071700980324,黑马,105
69fdc2020000000038022dfb,64b37e57fdff9300018ec74d,酒类手账的店,67d1326ae15c910001fa2576,goods_seller,809,84,40,4,1023.0,1264.5241038318911,10.38318912237330,0.65529,0.795069,33.075286865234375,中,B,0.424198,高,中,高,中,,,正常,4,0.0,7854,37,B4,稳定期,http://sns-img-qn.xhscdn.com/spectrum/1040g0k031vt8h7br480g5oe5oj6ocpggn08llto?imageView2/2/w/540/format/jpg/q/75,1,0.9541015625,0.04779983126859376,0.6650903601083433,0.3042937702588695,0.3390613205452689,黑马,106
6a217afb000000002202b21b,66bb6c1cc83d5c00164aaf34,制茶人王伟的店,6a216dc4071fea00011b6d45,goods_seller,3431,247,206,10,4321.88,1259.656076945497,7.19906732730982,0.738302,0.899108,40.19339370727539,中,B,0.13556,中,低,中,中,,,正常,4,25.0,13404,9,B3,稳定期,http://sns-img-qn.xhscdn.com/spectrum/1040g0k03210ce3ldms005pdggk0kt3lf7gb2lmo?imageView2/2/w/540/format/jpg/q/75,2,0.9541015625,0.5804212364755857,0.19179876559655432,0.22218521972085312,0.3314684072643311,黑马,107
69df499c00000000230051f1,6503ca6100efc800012aed9e,茶理十八的店,66befbfef33c4700015be751,goods_seller,763,43,33,6,958.56,1256.3040629095674,5.63564875491481,0.680875,0.867004,37.594783782958984,中,B,0.077811,中,中,中,中,,,正常,2,36.0,38623,60,B4,稳定期,http://sns-img-qn.xhscdn.com/1040g00831uvntju3ig005oru2q67rkntm6fdb3o?imageView2/2/w/540/format/jpg/q/75,2,0.95703125,0.266432810858014,0.48807039355860454,0.2563163269837041,0.3369398438001075,黑马,108
68c42dbf000000001d027b3c,66dfe52e1908ad0016f284d0,爱吃牛胸口的小当家的店,66e0ff7e44745f0001f9b862,goods_seller,794,154,214,14,987.6999999999999,1243.954659949622,19.39546599496222,0.630127,0.794508,44.05628204345703,中,B,0.09657,中,中,高,中,,,正常,4,977.0,12824,275,B5,稳定期,http://sns-img-qn.xhscdn.com/1040g00831mb8qh79mg005pmr1v27cfg53c51hog?imageView2/2/w/540/format/jpg/q/75,1,0.94140625,0.04722259224723591,0.828944836670959,0.17408936844130662,0.3500855991198339,黑马,109
687ec8650000000010011ee6,65e57cddbf7fb600014b21bf,阿莹麦茶的店,6773774ebc6cbc00018b11d3,goods_seller,1376,23,34,10,1705.3400000000001,1239.3459302325582,1.67151162790698,0.70747,0.904874,46.373329162597656,中,B,0.101125,中,低,中,低,,,正常,2,272.0,101410,327,B6,稳定期,http://sns-img-qn.xhscdn.com/1040g00831k8619cdk8005ova9gt9gui6j7eivcg?imageView2/2/w/540/format/jpg/q/75,2,0.88720703125,0.6561283542767491,0.33449521187632286,0.15430783120938976,0.3816437991208206,黑马,110
69e8f491000000001d019c5a,673ec222ccacbd00154e25a7,迪克小馆的店,67b02719c3cf0a0001a2fa2e,goods_seller,4168,300,265,13,5163.8,1238.915547024952,7.19769673704415,0.638305,0.872331,69.74658203125,高,B,0.093443,中,中,中,低,,,正常,2,107.0,1350,52,B4,稳定期,http://sns-img-qn.xhscdn.com/1040g2sg31v95v4ahhu705oho0vo41aua2opn4io?imageView2/2/w/540/format/jpg/q/75,2,0.9052734375,0.30567026330979974,0.7818332519278304,0.029979426609238784,0.3724943139489563,黑马,111
68ac5797000000001d00b37b,65e57cddbf7fb600014b21bf,阿莹麦茶的店,66c8a6334e4f280001e82296,goods_seller,672,41,24,2,819.6700000000001,1219.747023809524,6.10119047619048,0.716221,0.872884,46.373329162597656,中,B,0.06872,中,中,中,中,,,正常,2,232.0,101410,293,B6,稳定期,http://sns-img-qn.xhscdn.com/1040g00831ljvt1sql2005ova9gt9gui6nl1rf1g?imageView2/2/w/540/format/jpg/q/75,1,0.955078125,0.3099255509672454,0.29055104125038855,0.15430783120938976,0.2515948078090079,黑马,112
6981982f000000000e00c970,628b5d55d6b4360001958de1,富临行鱼胶滋补的店,67204f8075e23c000141137d,goods_seller,566,36,13,1,688.0,1215.547703180212,6.36042402826855,0.696672,0.840937,48.04304504394531,中,B,0.049281,中,低,中,中,,,正常,4,59.0,19965,131,B4,稳定期,http://sns-img-qn.xhscdn.com/notes_pre_post/1040g3k831s47uurcm27049tm9gag8p8hqn2fk08?imageView2/2/w/540/format/jpg/q/75,1,0.95947265625,0.14002486568092004,0.39387682607344254,0.13898879564258543,0.22429682913231605,黑马,113
6a21833d0000000008000e61,669618e5db6f410001b46000,JoshyWine的店,69db890898fb930001f14483,goods_seller,1704,136,60,3,2052.0,1204.225352112676,7.98122065727700,0.76963,0.896545,19.824716567993164,中,B,0.090083,中,中,高,中,,,正常,4,13.0,2081,10,B4,稳定期,http://sns-img-qn.xhscdn.com/spectrum/1040g34o3210cmf6j6s105pj7tvi1oikfpssjfqo?imageView2/2/w/540/format/jpg/q/75,2,0.927734375,0.5489617098115832,0.08940544380800142,0.4756449535988633,0.37133736907281595,黑马,114
683fd96a000000002001cf78,61f3ab756ca09d0001cde0b1,老谷头旗舰店,6731c5394a9865000182715d,goods_seller,826,68,38,6,993.96,1203.3414043583534,8.23244552058111,0.680386,0.880379,18.380290985107422,中,B,0.068727,中,中,高,中,,,正常,4,15.0,149787,375,B4,稳定期,http://sns-img-qn.xhscdn.com/spectrum/1040g0k031ia1cmeh6o005nj5stig9ccgq4a6cfg?imageView2/2/w/540/format/jpg/q/75,2,0.60888671875,0.37375486582893,0.4911564021727869,0.49602593135295947,0.4536457331182255,黑马,115
684ce2a2000000002100f1e3,667ba913e87bc4000181b25d,茗庐老刘的店,683eb28ff9ad0500013b93d6,goods_seller,788,55,37,2,948.0,1203.0456852791879,6.97969543147208,0.793717,0.905869,99.31361389160156,高,B,0.092515,中,低,中,低,,,正常,2,892.0,7523,365,B3,稳定期,http://sns-img-qn.xhscdn.com/1040g2sg31imot3su1ge05o7at1009f97glktheo?imageView2/2/w/540/format/jpg/q/75,2,0.88330078125,0.6698636827849562,0.041398398531740745,0.00042182851560765506,0.23722796994410156,黑马,116
6a141abc000000003502a286,66a1b6b8a6d8460016697971,食葡专卖店,69bce9b20ac79f0001a769c4,goods_seller,773,41,38,3,924.1,1195.4721862871927,5.30401034928849,0.658796,0.849564,25.319459915161133,中,B,0.065984,中,中,高,中,,,正常,2,34.0,8452,20,B4,稳定期,http://sns-img-qn.xhscdn.com/notes_pre_post/1040g3k8320j7clj55c405oaai3mnuifk690vf30?imageView2/2/w/540/format/jpg/q/75,1,0.95947265625,0.17237245237778073,0.640069268682563,0.4028610334058582,0.4051009181554006,黑马,117
69e9dace0000000023006342,659d244a60b4ac00010229ee,杯中兽小酒铺的店,683ebc374bb02800018f141e,goods_seller,1160,42,18,4,1371.0,1181.896551724138,3.62068965517241,0.694602,0.864805,36.45841598510742,中,B,0.109845,中,中,中,中,,,正常,4,12.0,2610,52,B4,稳定期,http://sns-img-qn.xhscdn.com/notes_pre_post/1040g3k831va1t4a42q705n6qr6qkniivfsd39eo?imageView2/2/w/540/format/jpg/q/75,2,0.83544921875,0.2522090493317348,0.4053031984962183,0.26968903097849417,0.30906709293548246,黑马,118
6a0ea4cb00000000380372c3,63ef0934505ba20001cf3e04,全威派的店,6824625a529cff00015d47a8,goods_seller,1500,110,71,2,1768.0,1178.6666666666667,7.33333333333333,0.712568,0.863324,16.91329574584961,中,B,0.090673,中,中,高,中,,,正常,4,8.0,5162,24,B3,稳定期,http://sns-img-qn.xhscdn.com/notes_pre_post/1040g3k0320dvq7n8m2005oh7ejrk0gv02tq0n40?imageView2/2/w/540/format/jpg/q/75,2,0.94287109375,0.24269200597960422,0.3083714459097435,0.5179092106626408,0.3563242208506629,黑马,119
6a144ded000000003503918b,63205b896c7ba8000125a68e,燕鸣春燕窝工厂旗舰店,6437afbfbb937a0001e8c48b,goods_seller,1540,102,29,1,1799.0,1168.1818181818182,6.62337662337662,0.746752,0.900849,32.533119201660156,中,B,0.6435,低,低,中,低,,,正常,4,78.0,7816,20,B4,稳定期,http://sns-img-qn.xhscdn.com/1040g008320jgo56n5c005oklg0docpeaptmco6o?imageView2/2/w/540/format/jpg/q/75,1,0.9453125,0.6023341177863624,0.15981380341311072,0.3129301540784157,0.35835935842596295,黑马,120
69f728de000000001a02ef06,645a010a275ad100017c97ac,艾老板爱微醺的店,667a38ff5edb1d000164eafe,goods_seller,1715,238,57,1,1999.0,1165.597667638484,13.87755102040816,0.701941,0.737584,32.44458770751953,中,B,0.120805,中,中,中,中,,,正常,4,41.0,16437,42,B4,稳定期,http://sns-img-qn.xhscdn.com/spectrum/1040g0k031vn4tb1cjm005oqg5p6m5cri0a067b8?imageView2/2/w/540/format/jpg/q/75,2,0.9580078125,0.013417106996432959,0.36460784749049036,0.31461746814084635,0.23088080754258988,黑马,121
6905f9ec000000000301fba2,66de9b426283a200162e969d,韩要强现烤坚果的店,689b170611247e0001025a23,goods_seller,743,58,145,19,858.7899999999998,1155.8411843876177,7.80619111709287,0.712651,0.88807,45.658180236816406,中,B,0.131478,中,低,中,中,,,正常,4,501.0,56069,225,B6,稳定期,http://sns-img-qn.xhscdn.com/1040g00831obgt4q36g005nfo2etg82c74etead8?imageView2/2/w/540/format/jpg/q/75,2,0.947265625,0.45045365066678505,0.3080088213963264,0.16204875449580391,0.30683707551963846,黑马,122
69eb36030000000023004ac2,64787481f1988a0001f0b567,葡萄酒真探社的店,69b3bf8708e3690001a765a0,goods_seller,779,68,26,1,899.0,1154.043645699615,8.72913992297818,0.756806,0.893011,21.421178817749023,中,B,0.118072,中,低,高,中,,,正常,4,58.0,39915,50,B3,成长期,http://sns-img-qn.xhscdn.com/spectrum/1040g34o31vbc98cohm005pgehhq1hl5266gfe40?imageView2/2/w/540/format/jpg/q/75,2,0.90869140625,0.5061350147269955,0.12603792016340304,0.44980240664268906,0.3606584471776959,黑马,123
6a2d4ff0000000001702a60b,645a010a275ad100017c97ac,艾老板爱微醺的店,66b9ea66a7c58300012f0bf0,goods_seller,1533,88,12,2,1749.0,1140.9001956947163,5.74037834311807,0.766517,0.873713,32.44458770751953,中,B,0.063301,中,中,中,中,0.05164960647622744,0.0,正常,4,19.0,16437,0,B4,稳定期,http://sns-img-qn.xhscdn.com/spectrum/1040g34o321c019gb6u105oqg5p6m5cri26abbfo?imageView2/2/w/540/format/jpg/q/75,2,0.9140625,0.31634918520491984,0.0975533946094756,0.31461746814084635,0.24284001598508062,黑马,124
69d0e508000000002202a7ea,6321c9b80ae2230001cbcd22,如愿L老茶铺的店,66630d71f5415a0001048ea3,goods_seller,2005,110,70,4,2253.56,1123.9700748129676,5.48628428927681,0.737631,0.898358,52.7763786315918,高,B,0.179533,中,低,中,中,,,正常,2,42.0,14227,71,B3,稳定期,http://sns-img-qn.xhscdn.com/spectrum/1040g34o31uhm4427is105n7ekgf4lufk33o3g78?imageView2/2/w/540/format/jpg/q/75,1,0.95361328125,0.5711188076313959,0.19441854269348607,0.11131092461850421,0.29228275831446204,黑马,125
6a2d33e40000000022018d31,6390a83bfa525500015bfe2f,二分之一工作室的店,6a2907773222c60001df334c,goods_seller,926,49,7,1,1035.0,1117.7105831533477,5.29157667386609,0.666892,0.895772,49.69597625732422,高,B,0.070796,中,中,高,中,,,正常,4,1.0,8782,1,B3,稳定期,http://sns-img-qn.xhscdn.com/1040g2sg321bpnqt5n0305q77g23tp4b2m7ntot8?imageView2/2/w/540/format/jpg/q/75,1,0.95947265625,0.5395408729630123,0.5831002175747081,0.12695558219735653,0.4165322242450256,黑马,126
6a0a8bef0000000008025c1b,63e5b67f783b7900019486da,桔妈中式食补的店,68f9e4820dfa750001e9f803,goods_seller,2080,147,14,3,2323.0,1116.826923076923,7.06730769230769,0.74722,0.817375,-2.2744784355163574,中,B,0.055427,中,低,中,中,,,正常,2,58.0,47072,27,B3,稳定期,http://sns-img-qn.xhscdn.com/1040g0083209vq10ome005n4j625k0pnsppuddpg?imageView2/2/w/540/format/jpg/q/75,1,0.0350341796875,0.079799594452585,0.15807468584876339,0.7619259061912586,0.333266728830869,黑马,127
6a2b79f40000000015027261,64b37e57fdff9300018ec74d,酒类手账的店,68abf325f38f970001b0c899,goods_seller,831,48,5,1,928.0,1116.7268351383875,5.77617328519856,0.676224,0.888147,33.075286865234375,中,B,0.095142,中,低,中,中,,,正常,4,0.0,7854,2,B4,稳定期,http://sns-img-qn.xhscdn.com/spectrum/1040g0k0321a4q976ms005oe5oj6ocpggs04bqc0?imageView2/2/w/540/format/jpg/q/75,1,0.94970703125,0.45123070319553604,0.5185974571881059,0.3042937702588695,0.4247073102141705,黑马,128
68528af2000000002203eae9,64fc06cc5b50f70001d93a83,内蒙老赵的店,684d8e9ed4dabb0001d1d847,goods_seller,576,41,34,7,633.7,1100.173611111111,7.11805555555556,0.724823,0.885602,34.60084915161133,中,B,0.078706,中,低,中,中,,,正常,2,3346.0,123078,361,B6,稳定期,http://sns-img-qn.xhscdn.com/1040g2sg31is8j97eh4kg5p7pa89gibr92iu5e4g?imageView2/2/w/540/format/jpg/q/75,2,0.640625,0.4238044491807646,0.24922664772138597,0.287146811124432,0.32005930267552757,黑马,129
6936f335000000001e03731a,64a52f59a16b9b00013bd62f,阿飞的甜蜜的店,693012b8a4503a000100bc4b,goods_seller,827,24,20,1,908.46,1098.5006045949215,2.90205562273277,0.76129,0.922177,43.362674713134766,中,B,0.26264,中,中,中,中,,,正常,2,89.0,22097,187,B5,稳定期,http://sns-img-qn.xhscdn.com/1040g00831prbdrbmkm0046odjtt35asipt443jo?imageView2/2/w/540/format/jpg/q/75,2,0.8818359375,0.9167961754214585,0.11227298965410061,0.18069061468555275,0.40325325992037064,黑马,130
69033aa20000000005032c73,62b28d9a14b93b000180d481,林间盏旗舰店,62b527fa59331700018e5a4b,goods_seller,888,36,10,3,974.78,1097.7252252252251,4.05405405405405,0.726727,0.663195,-14.31854248046875,中,B,0.07787,中,中,高,中,,,正常,2,234.0,4762,227,B6,稳定期,http://sns-img-qn.xhscdn.com/spectrum/1040g0k031o8qul2052005o7nr910bnjflq8jqc0?imageView2/2/w/540/format/jpg/q/75,1,0.96044921875,0.003004603111170315,0.2403682488936252,0.8615366398768557,0.36830316396055035,黑马,131
6a0450d70000000006036850,6729e34cef81e6001514387d,中意酒馆WineSoul的店,69eb30b767d4b20001eddca9,goods_seller,1609,117,51,15,1766.0,1097.5761342448725,7.27159726538222,0.723259,0.859058,-7.630556106567383,中,B,0.231707,高,中,高,中,,,正常,2,122.0,1704,31,B3,稳定期,http://sns-img-qn.xhscdn.com/spectrum/1040g34o3203t1n2754cg5pp9oej21fss632q0og?imageView2/2/w/540/format/jpg/q/75,2,0.947265625,0.21807054156861003,0.2563089264834303,0.8096739339579355,0.42801780066999195,黑马,132
6794adf80000000029014aa4,63e5b67f783b7900019486da,桔妈中式食补的店,65a647f981136200016b605b,goods_seller,557,52,1,1,608.0,1091.5619389587073,9.33572710951526,0.770706,0.760232,-2.2744784355163574,中,B,0.14943,低,低,低,低,,,正常,2,101.0,47072,505,B3,稳定期,http://sns-img-qn.xhscdn.com/1040g00831d2sfbk70k005n4j625k0pnsle43ui8?imageView2/2/w/540/format/jpg/q/75,2,0.03369140625,0.021727868803931145,0.08662285570504566,0.7619259061912586,0.29009221023341175,黑马,133
69d4cc68000000002102e6d7,620e11934a9f4d000123b28f,HolidayWine假日酒馆的店,67e7a635bf527d000106c39f,goods_seller,3370,173,34,4,3671.0,1089.3175074183976,5.13353115727003,0.69559,0.851912,18.6536922454834,中,B,0.089673,中,中,高,中,,,正常,2,28.0,20400,68,B6,稳定期,http://sns-img-qn.xhscdn.com/spectrum/1040g34o31ulg33l71u1g40l3lhehtd1416s5lmo?imageView2/2/w/540/format/jpg/q/75,2,0.9091796875,0.18253333925373355,0.39987123129523555,0.49135621568017995,0.357920262076383,黑马,134
68c7d777000000001b0216dc,61ef6b951ff2ce00010ad570,格格丨茶一代的店,68cbf0b9e8b4ad0001748e2d,goods_seller,658,56,40,7,716.24,1088.5106382978724,8.51063829787234,0.696267,0.842173,57.52664566040039,高,B,0.065631,中,中,中,中,,,正常,4,372.0,90556,271,B5,稳定期,http://sns-img-qn.xhscdn.com/spectrum/1040g34o31mer1mk3ku105ob1cv00k6occki2060?imageView2/2/w/540/format/jpg/q/75,2,0.96044921875,0.14422094933617513,0.39618578215887396,0.07837129789973803,0.20625934313159575,黑马,135
69c11a1a00000000230250be,6540ad54368edf00013dba24,燕香御食养的店,67e4e63760845d0001b568e0,goods_seller,533,55,16,1,580.0,1088.1801125703564,10.31894934333959,0.677045,0.854455,38.481475830078125,中,B,0.073061,中,低,高,中,,,正常,2,51.0,17476,83,B4,稳定期,http://sns-img-qn.xhscdn.com/note_pre_post_uhdr/1040g3r031u28hd3d1a1g5of7v0k8crg9m4l9290?imageView2/2/w/540/format/jpg/q/75,1,0.96044921875,0.1940633186803428,0.5132616964906828,0.24369847401684352,0.3170078297292897,黑马,136
69df48e3000000001d01fbc0,6230023896e3340001ac76ab,平阴玫瑰的店,695a2042ac83a2000113d570,goods_seller,611,36,14,3,657.67,1076.3829787234042,5.89198036006547,0.751107,0.888147,7.163928508758545,中,B,0.089698,中,低,中,中,,,正常,4,32.0,62676,60,B4,稳定期,http://sns-img-qn.xhscdn.com/notes_pre_post/1040g3k831uvmh4v31mcg5ogq865oc9ls130hspg?imageView2/2/w/540/format/jpg/q/75,1,0.95947265625,0.45123070319553604,0.14500540236519988,0.6509850065864452,0.415740370715727,黑马,137
662e235c0000000001007f6c,618cdb35014f060001dab980,留膳瓜妈食养的店,6194e83bbdaf7000018c2ecd,goods_seller,1225,20,30,3,1306.5,1066.530612244898,1.63265306122449,0.780611,0.86525,26.67974281311035,中,B,0.073834,,,,,,,正常,2,46.0,173539,777,B3,成长期,http://sns-img-qn.xhscdn.com/1040g2sg3124o1knt3s6g5nm38gf0bv86qkescb8?imageView2/2/w/540/format/jpg/q/75,2,0.1490478515625,0.25526545594482186,0.06425854387756612,0.38103695809836746,0.2335203193069185,黑马,138
69299110000000000d039fbc,63fc9bcd74492600015487ae,向阳山下地道滋补小铺的店,66725a71646d150001244e2b,goods_seller,566,41,30,8,602.79,1065.0,7.24381625441696,0.666026,0.897917,35.04185104370117,中,B,0.104202,中,中,中,中,,,正常,2,142.0,22522,198,B3,稳定期,http://sns-img-qn.xhscdn.com/1040g00831pe8v8pj3c005ove6kqjq42ns3djmcg?imageView2/2/w/540/format/jpg/q/75,0,0.94482421875,0.5655536314254843,0.5891464262984177,0.28507467104776285,0.47992490959055506,黑马,139
6a29435b00000000150246e9,645a010a275ad100017c97ac,艾老板爱微醺的店,650aa34e67de920001e18850,goods_seller,875,33,3,1,929.0,1061.7142857142858,3.77142857142857,0.778064,0.831582,32.44458770751953,中,B,0.073633,中,低,中,中,,,正常,4,8.0,16437,4,B4,稳定期,http://sns-img-qn.xhscdn.com/spectrum/1040g0k03217vl7jan2005oqg5p6m5cri4p82m58?imageView2/2/w/540/format/jpg/q/75,2,0.96044921875,0.11213978064917188,0.06959430457498927,0.31461746814084635,0.16545051778833583,黑马,140
69df21ef000000002301c3b6,6350c072814e2d00019e44f0,侍酒猫SommCat的店,69a00639d5afea00013d34e5,goods_seller,1193,68,22,1,1265.78,1061.005867560771,5.69991617770327,0.672721,0.540578,36.92054748535156,中,B,0.418105,中,中,高,中,,,正常,4,16.0,30282,60,B6,稳定期,http://sns-img-qn.xhscdn.com/notes_pre_post/1040g3k831uvitmn5ia8g5o9s23pgk9ekvnv3028?imageView2/2/w/540/format/jpg/q/75,2,0.955078125,0.00019981350739309978,0.5430043070911593,0.2643014667791543,0.2691685291259022,黑马,141
68da68df00000000120156af,63e7bb68384ae90001e78245,山野小青滋补的店,66a8a7df6c3884000122a6b0,goods_seller,1317,122,69,10,1392.89,1057.6233864844344,9.26347760060744,0.741367,0.902021,14.424476623535156,中,B,0.15348,中,低,中,中,,,正常,2,573.0,17930,258,B4,稳定期,http://sns-img-qn.xhscdn.com/1040g2sg31n0vc4oi4qdg5omv4di7jvn2l7c0l3g?imageView2/2/w/540/format/jpg/q/75,2,0.278564453125,0.6177715613575477,0.1797211491496825,0.55292837795835,0.4501403628218601,黑马,142
69f01065000000001a037d30,6225b991417a3a0001981050,酒零后根据地的店,67cebadc9648450001ad2ecc,goods_seller,6851,256,142,7,7233.83,1055.8794336593198,3.73668077652897,0.731996,0.880621,51.30328369140625,高,B,0.16991,中,中,中,中,,,正常,4,54.0,94624,42,B6,稳定期,http://sns-img-qn.xhscdn.com/spectrum/1040g0k031vg45ijn48005n980pblgpnss3esoq8?imageView2/2/w/540/format/jpg/q/75,2,0.947265625,0.3757826029039563,0.21704187203054925,0.1171425188342732,0.2366556645895929,黑马,143
6780fb090000000001000788,5e030ab380239d00013a7f11,心雅燕燕窝旗舰店,6373646366da44000128e497,goods_seller,2790,121,148,4,2935.0,1051.9713261648747,4.33691756272401,0.711061,0.886986,50.42146682739258,高,B,0.068746,中,低,中,中,,,正常,2,3135.0,16110,520,B3,稳定期,http://sns-img-qn.xhscdn.com/spectrum/1040g0k031cfk5mb0gc005ndo12n08rfci9m9r28?imageView2/2/w/540/format/jpg/q/75,2,0.958984375,0.4382946287169013,0.31603096369314565,0.12331453606263783,0.29254670949089495,黑马,144
69e0a816000000001d01f775,65798517e8c3210001a4e77b,合为养旗舰店,69aa93b3befcbd0001b3ad8c,goods_seller,1107,49,23,4,1163.17,1050.7407407407406,4.42637759710930,0.753732,0.849047,-8.752756118774414,中,B,0.156857,中,中,高,中,,,正常,2,121.0,154383,59,B6,稳定期,http://sns-img-qn.xhscdn.com/spectrum/1040g34o31v12gui7jm105o8v0980amn54oamdvo?imageView2/2/w/540/format/jpg/q/75,2,0.95361328125,0.17014490179536138,0.13619140653908204,0.8195165993221142,0.37528430255218587,黑马,145
69ca189b000000001a02a502,620e11934a9f4d000123b28f,HolidayWine假日酒馆的店,66d4066a45cb94000126788d,goods_seller,1107,71,15,1,1160.0,1047.877145438121,6.41373080397471,0.675875,0.828691,18.6536922454834,中,B,0.072852,中,中,中,中,,,正常,4,16.0,20400,76,B6,稳定期,http://sns-img-qn.xhscdn.com/notes_pre_post/1040g3k031ub196o42g1g40l3lhehtd147gdbd28?imageView2/2/w/540/format/jpg/q/75,2,0.9560546875,0.1042286458564599,0.5209952192768231,0.49135621568017995,0.3721933602711543,黑马,146
6a18e7900000000006036b2b,683da884daa7580015725385,紫云祥王伟的店,6a1846f1bd63a300011ae3d0,goods_seller,1196,86,43,2,1250.0,1045.1505016722408,7.19063545150502,0.750439,0.918585,40.54669189453125,中,B,0.136893,中,中,中,中,,,正常,4,0.0,2308,16,B3,稳定期,http://sns-img-qn.xhscdn.com/spectrum/1040g0k0320o0f0ff6o005pv3de73i12o2ce7hd8?imageView2/2/w/540/format/jpg/q/75,2,0.73681640625,0.8673608335923508,0.14718854994597635,0.2186181785888726,0.4110558540423999,黑马,147
640ad78b0000000013010be3,63205b896c7ba8000125a68e,燕鸣春燕窝工厂旗舰店,632332cf1204fe0001a1a128,goods_seller,1246,121,31,1,1299.0,1042.5361155698233,9.71107544141252,0.701926,0.873709,10.758713722229004,中,B,,中,低,中,中,,,正常,2,6378.0,8509,1192,B4,稳定期,http://sns-img-qn.xhscdn.com/1000g00825p3skr4fs06g4al2dsmubbo5fjuvqb0?imageView2/2/w/540/format/jpg/q/75,2,0.236076,0.3163195832038246,0.3647114544943238,0.6053313203972589,0.428787452698469,黑马,148
69e0a0fd0000000023017c9d,6763b5706190b600159cb67c,失重森林旗舰店,69d4a7f998fb930001d71633,goods_seller,702,13,13,4,727.0,1035.6125356125356,1.85185185185185,0.717755,0.801501,25.403745651245117,中,B,0.054073,中,中,中,中,,,正常,2,1.0,2166,59,B4,稳定期,http://sns-img-qn.xhscdn.com/1040g2sg31v10tn493q005n5gi8vkdtpnv3gla4g?imageView2/2/w/540/format/jpg/q/75,1,0.958984375,0.05517072954131699,0.28315054097657,0.40037446531385523,0.24623191194391406,黑马,149
69d88fb0000000001a02135b,620e11934a9f4d000123b28f,HolidayWine假日酒馆的店,683bf59ff9ad0500012c8bf1,goods_seller,7829,436,97,10,8064.0,1030.016604930387,5.56903819133989,0.682145,0.868413,18.6536922454834,中,B,0.122512,中,中,中,中,,,正常,2,76.0,20400,65,B6,稳定期,http://sns-img-qn.xhscdn.com/spectrum/1040g34o31up5auaf341g40l3lhehtd14snqedbo?imageView2/2/w/540/format/jpg/q/75,1,0.9384765625,0.276342080724657,0.47992244275713036,0.49135621568017995,0.4158735797206557,黑马,150
6a16724700000000080271e6,675292995fdbcb001544e072,严开复滋补品批发行的店,67544697317fb100016034c5,goods_seller,2271,252,53,6,2329.0,1025.5394099515631,11.09643328929987,0.729958,0.870178,-12.171263694763184,中,B,0.376865,低,低,中,中,,,正常,4,165.0,10535,18,B3,稳定期,http://sns-img-qn.xhscdn.com/notes_pre_post/1040g3k8320lj6epg62ag5pqfqnp7dket4k1u4n8?imageView2/2/w/540/format/jpg/q/75,0,0.95947265625,0.28959637671506594,0.2261296863667984,0.8468170448322306,0.454181035971365,黑马,151
69f3260c000000001f00126d,646f209d80cd88000151e2ce,杨直二的店,69e59830ddd1650001e58a39,goods_seller,1070,10,18,9,1094.3700000000001,1022.7757009345796,0.93457943925234,0.703005,0.881669,37.98867416381836,中,B,0.047367,中,低,中,中,,,正常,2,12.0,49882,44,B5,稳定期,http://sns-img-qn.xhscdn.com/spectrum/1040g34o31vj4j35n3m105odo6af4164pkogvbt8?imageView2/2/w/540/format/jpg/q/75,1,0.7734375,0.38598049228127823,0.3588428577771857,0.25190562882050826,0.3322429929596574,黑马,152
6a1fd0a9000000003502b064,620e11934a9f4d000123b28f,HolidayWine假日酒馆的店,68aae7e8a50cd90001ccf9ce,goods_seller,1529,70,46,4,1558.0,1018.9666448659254,4.57815565729235,0.711313,0.864098,18.6536922454834,中,B,0.061608,中,中,中,中,,,正常,4,12.0,20400,11,B6,稳定期,http://sns-img-qn.xhscdn.com/spectrum/1040g0k0320unj7ls700040l3lhehtd14nfc8vso?imageView2/2/w/540/format/jpg/q/75,2,0.92822265625,0.24748753015703862,0.31470627414413216,0.49135621568017995,0.3511833399937836,黑马,153
69704ebf00000000220327a0,66dfe52e1908ad0016f284d0,爱吃牛胸口的小当家的店,68405a353aaa1e000193cc6c,goods_seller,1983,339,456,25,2008.54,1012.8794755421079,17.09531013615734,0.740912,0.876507,44.05628204345703,中,B,0.073287,中,中,中,中,,,正常,4,184.0,12824,144,B5,稳定期,http://sns-img-qn.xhscdn.com/1040g00831rjbrdmt2s005pmr1v27cfg5v7ran6g?imageView2/2/w/540/format/jpg/q/75,2,0.73876953125,0.3396533605671743,0.18140846321211315,0.17408936844130662,0.23171706407353135,黑马,154
65ff08d70000000013027837,625b9f542855550001d3bab6,老张的茶园的店,625e52c61607b600012b8986,goods_seller,1637,97,35,5,1647.0,1006.1087354917532,5.92547342700061,0.726344,0.919442,51.434043884277344,高,B,0.04982,中,低,中,中,,,正常,2,4009.0,19880,812,B4,稳定期,http://sns-img-qn.xhscdn.com/notes_uhdr/1040g3qg31tqr97vimu0g4a70pf3fb7as72at33g?imageView2/2/w/540/format/jpg/q/75,2,0.9580078125,0.880319109571807,0.24209996595769875,0.11649127481017717,0.4129701167798943,黑马,155
69f6db380000000038037c7b,62259521417a3a0001980f93,荣福鱼肉丸店的店,624d05170afc93000147179a,goods_seller,504,36,7,4,505.0,1001.984126984127,7.14285714285714,0.753848,0.896311,33.28065490722656,中,B,0.048509,中,中,高,中,,,正常,2,64.0,57355,42,B4,稳定期,http://sns-img-qn.xhscdn.com/110/0/01e9f6db384ecaae0010000000019dec485bfe_0.jpg?imageView2/2/w/540/format/jpg/q/75,1,0.0450439453125,0.5458831016976747,0.13574737652265292,0.30282847120465345,0.32815298314166036,黑马,156
6a03df3a000000003502483d,6280d3b742bf0100018cd831,天山潮茗—天山茶业的店,6723297eb43c000001c72703,goods_seller,979,47,9,1,980.0,1001.0214504596527,4.80081716036772,0.758758,0.883215,52.91473388671875,高,B,0.047761,中,中,中,中,,,正常,4,1.0,4406,32,B3,成长期,http://sns-img-qn.xhscdn.com/1040g2sg3203f0svnl4l05o3gc2g08bq0odeldco?imageView2/2/w/540/format/jpg/q/75,2,0.95068359375,0.39987123129523555,0.12011751994434824,0.11058567559167,0.21019147561041793,黑马,157
69fb03b600000000380228ad,61f4d2448b78aa0001ed45f9,星仪静庐茶舍的店,69e8658f9dea2d00013cbfd5,goods_seller,2256,159,66,4,2255.0,999.5567375886525,7.04787234042553,0.727043,0.910192,58.84648132324219,高,B,0.229145,中,中,中,低,,,正常,4,96.0,114965,39,B3,稳定期,http://sns-img-qn.xhscdn.com/1040g2sg31vqptbj3iak05n7s7ankd0nfkrkq4k0?imageView2/2/w/540/format/jpg/q/75,2,0.87744140625,0.7358761452274174,0.23882894483667097,0.0722066811716472,0.34897059041191186,黑马,158
6a042840000000003501cd16,6225b991417a3a0001981050,酒零后根据地的店,63ff136b2455820001bff73b,goods_seller,4241,220,71,2,4177.0,984.9092195236973,5.18745578872907,0.693902,0.920237,51.30328369140625,高,B,0.090359,中,低,中,中,,,正常,4,12.0,94624,31,B6,稳定期,http://sns-img-qn.xhscdn.com/spectrum/1040g34o3203np9d3is105n980pblgpns2hhk2hg?imageView2/2/w/540/format/jpg/q/75,1,0.42138671875,0.8914494619836301,0.40930686914435416,0.1171425188342732,0.4726329499874191,黑马,159
6a1c18f50000000006031e72,669618e5db6f410001b46000,JoshyWine的店,690a2043c091e300016e34ef,goods_seller,1074,87,37,1,1056.0,983.2402234636871,8.10055865921788,0.682342,0.875434,19.824716567993164,中,B,0.069947,中,中,中,中,,,正常,4,7.0,2081,14,B4,稳定期,http://sns-img-qn.xhscdn.com/spectrum/1040g0k0320r3qhtrmq005pj7tvi1oikfdot3508?imageView2/2/w/540/format/jpg/q/75,2,0.1904296875,0.33053594422982996,0.4786865592114027,0.4756449535988633,0.42828915234669857,黑马,160
6925b7ea000000001d03cb33,6328583e6c7ba8000125dace,我核你 你合我的店,63847788788cc90001491b62,goods_seller,550,34,19,6,539.0,980.0,6.18181818181818,0.666401,0.859682,32.928192138671875,中,B,0.058706,中,中,高,中,,,正常,4,798.0,10105,201,B3,稳定期,http://sns-img-qn.xhscdn.com/1040g00831pagsq6d28005oeut8nk1m7g0ds3p50?imageView2/2/w/540/format/jpg/q/75,1,0.9580078125,0.22146737119429274,0.5866968607077838,0.3069283483563489,0.3716975267528085,黑马,161
69defcdf000000001e00c90c,6503ca6100efc800012aed9e,茶理十八的店,69402ca55e8e270015b5b752,goods_seller,1734,111,47,6,1697.0,978.6620530565167,6.40138408304498,0.792361,0.830434,37.594783782958984,中,B,0.5825,中,低,中,低,,,正常,2,103.0,38623,60,B4,稳定期,http://sns-img-qn.xhscdn.com/1040g00831uulu23nii0g5oru2q67rkntpgjnk4o?imageView2/2/w/540/format/jpg/q/75,2,0.89990234375,0.10886135902787028,0.04358894661279102,0.2563163269837041,0.1362555442081218,黑马,162
68862514000000002400d8c2,63243b8f93f5a6000196bdf3,皮皮滴的宝藏茶的店,662a578a9caea10001a3c3c1,goods_seller,743,39,29,8,727.0,978.4656796769852,5.24899057873486,0.697368,0.891981,55.99430465698242,高,B,0.050134,中,中,中,中,,,正常,2,210.0,59034,322,B5,稳定期,http://sns-img-qn.xhscdn.com/1040g2sg31kelv4lij2eg5ohulic8c9mtlb6ppg0?imageView2/2/w/540/format/jpg/q/75,2,0.95166015625,0.49354676376123024,0.38977694892174714,0.09005668783209744,0.32446013350502495,黑马,163
69b24401000000002202e06c,6540ad54368edf00013dba24,燕香御食养的店,670e2858f20012000138337b,goods_seller,1055,165,22,2,1029.14,975.4881516587678,15.63981042654028,0.698822,0.871617,38.481475830078125,中,B,0.053459,中,低,高,中,,,正常,4,32.0,17476,94,B4,稳定期,http://sns-img-qn.xhscdn.com/notes_pre_post/1040g3k031tjolrc8mk205of7v0k8crg98qdd638?imageView2/2/w/540/format/jpg/q/75,1,0.958984375,0.30014949010553116,0.381747406124654,0.24369847401684352,0.30853179008234294,黑马,164
6a2d2e3b000000000702fd19,6221e27405430800011093c9,酒酿蚊子的店,654b2d235c5cfa0001b96e22,goods_seller,1947,124,53,2,1898.0,974.8330765279918,6.36877247046739,0.705025,0.862316,79.842041015625,高,B,0.293543,低,低,中,中,,,正常,4,31.0,12918,1,B3,稳定期,http://sns-img-qn.xhscdn.com/1040g008321bq0dmana004b2qestq4mem3i7butg?imageView2/2/w/540/format/jpg/q/75,0,0.95703125,0.23662359575507305,0.34777170936755325,0.013824134511492977,0.19940647987803975,黑马,165
6a0547a70000000035032f32,676b80d74079990015d31180,王大皮的店的店,68184fe946684b000194a8f1,goods_seller,893,54,21,7,869.3,973.4602463605823,6.04703247480403,0.753297,0.873682,10.69481086730957,中,B,0.058277,中,低,中,低,,,正常,4,7.0,8572,31,B3,稳定期,http://sns-img-qn.xhscdn.com/1040g2sg3204r71hf2sk05pjijht1ont51hvbt0o?imageView2/2/w/540/format/jpg/q/75,1,0.9208984375,0.31609756819561,0.13771590959548866,0.6065154004410698,0.35344295941072285,黑马,166
69db38860000000023011e8a,63205b896c7ba8000125a68e,燕鸣春燕窝工厂旗舰店,632330ac6ebb770001ed84f7,goods_seller,3496,349,147,3,3397.0,971.6819221967963,9.98283752860412,0.698725,0.85922,32.533119201660156,中,B,0.063584,中,低,中,中,,,正常,4,99.0,7816,63,B4,稳定期,http://sns-img-qn.xhscdn.com/notes_pre_post/1040g3k031urohac0is005oklg0docpeamn10fe0?imageView2/2/w/540/format/jpg/q/75,1,0.95947265625,0.2189734026020159,0.3822136376419046,0.3129301540784157,0.30470573144077867,黑马,167
69cf37e20000000020039ecb,63205b896c7ba8000125a68e,燕鸣春燕窝工厂旗舰店,69b38d8d08e36900019c6caf,goods_seller,2371,228,76,2,2300.0,970.0548291859975,9.61619569801771,0.788029,0.877857,10.758713722229004,中,B,0.310663,低,低,中,中,,,正常,4,42.0,8509,72,B4,稳定期,http://sns-img-qn.xhscdn.com/1040g00831ug1qlms2a604al2dsmubbo5amnai20?imageView2/2/w/540/format/jpg/q/75,2,0.916015625,0.3514201560025458,0.05058241937154952,0.6053313203972589,0.33577796525711806,黑马,168
6a042d5f00000000080241a9,64392f0d5d01ad0001c08634,WineNot酒否的店,66a1544d05d880000173bd8d,goods_seller,8588,471,340,5,8295.91,965.9885887284584,5.48439683278994,0.652708,0.792334,67.16210174560547,高,B,0.105413,中,中,高,中,,,正常,4,33.0,4976,31,B4,稳定期,http://sns-img-qn.xhscdn.com/spectrum/1040g0k032033lrv8l41048n04d5stgbiqavkmdo?imageView2/2/w/540/format/jpg/q/75,1,0.9462890625,0.04487663366043545,0.6843390613205452,0.03725411837840238,0.25548993778646106,黑马,169
6a0f02b20000000035022ea0,669618e5db6f410001b46000,JoshyWine的店,6a0c4d0f1123b90001738114,goods_seller,5152,347,149,5,4975.03,965.6502329192547,6.73524844720497,0.744104,0.900328,19.824716567993164,中,B,0.341606,中,低,中,中,,,正常,4,25.0,2081,24,B4,稳定期,http://sns-img-qn.xhscdn.com/spectrum/1040g0k0320eb07at6k005pj7tvi1oikfbtiatq0?imageView2/2/w/540/format/jpg/q/75,2,0.95361328125,0.595621864038009,0.16945665526989626,0.4756449535988633,0.4135744909689228,黑马,170
69f05c64000000003502d2a8,6808b8963e8d02001547a8c6,漫仔说茶（满杯笑茶业）的店,69ae7de74a353400011196b6,goods_seller,639,38,34,2,616.49,964.7730829420971,5.94679186228482,0.675713,0.868613,50.19681930541992,高,B,0.111058,中,低,中,中,,,正常,4,12.0,59982,46,B3,稳定期,http://sns-img-qn.xhscdn.com/spectrum/1040g34o31vgdforj2st05pne3penecoruqseptg?imageView2/2/w/540/format/jpg/q/75,1,0.93701171875,0.2777851782780516,0.5221792993206341,0.12395097908618623,0.30797181889495734,黑马,171
690deb9a0000000003039e07,63870c8280e375000165b9c9,漩涡嘴里的店,68ee7fddd3eed20001630190,goods_seller,2563,110,130,10,2466.94,962.5204838080375,4.29184549356223,0.747857,0.87005,70.20481872558594,高,B,0.215717,中,低,中,中,,,正常,2,2021.0,248780,219,B5,稳定期,http://sns-img-qn.xhscdn.com/1040g00831oj8gvi95m005n94t1v4n4mh83te51o?imageView2/2/w/540/format/jpg/q/75,2,0.82958984375,0.288656513180291,0.15571392626141528,0.028736142563237276,0.15770219400164784,黑马,172
69b7ac0b000000001f0043fa,6503ca6100efc800012aed9e,茶理十八的店,65b38e496591d600018b97e2,goods_seller,583,39,9,2,560.28,961.0291595197256,6.68953687821612,0.755435,0.874057,37.594783782958984,中,B,0.498823,中,低,中,低,,,正常,2,29.0,38623,90,B4,稳定期,http://sns-img-qn.xhscdn.com/1040g00831to20hdjn81g5oru2q67rkntncbpnmg?imageView2/2/w/540/format/jpg/q/75,2,0.7734375,0.31934638781581637,0.13044121782632506,0.2563163269837041,0.23536797754194852,黑马,173
69b4e30b000000001a02b8a6,65e57cddbf7fb600014b21bf,阿莹麦茶的店,68f0fae1d3eed20001743ac4,goods_seller,1023,118,18,3,982.4,960.3128054740959,11.53470185728250,0.703048,0.906197,46.373329162597656,中,B,0.060741,中,低,中,中,,,正常,2,150.0,101410,92,B6,稳定期,http://sns-img-qn.xhscdn.com/spectrum/1040g0k031tmat2ulmo005ova9gt9gui6r058850?imageView2/2/w/540/format/jpg/q/75,1,0.9580078125,0.6746740079629383,0.3585986412681497,0.15430783120938976,0.3958601601468259,黑马,174
69f72c50000000001a02c0d7,620e11934a9f4d000123b28f,HolidayWine假日酒馆的店,6742c8ccc14a2d0001199706,goods_seller,1652,107,45,4,1586.0,960.048426150121,6.47699757869249,0.681872,0.847343,18.6536922454834,中,B,0.133031,中,中,中,中,,,正常,4,15.0,20400,42,B6,稳定期,http://sns-img-qn.xhscdn.com/spectrum/1040g34o31vn1nu4kjm1040l3lhehtd14qcrdchg?imageView2/2/w/540/format/jpg/q/75,2,0.60009765625,0.16324763554016253,0.4816393588206563,0.49135621568017995,0.3787477366803329,黑马,175
68a8321c000000001d00dc64,62ff6d8b6c7ba80001250a7a,葡小皮的店,6805d83d382e17000105e2cd,goods_seller,4567,281,112,3,4381.34,959.3474928837311,6.15283555944822,0.720512,0.878805,72.49688720703125,高,B,0.065746,中,低,中,中,,,正常,2,395.0,82615,296,B4,稳定期,http://sns-img-qn.xhscdn.com/spectrum/1040g0k031lfu6ao6500047k66aahghpn28rlf60?imageView2/2/w/540/format/jpg/q/75,2,0.79736328125,0.35997513431907996,0.26948181697082724,0.023170966357325753,0.21754263921574432,黑马,176
69a64e3d0000000015038b1b,625f7f5572c73500012fa503,MoonMaison月球商店的店,69457a2c8ff5d4000191dbdc,goods_seller,653,73,32,5,626.42,959.2955589586524,11.17917304747320,0.658728,0.908237,61.86666488647461,高,B,0.084257,中,中,中,中,,,正常,4,188.0,15498,103,B2,成长期,http://sns-img-qn.xhscdn.com/notes_pre_post/1040g3k031t831u0t5k005nj7kl109f067cm5il8?imageView2/2/w/540/format/jpg/q/75,1,0.350341796875,0.7052750765951779,0.6405725027011826,0.060010656720394295,0.46861941200558493,黑马,177
69f5ba620000000037034e93,62bab1650d601800010dcbef,颐之的店,69f46bab0511b5000145056c,goods_seller,1960,123,90,1,1880.0,959.1836734693877,6.27551020408163,0.74306,0.890778,37.08076095581055,中,B,0.104214,中,中,中,中,,,正常,4,53.0,12814,43,B6,稳定期,http://sns-img-qn.xhscdn.com/1040g2sg31vll1p2diqkg5o9obb40j9i3dga8dp0?imageView2/2/w/540/format/jpg/q/75,2,0.93017578125,0.48003345026123767,0.1732383109098175,0.26285836922575967,0.30537671013227163,黑马,178
69cbc9320000000021006f0b,62a1b89e43b3640001f2bd03,BRUTO WINES的店,66bc6ed7e6a354000108ae09,goods_seller,620,38,25,2,593.3,956.9354838709677,6.12903225806452,0.582942,0.804186,49.392662048339844,高,B,0.152096,中,中,中,中,,,正常,2,32.0,15122,75,B3,稳定期,http://sns-img-qn.xhscdn.com/1040g2sg31ucm9v6h2se048lqr8p26vhmkd2dojg?imageView2/2/w/540/format/jpg/q/75,1,0.9580078125,0.05890058167932152,0.9611843760638219,0.1303820138241345,0.38348899052242597,黑马,179
6a28d939000000003501c564,637df39580e3750001657093,胡子叔的餐盘的店,663ae8e4b96ee100018ba822,goods_seller,2175,94,26,1,2080.0,956.3218390804598,4.32183908045977,0.739457,0.864953,16.59491729736328,中,B,0.137331,中,低,中,中,,,正常,4,11.0,105995,4,B5,稳定期,http://sns-img-qn.xhscdn.com/spectrum/1040g0k03217ilbptn2705n7ieo2lnifgc8ur28o?imageView2/2/w/540/format/jpg/q/75,2,0.677734375,0.25329692287198613,0.18729926143007267,0.5215206547962642,0.32070561303277434,黑马,180
69ca3c6e000000002200d3ad,648817771763e00001d910f7,淼护士养生坊的店,648820bcdb9efc0001677ac5,goods_seller,655,55,26,4,625.5,954.9618320610687,8.39694656488550,0.779377,0.89474,20.310914993286133,中,B,0.137492,中,低,中,中,,,正常,2,145.0,14574,76,B4,稳定期,http://sns-img-qn.xhscdn.com/1040g00831ub5kmm11s605o4tkv5097etrtdqueg?imageView2/2/w/540/format/jpg/q/75,1,0.82568359375,0.5267602089901278,0.06681911697230733,0.46888829684886696,0.35415587427043405,黑马,181
68270166000000002100e768,64082baa9a611c0001397174,蓝鹊烘焙的店,6826d147a6875600013e1753,goods_seller,589,28,18,2,558.0,947.3684210526316,4.75382003395586,0.673168,0.909927,52.61455154418945,高,B,0.064963,中,中,高,中,,,正常,2,244.0,12813,394,B4,稳定期,http://sns-img-qn.xhscdn.com/notes_pre_post/1040g3k031hho6jo1jodg5nd1ab7g8gtlipjfqg0?imageView2/2/w/540/format/jpg/q/75,0,0.958984375,0.7315764545683289,0.5399701019788937,0.11199177064369552,0.46117944239697267,黑马,182
684c1415000000002300103e,62a1a1e2b25d7e000184eb86,妈妈很忙手工美食的店,645a38c9301a420001b2fe37,goods_seller,745,2,18,6,704.93,946.2147651006711,0.26845637583893,0.638805,0.872512,32.02019500732422,中,B,0.054084,中,低,中,中,,,正常,2,34.0,8228,365,B4,稳定期,http://sns-img-qn.xhscdn.com/1040g00831ilvm846gs005o7h81k08lqjp3pv86g?imageView2/2/w/540/format/jpg/q/75,1,0.8935546875,0.30718736586593254,0.778584432307624,0.31695602622737296,0.46757594146697645,黑马,183
69c0e7380000000023026056,62b1706a7d5491000148f841,酒類美術館Wine Gallery的店,6785ca4303b5e400014cfd4b,goods_seller,726,40,6,4,682.0,939.3939393939394,5.50964187327824,0.683597,0.801741,13.902393341064453,中,B,0.074599,中,中,高,中,,,正常,2,58.0,111197,83,B6,稳定期,http://sns-img-qn.xhscdn.com/notes_pre_post/1040g3k031u22c6301a005ocbipgk0jccn2ua43o?imageView2/2/w/540/format/jpg/q/75,2,0.95947265625,0.055488951053091186,0.47082722792060744,0.5604028832349067,0.36223968740286844,黑马,184
69d348d1000000001a036762,67767165763cfd001585dc02,詹詹茶叶小助理的店,697de4fb8dc4b300019bccd9,goods_seller,1023,57,15,2,960.0,938.41642228739,5.57184750733138,0.740783,0.917403,27.28649139404297,中,B,0.050721,中,低,中,中,,,正常,2,17.0,7588,69,B3,稳定期,http://sns-img-qn.xhscdn.com/spectrum/1040g0k031uk0q501is005pevv9fh9svmp3nlqmg?imageView2/2/w/540/format/jpg/q/75,1,0.90869140625,0.8495848319346387,0.18196350073264952,0.37359945532317984,0.4683825959968227,黑马,185
6a27bc39000000001c0257c7,66f3bf3f72275e00155475c7,兔吉酒太甜的店,6a2cf794963cbb0001669843,goods_seller,646,30,12,1,605.0,936.5325077399381,4.64396284829721,0.751568,0.871942,35.32285690307617,中,B,0.11145,中,低,中,中,,,正常,2,1.0,1676,5,B4,稳定期,http://sns-img-qn.xhscdn.com/spectrum/1040g34o3216hqo41ms105pb850h86aaj3vafct8?imageView2/2/w/540/format/jpg/q/75,2,0.92236328125,0.3028728742062963,0.14350310080961473,0.28117460740346045,0.24251686080645718,黑马,186
69d648db000000002003aa1b,669618e5db6f410001b46000,JoshyWine的店,68721acecdcd2b0001e865fd,goods_seller,2795,143,75,4,2615.0,935.5992844364937,5.11627906976744,0.712071,0.88424,19.824716567993164,中,B,0.90113,高,中,高,中,,,正常,2,25.0,2081,67,B4,稳定期,http://sns-img-qn.xhscdn.com/spectrum/1040g0k031umu7fkl34005pj7tvi1oikfov9jqm8?imageView2/2/w/540/format/jpg/q/75,2,0.95703125,0.4101579266758433,0.311043026508592,0.4756449535988633,0.3989486355944328,黑马,187
6919bd170000000007003d91,6401ef31338c4600010b463a,家乡古月的店,64029bff2aaa800001391a1d,goods_seller,3659,264,287,57,3422.7600000000007,935.4359114512163,7.21508608909538,0.766795,0.891602,33.469329833984375,中,B,0.10514,中,中,中,中,,,正常,4,244.0,65029,210,B4,稳定期,http://sns-img-qn.xhscdn.com/1040g2sg31ouqchtugu0g5nn8s3ag8u8ittcnu2o?imageView2/2/w/540/format/jpg/q/75,1,0.71923828125,0.4893876826073443,0.09691695158592721,0.3006897266255199,0.29566478693959714,黑马,188
696adbbd000000000b00b5fb,62ff6d8b6c7ba80001250a7a,葡小皮的店,6969cd029d3b31000151bbf2,goods_seller,1304,84,72,1,1215.0,931.7484662576687,6.44171779141104,0.753262,0.87513,72.49688720703125,高,B,0.106165,中,低,中,中,,,正常,4,788.0,82615,147,B4,稳定期,http://sns-img-qn.xhscdn.com/spectrum/1040g34o31re0g2ft0m0047k66aahghpn062jl98?imageView2/2/w/540/format/jpg/q/75,2,0.8935546875,0.3279531696342673,0.13778991459822684,0.023170966357325753,0.1629713501966066,黑马,189
68479c3d000000002100a715,63930f34d6c9400001b3f02b,每日乔安旗舰店,6822f42280956a00016932ec,goods_seller,1428,140,69,8,1329.54,931.0504201680673,9.80392156862745,0.725169,0.851536,-23.810924530029297,中,B,0.134205,中,中,高,中,,,正常,2,73.0,84496,365,B6,稳定期,http://sns-img-qn.xhscdn.com/1040g00831ihjjapgge0g5om54rr0vth38molmb8?imageView2/2/w/540/format/jpg/q/75,1,0.876953125,0.18088302769267203,0.2476429406627888,0.9211624705830114,0.4498961463128241,黑马,190
69610d41000000000e03d8b6,628b5d55d6b4360001958de1,富临行鱼胶滋补的店,63ef8c12aeac9800018308a0,goods_seller,775,87,47,1,718.0,926.4516129032259,11.22580645161290,0.725943,0.891318,48.04304504394531,中,B,0.066483,中,低,中,中,,,正常,4,116.0,19965,156,B4,稳定期,http://sns-img-qn.xhscdn.com/notes_pre_post/1040g3k031r4d09ogga2049tm9gag8p8hn68fo00?imageView2/2/w/540/format/jpg/q/75,1,0.958984375,0.48582804197563756,0.24410550153190355,0.13898879564258543,0.2896407797167089,黑马,191
6a02f940000000003700cfb9,649bfca2f608270001fb540c,Caillie凯莉的小酒馆的店,6a02f6d264eb41000158774e,goods_seller,1619,192,116,2,1498.0,925.2625077208153,11.85917232859790,0.715461,0.891826,40.1740608215332,中,B,0.850724,中,中,高,中,,,正常,4,10.0,16163,33,B4,稳定期,http://sns-img-qn.xhscdn.com/spectrum/1040g34o3202im485l6305o92fdb0bq7p6dk1vr0?imageView2/2/w/540/format/jpg/q/75,2,0.490234375,0.49163003419031126,0.29408107988099996,0.22232582922605568,0.3360123144324556,黑马,192
69abe430000000001600aa97,66794f0001336c0001b9b7e6,健哥甄选陈皮的店,6a03d621a7aa180001d21db4,goods_seller,2402,172,76,4,2220.27,924.3422148209825,7.16069941715237,0.644762,0.900831,62.23263168334961,高,B,0.116475,中,低,中,中,,,正常,2,26.0,12670,99,B4,稳定期,http://sns-img-qn.xhscdn.com/1040g2sg31tdhgaq468705nm37qj08pl29qpoos0?imageView2/2/w/540/format/jpg/q/75,1,0.7451171875,0.6020528987759572,0.7400056243802081,0.05857495966727351,0.46687782760781293,黑马,193
6811c242000000000903b9dd,625b9f542855550001d3bab6,老张的茶园的店,6614b050eb324400016daa5f,goods_seller,674,41,11,2,619.0,918.3976261127597,6.08308605341246,0.737793,0.923581,51.434043884277344,高,B,0.271944,中,低,中,中,,,正常,2,405.0,19880,410,B4,稳定期,http://sns-img-qn.xhscdn.com/spectrum/1040g0k031gt13t463a004a70pf3fb7ask7ed3mo?imageView2/2/w/540/format/jpg/q/75,2,0.833984375,0.9333066915323476,0.19367849266610423,0.11649127481017717,0.4144921530028763,黑马,194
6a217aa4000000002202f5f2,669618e5db6f410001b46000,JoshyWine的店,6a0c5210e80a7b0001ec226d,goods_seller,893,72,20,2,820.0,918.2530795072788,8.06270996640538,0.678275,0.880208,19.824716567993164,中,B,0.072701,中,中,高,中,,,正常,4,6.0,2081,10,B4,稳定期,http://sns-img-qn.xhscdn.com/spectrum/1040g34o3210bvpkm703g5pj7tvi1oikfoldjqog?imageView2/2/w/540/format/jpg/q/75,2,0.947265625,0.37217855927060667,0.5050397406864704,0.4756449535988633,0.45095441785198015,黑马,195
6a1552be00000000380347d9,63ef0934505ba20001cf3e04,全威派的店,67d14496d9b11700010fb33d,goods_seller,1290,132,41,1,1180.0,914.7286821705426,10.23255813953488,0.695781,0.853499,16.91329574584961,中,B,0.132193,中,中,高,中,,,正常,4,5.0,5162,19,B3,稳定期,http://sns-img-qn.xhscdn.com/notes_pre_post/1040g3k0320kged10686g5oh7ejrk0gv08ro88s0?imageView2/2/w/540/format/jpg/q/75,2,0.91943359375,0.18973402602015896,0.39875375575388894,0.5179092106626408,0.3687989974788963,黑马,196
69aaa970000000000d0095b6,628b5d55d6b4360001958de1,富临行鱼胶滋补的店,6894661099631f0001177577,goods_seller,978,114,77,1,893.0,913.0879345603272,11.65644171779141,0.627674,0.864663,48.04304504394531,中,B,0.07295,中,低,中,中,,,正常,4,48.0,19965,100,B4,稳定期,http://sns-img-qn.xhscdn.com/1040g2sg31tcb4ob95ke049tm9gag8p8h5rvfp10?imageView2/2/w/540/format/jpg/q/75,1,0.95947265625,0.2512765862972337,0.8411778636235809,0.13898879564258543,0.4104810818544667,黑马,197
6a06c8490000000035033247,63205b896c7ba8000125a68e,燕鸣春燕窝工厂旗舰店,67a2e03e75ca3a0001606ec8,goods_seller,1298,125,40,1,1179.0,908.3204930662557,9.63020030816641,0.728368,0.891924,32.533119201660156,中,B,0.060667,中,中,中,中,,,正常,4,104.0,7816,30,B4,稳定期,http://sns-img-qn.xhscdn.com/1040g00832069uk0c5i005oklg0docpeaui1dfjg?imageView2/2/w/540/format/jpg/q/75,2,0.96044921875,0.4928289152346699,0.23323416662966417,0.3129301540784157,0.3463310786475833,黑马,198
690c04b5000000000301c25b,625b9f542855550001d3bab6,老张的茶园的店,6710d67ddeb6c200015c0a27,goods_seller,1097,69,7,1,990.0,902.461257976299,6.28988149498633,0.711406,0.908175,51.434043884277344,高,B,0.062207,中,中,高,中,,,正常,2,136.0,19880,220,B4,稳定期,http://sns-img-qn.xhscdn.com/notes_pre_post/1040g3k031ohcpm8a5m604a70pf3fb7asjroreag?imageView2/2/w/540/format/jpg/q/75,1,0.9248046875,0.7043796160620458,0.3142548436274292,0.11649127481017717,0.3783752448332174,黑马,199
69d0aed2000000002102f6f4,620e11934a9f4d000123b28f,HolidayWine假日酒馆的店,68aae7e8a50cd90001ccf9ce,goods_seller,553,28,15,1,499.0,902.3508137432189,5.06329113924051,0.71964,0.826899,18.6536922454834,中,B,0.108509,中,中,高,中,,,正常,4,20.0,20400,71,B6,稳定期,http://sns-img-qn.xhscdn.com/notes_pre_post/1040g3k831uhfbh1cia9040l3lhehtd14kg3jvi0?imageView2/2/w/540/format/jpg/q/75,2,0.71435546875,0.10048399271790773,0.2738259106315587,0.49135621568017995,0.28855537300988215,黑马,200
6853a26b000000001100025e,64d21070884d8e0001428e24,九窝颜食社旗舰店,67889f7daf83e10001aaa814,goods_seller,1130,124,69,6,1004.0,888.4955752212389,10.97345132743363,0.727863,0.868335,8.307894706726074,中,B,0.053626,中,低,中,中,,,正常,2,690.0,17348,360,B4,稳定期,http://sns-img-qn.xhscdn.com/spectrum/1040g34o31itbq7h30o0g4bj365t3inr66mtq930?imageView2/2/w/540/format/jpg/q/75,2,0.9091796875,0.2758462472063111,0.23535070970797625,0.6346669034826754,0.38195462013232095,黑马,201
69db4b93000000001a02d16f,6321c9b80ae2230001cbcd22,如愿L老茶铺的店,69ce372ca219810001ebf95a,goods_seller,1065,28,20,3,945.8399999999999,888.1126760563379,2.62910798122066,0.739918,0.902217,52.7763786315918,高,B,0.118462,中,低,中,中,,,正常,2,13.0,14227,63,B3,稳定期,http://sns-img-qn.xhscdn.com/spectrum/1040g34o31urr4fe9hm105n7ekgf4lufk53r3pog?imageView2/2/w/540/format/jpg/q/75,0,0.94970703125,0.6205097464588606,0.1853899323594275,0.11131092461850421,0.3057368678122641,黑马,202
69ef66690000000038036fb5,685e4c9b5c02210015bef00b,酒梦富的店,69ea34e4c4fc8200014bea8c,goods_seller,586,51,6,1,520.0,887.3720136518772,8.70307167235495,0.657224,0.869732,49.686336517333984,高,B,0.143751,高,中,高,中,,,正常,2,56.0,2401,48,B4,稳定期,http://sns-img-qn.xhscdn.com/spectrum/1040g34o31vfe8nvqhm105pse12th5kj6pb8caj0?imageView2/2/w/540/format/jpg/q/75,2,0.91943359375,0.2861995470893832,0.6512662255968503,0.1270665897014638,0.35484412079589916,黑马,203
69c5eae6000000001b00170c,646f209d80cd88000151e2ce,杨直二的店,673fe609ec68d7000183cbcb,goods_seller,575,5,2,1,510.0,886.9565217391304,0.86956521739130,0.784061,0.893043,37.98867416381836,中,B,0.072751,中,低,中,中,,,正常,2,134.0,49882,79,B5,稳定期,http://sns-img-qn.xhscdn.com/spectrum/1040g0k031u6v4l7shu005odo6af4164p1e5fcvo?imageView2/2/w/540/format/jpg/q/75,2,0.061004638671875,0.5064680372393173,0.057694300134689104,0.25190562882050826,0.27202265539817155,黑马,204
692dba56000000001e00ee2a,6230023896e3340001ac76ab,平阴玫瑰的店,6879b3e8eab7930001182d6c,goods_seller,538,55,7,1,476.0,884.7583643122676,10.22304832713755,0.747257,0.845787,7.163928508758545,中,B,0.069616,中,中,中,中,,,正常,2,238.0,62676,195,B4,稳定期,http://sns-img-qn.xhscdn.com/note_pre_post_uhdr/1040g3r831pia9iufjqcg5ogq865oc9lsio6lr7o?imageView2/2/w/540/format/jpg/q/75,2,0.95947265625,0.15743084232494117,0.157926675843287,0.6509850065864452,0.32211417491822447,黑马,205
689899ad0000000023032c30,63870c8280e375000165b9c9,漩涡嘴里的店,67627d9acfd9800001d73f40,goods_seller,1424,77,64,5,1258.0,883.4269662921348,5.40730337078652,0.702871,0.760892,33.82542037963867,中,B,0.05484,中,中,中,中,,,正常,2,1875.0,570094,308,B5,稳定期,http://sns-img-qn.xhscdn.com/1040g00831l1hov4130l040kr5gv8c8qj3u7tsj0?imageView2/2/w/540/format/jpg/q/75,2,0.95947265625,0.022060891316252978,0.3595163033021032,0.2961014164557524,0.2258928703580362,黑马,206
69eb12550000000020007003,64b37e57fdff9300018ec74d,酒类手账的店,64c8b4acba3ef20001de7df1,goods_seller,902,63,10,1,796.0,882.4833702882484,6.98447893569845,0.68068,0.856466,33.075286865234375,中,B,0.078872,中,中,中,中,,,正常,4,0.0,7854,51,B4,稳定期,http://sns-img-qn.xhscdn.com/spectrum/1040g0k031vb852331m005oe5oj6ocpggpluh700?imageView2/2/w/540/format/jpg/q/75,2,0.91943359375,0.20417240205437887,0.4891656675991297,0.3042937702588695,0.33254394663745934,黑马,207
697acd75000000000a02ef99,62b98b750d601800010dc853,酒云网的店,68c115b7635d460001ac31bd,goods_seller,1498,111,38,4,1316.0,878.5046728971963,7.40987983978638,0.687745,0.849697,48.76265335083008,高,B,0.570338,中,中,中,中,,,正常,2,89.0,21152,136,B4,稳定期,http://sns-img-qn.xhscdn.com/spectrum/1040g34o31rtjf0eji4104a5r7q3qe88qocl5e9g?imageView2/2/w/540/format/jpg/q/75,2,0.95361328125,0.1729570918994124,0.4453399049775765,0.13472610748486596,0.2510077014539516,黑马,208
695bc2cc000000000a02f2af,629efccfb276e90001fc3eef,巧盒ChocBar的店,694b933a1f22d20001363862,goods_seller,549,50,22,4,479.25,872.9508196721312,9.10746812386157,0.676618,0.830064,32.23711395263672,中,B,0.293752,中,中,中,中,,,正常,4,143.0,13123,160,B4,稳定期,http://sns-img-qn.xhscdn.com/spectrum/1040g0k031qv9hpuqn4005oj7a1ik1s1khh7u02o?imageView2/2/w/540/format/jpg/q/75,2,0.95947265625,0.10794369699391679,0.5160812870950077,0.31583115018575253,0.313285378091559,黑马,209
68d3a38f000000000e00fa4c,667ba913e87bc4000181b25d,茗庐老刘的店,6a152acae6d02a0001b51250,goods_seller,1343,117,16,1,1170.0,871.1839166046166,8.71183916604617,0.781191,0.905816,99.31361389160156,高,B,0.236142,中,低,中,中,,,正常,2,670.0,7523,263,B3,稳定期,http://sns-img-qn.xhscdn.com/1040g2sg31mqbschs5m705o7at1009f970is3db8?imageView2/2/w/540/format/jpg/q/75,2,0.919921875,0.6691458342583959,0.06311146633512425,0.00042182851560765506,0.24422637636970926,黑马,210
698b09b9000000000a02fe34,676b80d74079990015d31180,王大皮的店的店,68de0d8f002e7e0001ec2d4a,goods_seller,524,61,46,6,455.42,869.1221374045801,11.64122137404580,0.766733,0.89141,10.69481086730957,中,B,0.061891,中,低,中,低,,,正常,4,313.0,8572,124,B3,稳定期,http://sns-img-qn.xhscdn.com/110/0/01e98b09b7b7b9220010000000019c471e05ee_0.jpg?imageView2/2/w/540/format/jpg/q/75,2,0.93017578125,0.48702692301999617,0.09710196409277268,0.6065154004410698,0.39688142918461294,黑马,211
68bec2dd000000001d036cf5,6176a13d2137d00001440b99,全食物日记旗舰店,66c841715c80460001ccfa83,goods_seller,595,86,36,2,517.1,869.0756302521008,14.45378151260504,0.693716,0.891646,14.82205581665039,中,B,0.071067,中,低,中,中,,,正常,2,292.0,6408,279,B4,稳定期,http://sns-img-qn.xhscdn.com/1040g2sg31ohn736ql8eg5pnjnfdne4stf78cpig?imageView2/2/w/540/format/jpg/q/75,1,0.95947265625,0.48978730962213046,0.41029853618104584,0.5453576661782337,0.4818145039938033,黑马,212
69fdfead000000003700edc8,669618e5db6f410001b46000,JoshyWine的店,6901de44c6a9770001a46743,goods_seller,1656,112,25,1,1436.0,867.1497584541063,6.76328502415459,0.684672,0.861152,19.824716567993164,中,B,0.725134,中,中,高,中,,,正常,2,2.0,2081,37,B4,稳定期,http://sns-img-qn.xhscdn.com/spectrum/1040g34o31vtn8qprl6105pj7tvi1oikfc80kv40?imageView2/2/w/540/format/jpg/q/75,2,0.921875,0.22968192649823127,0.4640187676686944,0.4756449535988633,0.3897818825885963,黑马,213
67eacb0b000000001b03e5af,667ba913e87bc4000181b25d,茗庐老刘的店,67e52d1bd2530000016eedbe,goods_seller,1499,99,109,4,1299.0,866.577718478986,6.60440293529019,0.733397,0.89526,99.31361389160156,高,B,0.099114,中,低,中,低,,,正常,2,1337.0,7523,439,B3,稳定期,http://sns-img-qn.xhscdn.com/1040g00831fmvfblpg2005o7at1009f97cm3cjfo?imageView2/2/w/540/format/jpg/q/75,2,0.857421875,0.5334132587362905,0.2115803028284712,0.00042182851560765506,0.24847179669345645,黑马,214
67c06c59000000000602989a,628b5d55d6b4360001958de1,富临行鱼胶滋补的店,658922c9ff7b510001b698a3,goods_seller,1875,167,214,2,1621.55,864.8266666666667,8.90666666666667,0.721156,0.912667,48.04304504394531,中,B,0.061268,中,低,中,中,,,正常,2,352.0,19965,472,B4,稳定期,http://sns-img-qn.xhscdn.com/1040g00831edjf0vnh00049tm9gag8p8h8j27t98?imageView2/2/w/540/format/jpg/q/75,1,0.91748046875,0.7749877891745482,0.2662255968503471,0.13898879564258543,0.3934007272224936,黑马,215
69e6dac8000000001d01bce3,61ae00b56ca22900014b4224,塞外牧场风干碳烤牛肉干的店,643e2ff1e3a0de00019fa6c9,goods_seller,704,13,22,7,608.0,863.6363636363636,1.84659090909091,0.553429,0.832693,34.093345642089844,中,B,0.063635,中,低,中,中,,,正常,4,120.0,89189,54,B4,稳定期,http://sns-img-qn.xhscdn.com/1040g2sg31v74b3njjme049m4enct3pp9u7k1o3g?imageView2/2/w/540/format/jpg/q/75,1,0.95166015625,0.11513698326006838,0.9870417240205438,0.2924973728224028,0.464892026701005,黑马,216
69d72807000000002200f50b,674d8ff05c240b0015350c76,企鹅吃喝酒馆的店,69d724c9b4722c0001a26c79,goods_seller,1122,33,14,5,968.0,862.7450980392157,2.94117647058824,0.721721,0.878325,21.712865829467773,中,B,0.133935,中,中,高,中,,,正常,4,121.0,17546,66,B4,稳定期,http://sns-img-qn.xhscdn.com/notes_pre_post/1040g3k031umlespp1u6g5pg2c20ipln5qk9hq40?imageView2/2/w/540/format/jpg/q/75,2,0.955078125,0.35569024466053906,0.2634652102482128,0.44659799002412565,0.3552511483109592,黑马,217
692657df000000001f005e11,646f209d80cd88000151e2ce,杨直二的店,68f82cabb8a4f60001b9f111,goods_seller,568,70,24,1,489.6,861.9718309859155,12.32394366197183,0.743335,0.88102,37.98867416381836,中,B,0.052098,中,低,中,中,,,正常,2,126.0,49882,200,B5,稳定期,http://sns-img-qn.xhscdn.com/spectrum/1040g0k031pb4e7ojia005odo6af4164p6ps539o?imageView2/2/w/540/format/jpg/q/75,2,0.86328125,0.37943845003922266,0.17222444237230436,0.25190562882050826,0.26785617374401177,黑马,218
6854c31f000000002400c90f,6503ca6100efc800012aed9e,茶理十八的店,6504861948ea990001b962eb,goods_seller,1146,136,87,3,987.44,861.6404886561954,11.86736474694590,0.775513,0.852457,37.594783782958984,中,B,0.21461,中,低,中,中,,,正常,2,628.0,38623,359,B4,稳定期,http://sns-img-qn.xhscdn.com/1040g2sg31itpkiul1c105oru2q67rknthe278go?imageView2/2/w/540/format/jpg/q/75,2,0.9482421875,0.18496070334354603,0.07513727928007934,0.2563163269837041,0.17213810320244316,黑马,219
69bbd0fc000000002301f800,646de00af1988a0001f05006,贵阳红琳的店,658ac8e7ea7a0900019dd3e8,goods_seller,629,33,21,1,541.34,860.6359300476947,5.24642289348172,0.703397,0.921941,60.47981643676758,高,B,0.053378,中,中,中,中,,,正常,4,24.0,7202,87,B4,稳定期,http://sns-img-qn.xhscdn.com/1040g00831tt3cnaf7e005n8ookdlluuc9f0m0pg?imageView2/2/w/540/format/jpg/q/75,1,0.9580078125,0.9141393958231576,0.3567559166999689,0.06503559640631706,0.44531030297648116,黑马,220
6a16e9680000000036030943,669618e5db6f410001b46000,JoshyWine的店,6a15458be6f8790001bf92aa,goods_seller,3810,377,217,3,3270.5,858.3989501312336,9.89501312335958,0.708751,0.893857,19.824716567993164,中,B,0.053581,中,中,高,中,,,正常,4,8.0,2081,18,B4,稳定期,http://sns-img-qn.xhscdn.com/spectrum/1040g0k0320m1pfi4li005pj7tvi1oikfe5cg6u0?imageView2/2/w/540/format/jpg/q/75,1,0.896484375,0.5162366976007579,0.32774595562660036,0.4756449535988633,0.4398758689420738,黑马,221
697345a2000000000c034844,610bb928ef24650001c28dae,橙路蛋糕TRUEONLY旗舰店,65b37bfbdd621c00017badbb,goods_seller,816,29,3,2,700.0,857.843137254902,3.55392156862745,0.643461,0.889372,59.090782165527344,高,B,0.090296,中,中,高,中,,,正常,4,121.0,47147,142,B4,稳定期,http://sns-img-qn.xhscdn.com/spectrum/1040g34o31rm8eh9r22404a0ihh7idonv2f2edng?imageView2/2/w/540/format/jpg/q/75,1,0.662109375,0.46450720068676643,0.748449595192635,0.07046756360729986,0.4278081198289004,黑马,222
6a29287c0000000007020f56,667ba913e87bc4000181b25d,茗庐老刘的店,67ca862275422f0001e8cbb3,goods_seller,3634,386,99,7,3117.0,857.7325261419923,10.62190423775454,0.824218,0.911767,99.31361389160156,高,B,0.069888,中,中,中,中,,,正常,4,157.0,7523,4,B3,稳定期,http://sns-img-qn.xhscdn.com/1040g2sg3217sb9qrnue05o7at1009f97raptl7g?imageView2/2/w/540/format/jpg/q/75,2,0.07720947265625,0.7603792016340305,0.011603984429347423,0.00042182851560765506,0.2574683381929952,黑马,223
6a0587de00000000350395ff,642bdeb29a611c00019ef057,利吉氏旗舰店,67542d14d79d330001411ba8,goods_seller,581,15,15,4,496.40000000000003,854.3889845094666,2.58175559380379,0.689261,0.763397,-4.443819046020508,中,B,0.356703,中,中,高,中,,,正常,4,72.0,56058,31,B2,成长期,http://sns-img-qn.xhscdn.com/spectrum/1040g0k0320532acql4005op92v6ostb24dlr56g?imageView2/2/w/540/format/jpg/q/75,2,0.95703125,0.02334117786362358,0.4361780856385892,0.7788730518183029,0.41279743844017186,黑马,224
69f05466000000001e00c3a4,621dab6b054308000110875a,大队长的杯中指南的店,694ceb0623d3ce000167928b,goods_seller,1034,50,28,1,880.0,851.063829787234,4.83558994197292,0.673293,0.864021,29.875568389892578,中,B,0.077437,中,中,高,中,,,正常,4,8.0,67731,47,B3,稳定期,http://sns-img-qn.xhscdn.com/notes_pre_post/1040g3k831vgcfi17ig005njm7q3g97kb5anhqs8?imageView2/2/w/540/format/jpg/q/75,2,0.96044921875,0.24707310214170478,0.5390894424463094,0.34404925772982253,0.3767372674392789,黑马,225
69cb8b91000000001a037253,637f253e12def30001a8fffb,颐之宜养生的店,6380cc11075d9b0001ff5a84,goods_seller,888,19,15,5,755.5,850.7882882882883,2.13963963963964,0.736444,0.887053,3.3768720626831055,中,B,0.236217,中,低,中,中,,,正常,2,158.0,32386,75,B6,稳定期,http://sns-img-qn.xhscdn.com/1040g00831uceoit1iq005oqd4ur4kru8jd4df58?imageView2/2/w/540/format/jpg/q/75,1,0.82861328125,0.43910128324674746,0.19887364385832482,0.7038541805426047,0.44727636921589237,黑马,226
6a258ae7000000000803ceed,628b5d55d6b4360001958de1,富临行鱼胶滋补的店,68cd72f7ff7b37000119247c,goods_seller,2204,158,96,1,1873.76,850.1633393829401,7.16878402903811,0.630424,0.890091,48.04304504394531,中,B,0.062252,中,低,中,中,,,正常,4,1.0,19965,7,B4,稳定期,http://sns-img-qn.xhscdn.com/1040g2sg3214b2k0o7k7g49tm9gag8p8h8db9mso?imageView2/2/w/540/format/jpg/q/75,1,0.95361328125,0.47251454198303805,0.8274573361159214,0.13898879564258543,0.47965355791384834,黑马,227
6987455e000000000903bac3,6540ad54368edf00013dba24,燕香御食养的店,666298ae646d150001c091ce,goods_seller,500,37,25,2,424.0,848.0,7.40000000000000,0.689827,0.860766,38.481475830078125,中,B,0.121931,中,低,中,中,,,正常,2,167.0,17476,127,B4,稳定期,http://sns-img-qn.xhscdn.com/notes_pre_post/1040g3k831s9pdlmkle7g5of7v0k8crg912qqbmo?imageView2/2/w/540/format/jpg/q/75,1,0.724609375,0.22770599292512173,0.43284786051537083,0.24369847401684352,0.3014174424857787,黑马,228
69e994d10000000023016266,671b52bd463e7a0015f45e52,盈盈边境东北特产的店,6742b6fdec68d70001983bd5,goods_seller,501,41,56,7,419.25,836.8263473053893,8.18363273453094,0.772062,0.923995,34.17477035522461,中,B,0.07304,中,低,中,中,,,正常,4,20.0,7506,52,B3,稳定期,http://sns-img-qn.xhscdn.com/1040g2sg31v9pjq3e2qe05oh4k8ngk81jnp7l3u0?imageView2/2/w/540/format/jpg/q/75,2,0.171875,0.9371919541761023,0.08325562808045824,0.29212734780871186,0.43752497668842416,黑马,229
69e0f39e000000001a034081,6503ca6100efc800012aed9e,茶理十八的店,6504861948ea990001b962eb,goods_seller,1171,99,51,2,978.0,835.1836037574723,8.45431255337319,0.758307,0.8532,37.594783782958984,中,B,0.123723,中,中,中,低,,,正常,4,43.0,38623,59,B4,稳定期,http://sns-img-qn.xhscdn.com/1040g00831v1buina2ie05oru2q67rkntdl3ud58?imageView2/2/w/540/format/jpg/q/75,2,0.9375,0.1884759409736098,0.12159761999911194,0.2563163269837041,0.1887966293188086,黑马,230
6981f3c5000000002202ff16,686b2622957b520015b34a5c,植与山山旗舰店,69316ead99c0b80001110f5c,goods_seller,807,79,54,6,671.6,832.2180916976456,9.78934324659232,0.747835,0.856124,53.99625778198242,高,B,0.076699,中,中,高,中,,,正常,2,50.0,17569,131,B4,稳定期,http://sns-img-qn.xhscdn.com/notes_pre_post/1040g3k031s4ikgialk00400el6fbdkpphvngoio?imageView2/2/w/540/format/jpg/q/75,2,0.947265625,0.2022630729837337,0.15579533176442728,0.10671521394846292,0.1549245395655413,黑马,231
68f046c20000000007003853,61ae00b56ca22900014b4224,塞外牧场风干碳烤牛肉干的店,61af250897acd70001504578,goods_seller,705,54,31,4,585.11,829.9432624113475,7.65957446808511,0.686464,0.870318,34.093345642089844,中,B,0.067631,中,中,高,中,,,正常,2,47.0,89189,241,B4,稳定期,http://sns-img-qn.xhscdn.com/1040g2sg31nmae5lb50eg49m4enct3pp9vlcit30?imageView2/2/w/540/format/jpg/q/75,1,0.958984375,0.29055844175066237,0.45299942276097865,0.2924973728224028,0.3453517457780146,黑马,232
6a23f222000000002201b05a,65e98c1cdbd5d9000130fa09,法庄葡萄酒旗舰店,69c5128587c1860015fb66cc,goods_seller,662,34,24,2,548.4100000000001,828.4138972809669,5.13595166163142,0.705648,0.874162,7.660525798797607,中,B,0.164541,中,中,高,中,,,正常,2,3.0,8834,8,B4,稳定期,http://sns-img-qn.xhscdn.com/spectrum/1040g34o3212pe66kn23g5ogogu2od5b8ibk69d8?imageView2/2/w/540/format/jpg/q/75,2,0.95263671875,0.32018264434675786,0.3443526782410491,0.6436511108150911,0.4360621444676327,黑马,233
6a1022730000000038037cdd,67f72daec6eb9f0016803306,合于道漢方的店,6858cdd18b7d6f0001e03d49,goods_seller,602,29,36,3,498.7,828.405315614618,4.81727574750831,0.724329,0.874931,11.743075370788574,中,B,0.186114,中,低,中,中,,,正常,4,34.0,8389,23,B3,稳定期,http://sns-img-qn.xhscdn.com/notes_pre_post/1040g3k0320fedf6kls005pkch7b0u60tshn3pa0?imageView2/2/w/540/format/jpg/q/75,1,0.95703125,0.3264434675784083,0.2513505912999719,0.5911445613723487,0.3896462067502429,黑马,234
6a28fe940000000007020a73,66f3bf3f72275e00155475c7,兔吉酒太甜的店,6a27ec7d2055620001ab4868,goods_seller,1207,60,33,1,998.0,826.8434134217067,4.97100248550124,0.736689,0.880002,35.32285690307617,中,B,0.922038,中,中,中,中,,,正常,4,2.0,1676,4,B4,稳定期,http://sns-img-qn.xhscdn.com/spectrum/1040g0k03217na3i0n4e05pb850h86aajolq7glo?imageView2/2/w/540/format/jpg/q/75,2,0.72265625,0.37055784971064043,0.1979781833251928,0.28117460740346045,0.2832368801464312,黑马,235
68c7af76000000001b03f59f,61ef6b951ff2ce00010ad570,格格丨茶一代的店,68cbf0b9e8b4ad0001748e30,goods_seller,712,57,32,2,588.0,825.8426966292135,8.00561797752809,0.728634,0.88588,57.52664566040039,高,B,0.042351,中,低,中,低,,,正常,2,393.0,90556,272,B5,稳定期,http://sns-img-qn.xhscdn.com/spectrum/1040g34o31mem8c4t4q105ob1cv00k6ocg7ee3ng?imageView2/2/w/540/format/jpg/q/75,2,0.96044921875,0.42665364178618476,0.23205008658585322,0.07837129789973803,0.24569167542392534,黑马,236
68454692000000000f03309d,64db3bad1f385f0001c28827,大熊里章鱼烧（总部）的店,650952c03997590001eb20ba,goods_seller,509,35,15,3,420.0,825.147347740668,6.87622789783890,0.766306,0.886786,53.01968002319336,高,B,0.095688,中,低,中,中,,,正常,4,524.0,5710,371,B3,稳定期,http://sns-img-qn.xhscdn.com/1040g2sg31ifb381hg2kg5om49qs6sqkjr2hf3kg?imageView2/2/w/540/format/jpg/q/75,1,0.16064453125,0.436266891641875,0.09811583263028581,0.11020825007770525,0.21486365811662203,黑马,237
68e8bf450000000007035587,64f57047a5c63e000149558c,新疆尼勒克黑蜂蜂蜜的店,68eb39c6ce94ee0001460021,goods_seller,1196,65,63,8,986.0,824.4147157190636,5.43478260869565,0.695345,0.901835,49.57783126831055,高,B,0.392976,中,低,中,中,,,正常,4,238.0,67803,247,B6,稳定期,http://sns-img-qn.xhscdn.com/1040g2sg31nev7go2kus05nikfbu087h7dmjsgrg?imageView2/2/w/540/format/jpg/q/75,1,0.95947265625,0.6154108017701997,0.40123292334561816,0.12787324423131002,0.3815056564490426,黑马,238
6a1dbd0700000000070210d9,637f253e12def30001a8fffb,颐之宜养生的店,6934f6fb02483f00010e8cb8,goods_seller,1305,46,30,1,1074.09,823.0574712643678,3.52490421455939,0.753922,0.858203,1.2463767528533936,中,B,0.106796,中,中,中,中,,,正常,2,134.0,10076,12,B6,稳定期,http://sns-img-qn.xhscdn.com/1040g2sg320snct4tnk805okgoas5aq8r2a916r8?imageView2/2/w/540/format/jpg/q/75,2,0.85400390625,0.213260216390628,0.13552536151443836,0.7236801207761645,0.357488566227077,黑马,239
69e6250d000000001f000561,64392f0d5d01ad0001c08634,WineNot酒否的店,6752f43253c11d0001c2d64a,goods_seller,3124,317,70,2,2568.0,822.0230473751601,10.14724711907810,0.681002,0.913779,42.0418815612793,中,B,0.198644,中,中,高,中,,,正常,4,21.0,1644,55,B4,稳定期,http://sns-img-qn.xhscdn.com/spectrum/1040g0k031v6e5j4e2s005o2guv4gbnrdngfkg7g?imageView2/2/w/540/format/jpg/q/75,2,0.1041259765625,0.7922975593150097,0.48724153752793686,0.20251468999304353,0.49401792894533,黑马,240
699d5364000000000e00f857,64d4cc0b146c1c00017f0705,小郭在滋己滋彼的店,69858c89b6ceb40001696141,goods_seller,805,178,21,1,660.0,819.8757763975156,22.11180124223602,0.826755,0.891539,78.98188018798828,高,B,0.053857,中,低,中,中,,,正常,4,36.0,5186,110,B2,成长期,http://sns-img-qn.xhscdn.com/notes_pre_post/1040g3k031sv9286im86049n6sbogn45jnspqa58?imageView2/2/w/540/format/jpg/q/75,2,0.44970703125,0.4885218240753075,0.010109083374036085,0.015082219558042124,0.1712377090024619,黑马,241
69155d5c000000000700fccd,676b80d74079990015d31180,王大皮的店的店,68de0d8f002e7e0001ec2d4a,goods_seller,1558,178,182,14,1276.0,818.9987163029525,11.42490372272144,0.712389,0.891136,10.69481086730957,中,B,0.045025,中,中,中,低,,,正常,2,989.0,8572,213,B3,稳定期,http://sns-img-qn.xhscdn.com/1040g2sg31oqhriuv146g5pjijht1ont5r00unho?imageView2/2/w/540/format/jpg/q/75,1,0.92431640625,0.4837337003981469,0.30931130944451846,0.6065154004410698,0.46652013676124504,黑马,242
69de403300000000220258bc,669618e5db6f410001b46000,JoshyWine的店,69db8a64ab6f9400013b18a7,goods_seller,1220,99,63,1,996.0,816.3934426229508,8.11475409836066,0.716472,0.876509,19.824716567993164,中,B,0.098161,中,中,高,中,,,正常,4,12.0,2081,61,B4,稳定期,http://sns-img-qn.xhscdn.com/spectrum/1040g0k031uunfcd3jm005pj7tvi1oikfkiuluso?imageView2/2/w/540/format/jpg/q/75,2,0.74560546875,0.339668161567722,0.2893151577046608,0.4756449535988633,0.3682094242904153,黑马,243
6a2ce55c00000000360033d3,655d96959665fd00016d9b61,小婷婷滋补礼盒批发的店,6a1810ac6bc69c0001ea39b9,goods_seller,975,83,34,3,795.8000000000001,816.2051282051283,8.51282051282051,0.750849,0.891535,9.849491119384766,中,B,0.053538,中,中,高,中,,,正常,4,85.0,9673,1,B3,成长期,http://sns-img-qn.xhscdn.com/notes_pre_post/1040g3k0321bh2opjms005p6so8og9s8oorer4d0?imageView2/2/w/540/format/jpg/q/75,1,0.96044921875,0.4884848215739384,0.14578245489395084,0.6184820093838344,0.4175830952839079,黑马,244
69d778a00000000022026e86,6503ca6100efc800012aed9e,茶理十八的店,6823606ff073650015dc178c,goods_seller,1110,51,28,3,903.0,813.5135135135135,4.59459459459459,0.797896,0.847534,37.594783782958984,中,B,0.113022,中,低,中,中,,,正常,2,2.0,38623,66,B4,稳定期,http://sns-img-qn.xhscdn.com/1040g2sg31uo3m45m2g005oru2q67rknttpd2t4o?imageView2/2/w/540/format/jpg/q/75,2,0.921875,0.16411349407219927,0.03612924233678197,0.2563163269837041,0.15218635446422846,黑马,245
69df231e0000000021012809,620e11934a9f4d000123b28f,HolidayWine假日酒馆的店,68c69c58bf5d360001d20fa7,goods_seller,540,47,21,1,439.0,812.9629629629629,8.70370370370370,0.664099,0.847375,18.6536922454834,中,B,0.075255,中,中,中,中,,,正常,4,4.0,20400,60,B6,稳定期,http://sns-img-qn.xhscdn.com/spectrum/1040g34o31uvj5dov1u0040l3lhehtd1427fv1co?imageView2/2/w/540/format/jpg/q/75,2,0.91162109375,0.16340304604591271,0.6027411453014224,0.49135621568017995,0.41916680234250503,黑马,246
68647e57000000000b01d19b,6401ef31338c4600010b463a,家乡古月的店,64029bff2aaa800001391a1d,goods_seller,989,74,89,14,803.85,812.7906976744187,7.48230535894843,0.764909,0.90415,33.469329833984375,中,B,0.238494,中,低,中,中,,,正常,4,278.0,65029,347,B4,稳定期,http://sns-img-qn.xhscdn.com/1040g00831jdqk01ij6005nn8s3ag8u8igalusug?imageView2/2/w/540/format/jpg/q/75,1,0.8662109375,0.6458046563947722,0.10205289877595726,0.3006897266255199,0.3495157605987498,黑马,247
69048d60000000000402a4d8,646f209d80cd88000151e2ce,杨直二的店,68f1bf48c192ac0001f56687,goods_seller,776,101,25,7,628.91,810.4510309278351,13.01546391752577,0.739111,0.921237,37.98867416381836,中,B,0.072197,中,低,中,中,,,正常,2,110.0,49882,225,B5,稳定期,http://sns-img-qn.xhscdn.com/spectrum/1040g0k031oa4dug7kq005odo6af4164pf74o7h0?imageView2/2/w/540/format/jpg/q/75,2,0.406494140625,0.9053550019981351,0.18866095348045528,0.25190562882050826,0.4486405280996995,黑马,248
685e234d000000001201464c,66a48314c3c7d60015b6c0e5,静萱茶事的店,6875f8773f6e4500019179c5,goods_seller,1393,116,105,3,1128.0,809.7631012203876,8.32735104091888,0.746783,0.92227,56.05172348022461,高,B,0.061688,中,低,中,低,,,正常,2,13.0,11080,352,B4,稳定期,http://sns-img-qn.xhscdn.com/1040g2sg31j7jflag36705o74eqtg8i0ts57gpdo?imageView2/2/w/540/format/jpg/q/75,1,0.958984375,0.9179284519633527,0.15966579340763434,0.08987167532525199,0.38915530689874633,黑马,249
69bfc751000000001d01df03,674d8ff05c240b0015350c76,企鹅吃喝酒馆的店,68947b458fe347000143426d,goods_seller,887,30,28,2,717.0,808.3427282976324,3.38218714768884,0.680869,0.896893,21.712865829467773,中,B,0.055703,中,中,高,中,,,正常,4,168.0,17546,84,B4,稳定期,http://sns-img-qn.xhscdn.com/notes_pre_post/1040g3k031u0v8bhp1g0g5n9vmftk5g8d40cendo?imageView2/2/w/540/format/jpg/q/75,2,0.93017578125,0.5534242114766958,0.48810739605997366,0.44659799002412565,0.4960431991869317,黑马,250
69cdff4900000000230110c6,66f3bf3f72275e00155475c7,兔吉酒太甜的店,69cb81575dab9a0001f49063,goods_seller,1325,69,41,1,1070.0,807.5471698113207,5.20754716981132,0.746673,0.875225,35.32285690307617,中,B,0.075996,中,低,中,中,,,正常,2,44.0,1676,73,B4,稳定期,http://sns-img-qn.xhscdn.com/spectrum/1040g0k031uerdf1m36005pb850h86aaj3q0vnc0?imageView2/2/w/540/format/jpg/q/75,2,0.94140625,0.3287746251646611,0.16016902742625402,0.28117460740346045,0.25670608666479183,黑马,251
69fb79d50000000035039947,620e11934a9f4d000123b28f,HolidayWine假日酒馆的店,68172af19d91940001f2f1ca,goods_seller,1239,50,24,3,998.0,805.4882970137207,4.03551251008878,0.667782,0.853706,18.6536922454834,中,B,0.076096,中,中,中,中,,,正常,4,9.0,20400,38,B6,稳定期,http://sns-img-qn.xhscdn.com/spectrum/1040g34o31vr8jlqt481040l3lhehtd14pagik0o?imageView2/2/w/540/format/jpg/q/75,2,0.8720703125,0.1905850835516481,0.5769133993457958,0.49135621568017995,0.4196182328592079,黑马,252
69af9fd40000000022031103,6188ec75dcd9710001815018,老吴与酒的店,658feae5ff7b510001a988dc,goods_seller,942,79,31,2,758.0,804.6709129511677,8.38641188959660,0.715597,0.923916,60.06044387817383,高,B,0.302756,中,低,中,低,,,正常,2,47.0,19779,96,B4,稳定期,http://sns-img-qn.xhscdn.com/1040g00831th6166956005oarlnu7vsrqen53i88?imageView2/2/w/540/format/jpg/q/75,1,0.89501953125,0.9364963071503634,0.2934150348563563,0.0668117164720335,0.43224101949291766,黑马,253
640acae700000000130357f3,62a03d8914b93b000180a12d,锋味派旗舰店,63ff2e5dde4391000154013f,goods_seller,519,59,30,3,417.0,803.4682080924855,11.36801541425819,0.687578,0.891941,21.13106346130371,中,B,,中,中,高,中,,,正常,2,7657.0,363900,1192,B6,稳定期,http://sns-img-qn.xhscdn.com/spectrum/1000g0k025otja34fm0005o1ngntgblnknp05ilo?imageView2/2/w/540/format/jpg/q/75,1,0.76986,0.4929991267409677,0.44627976851235146,0.45324363927001465,0.46417417817444456,黑马,254
69245e1b000000001e016150,6401ef31338c4600010b463a,家乡古月的店,6402a1d39c748400013e4d2f,goods_seller,963,88,55,11,773.56,803.2814122533749,9.13811007268951,0.745182,0.8943,33.469329833984375,中,B,0.105609,中,中,中,中,,,正常,4,176.0,65029,202,B4,稳定期,http://sns-img-qn.xhscdn.com/1040g2sg31p96jlp3i87g5nn8s3ag8u8iuks4sa0?imageView2/2/w/540/format/jpg/q/75,1,0.748046875,0.5214392492932522,0.16521616861299823,0.3006897266255199,0.32911504817725684,黑马,255
6944f9f2000000000d035253,645c5f55625b5b0001b3af1d,一斤半酒铺的店,69202d5814b5260001e4e0c6,goods_seller,596,29,9,2,478.0,802.0134228187919,4.86577181208054,0.683617,0.854479,3.786285877227783,中,B,0.055438,中,中,高,中,,,正常,4,79.0,8975,177,B4,稳定期,http://sns-img-qn.xhscdn.com/spectrum/1040g34o31q91lh440c305ojrqqdocutbc89r468?imageView2/2/w/540/format/jpg/q/75,2,0.95947265625,0.1941817266847239,0.47067921791513107,0.6978005713186212,0.4542205053061587,黑马,256
69f4339a00000000350285d7,620e11934a9f4d000123b28f,HolidayWine假日酒馆的店,69ea3649933b03000105ec85,goods_seller,574,30,6,1,460.0,801.3937282229965,5.22648083623693,0.652529,0.860287,18.6536922454834,中,B,0.10837,中,中,中,中,,,正常,2,4.0,20400,44,B6,稳定期,http://sns-img-qn.xhscdn.com/spectrum/1040g0k031vk4dfe5k80040l3lhehtd144qppae0?imageView2/2/w/540/format/jpg/q/75,1,0.9462890625,0.22492340482216597,0.6855823453665468,0.49135621568017995,0.4672873219562976,黑马,257
69c552d9000000002103a1d1,6176a13d2137d00001440b99,全食物日记旗舰店,677f3df5627fd900019cab44,goods_seller,518,33,13,3,414.0,799.2277992277992,6.37065637065637,0.726362,0.880963,-1.9715087413787842,中,B,0.167725,中,中,中,中,,,正常,2,30.0,8315,80,B4,稳定期,http://sns-img-qn.xhscdn.com/1040g2sg31u6cjdus2qe05oah4ijgkbe6ud5qo78?imageView2/2/w/540/format/jpg/q/75,2,0.875,0.37888341251868624,0.24198895845359147,0.7595651466039104,0.4601458391920627,黑马,258
69bcf08c000000002102da66,6825da050ea9880015bb2271,上海国际饭店蝴蝶酥专购店的店,68285b8d82d86e0001719429,goods_seller,737,57,28,2,588.0,797.8290366350068,7.73405698778833,0.746647,0.9192,39.57172775268555,中,B,0.091247,中,低,中,中,,,正常,4,45.0,9714,86,B4,稳定期,http://sns-img-qn.xhscdn.com/notes_pre_post/1040g3k031m0tsp3ol8005q15r7njjh5ai1h33n8?imageView2/2/w/540/format/jpg/q/75,1,0.33056640625,0.8767224664387313,0.16027263443008746,0.2292156949809807,0.42207026528326647,黑马,259
6a26358c000000001702bd24,63205b896c7ba8000125a68e,燕鸣春燕窝工厂旗舰店,6437afbfbb937a0001e8c48b,goods_seller,1620,120,53,1,1290.0,796.2962962962963,7.40740740740741,0.761782,0.863737,10.758713722229004,中,B,0.063072,低,低,中,中,,,正常,4,78.0,8509,6,B4,稳定期,http://sns-img-qn.xhscdn.com/notes_pre_post/1040g3k8321500s1v7ad04al2dsmubbo59d35s1o?imageView2/2/w/540/format/jpg/q/75,2,0.9541015625,0.24538578807927416,0.11093349910453947,0.6053313203972589,0.32055020252702415,黑马,260
69ca1c1a000000001b002de8,64d5f55b6bd5b600012b371e,瘦龙的店,675bec1fbee2b60001a74bc1,goods_seller,582,39,10,5,463.3,796.0481099656357,6.70103092783505,0.702109,0.87122,11.839089393615723,中,B,0.112962,中,中,中,中,,,正常,4,14.0,71471,74,B3,稳定期,http://sns-img-qn.xhscdn.com/spectrum/1040g0k031ub2501iis004a34nnfvfgqg62mep88?imageView2/2/w/540/format/jpg/q/75,1,0.9541015625,0.29718928999600375,0.363808593460918,0.5900048843301807,0.4170009225957008,黑马,261
68046bc4000000001d024343,64a52f59a16b9b00013bd62f,阿飞的甜蜜的店,67f51b77ec137400010191a6,goods_seller,561,53,3,1,446.25,795.4545454545455,9.44741532976827,0.725858,0.919573,43.362674713134766,中,B,0.068374,中,低,中,中,,,正常,2,38.0,22097,420,B5,稳定期,http://sns-img-qn.xhscdn.com/notes_pre_post/1040g3k031gfv08ebju0g46odjtt35asi9ntg7t8?imageView2/2/w/540/format/jpg/q/75,2,0.9453125,0.8820656276364283,0.24451252904696358,0.18069061468555275,0.43575625712298155,黑马,262
69fcc8c4000000003700d172,620e11934a9f4d000123b28f,HolidayWine假日酒馆的店,6857c68d7ec78a00015d874b,goods_seller,2093,106,49,3,1663.8000000000002,794.9354992833255,5.06450071667463,0.658757,0.852674,18.6536922454834,中,B,0.111296,中,中,高,中,,,正常,4,11.0,20400,37,B6,稳定期,http://sns-img-qn.xhscdn.com/spectrum/1040g0k031vshg3c0560040l3lhehtd14unlgp8o?imageView2/2/w/540/format/jpg/q/75,1,0.93115234375,0.18612998238680936,0.6403430871926942,0.49135621568017995,0.4392764284198945,黑马,263
69a934e6000000001d0276b5,61ef6b951ff2ce00010ad570,格格丨茶一代的店,677a4c5dfb112c0001b0e66e,goods_seller,1385,165,78,9,1092.87,789.0758122743682,11.91335740072202,0.717342,0.856505,57.52664566040039,高,B,0.131039,中,中,中,中,,,正常,2,167.0,90556,101,B5,稳定期,http://sns-img-qn.xhscdn.com/spectrum/1040g34o31tasu7r25e805ob1cv00k6ocullgbi8?imageView2/2/w/540/format/jpg/q/75,2,0.958984375,0.2044166185634149,0.2851042730488581,0.07837129789973803,0.18929739650400368,黑马,264
6a0a78c1000000003802198e,64a2a16de916d0000181cd86,兔总的葡萄酒买手店的店,67580749ada65900011a9a29,goods_seller,3368,185,40,2,2648.48,786.3657957244656,5.49287410926366,0.691596,0.74564,43.1324577331543,中,B,0.058358,中,中,高,中,,,正常,4,16.0,8030,27,B4,稳定期,http://sns-img-qn.xhscdn.com/spectrum/1040g0k03209tcal45e105ovsrf5jq95u39ut8g8?imageView2/2/w/540/format/jpg/q/75,2,0.96044921875,0.01605168509391235,0.42202092861477436,0.1830809762739961,0.20705119666089425,黑马,265
695f53e000000000220091d5,640ed6889a611c000139a934,水一方零食旗舰店,65965377847b9c0001f53c8c,goods_seller,509,44,18,2,399.79999999999995,785.4616895874262,8.64440078585462,0.695662,0.755752,-22.405061721801758,中,B,0.076964,中,低,中,中,,,正常,2,89.0,75648,157,B5,稳定期,http://sns-img-qn.xhscdn.com/spectrum/1040g0k031r2p58gqn0005ne03oc096iddft1j00?imageView2/2/w/540/format/jpg/q/75,1,0.958984375,0.019759335731095423,0.3995234077823661,0.9150866598582064,0.4447898011238893,黑马,266
696b28b90000000022039191,6354a6f9de29ee0001b31aae,玉堂春旗舰店,63749c5bc0685f0001a8758f,goods_seller,673,36,14,3,528.0,784.5468053491828,5.34918276374443,0.65575,0.889539,43.323890686035156,中,B,0.071602,中,中,中,中,,,正常,2,25.0,33076,148,B4,稳定期,http://sns-img-qn.xhscdn.com/1040g00831rea5s4e7o0g5n5kl7bka41qgg0ind8?imageView2/2/w/540/format/jpg/q/75,1,0.9482421875,0.46638692775631635,0.6618637419889585,0.18140846321211315,0.4365530443191293,黑马,267
68b14c4c000000001c032fc7,61f3ab756ca09d0001cde0b1,老谷头旗舰店,61ff60e86182690001eef747,goods_seller,585,48,16,3,458.1,783.0769230769231,8.20512820512821,0.675986,0.887206,18.380290985107422,中,B,0.089605,中,中,高,中,,,正常,2,1474.0,149787,289,B4,稳定期,http://sns-img-qn.xhscdn.com/spectrum/1040g34o31loqeqd2kq0g5nj5stig9ccgce94jmo?imageView2/2/w/540/format/jpg/q/75,0,0.414794921875,0.4405813833015112,0.520306972751358,0.49602593135295947,0.4856380958019429,黑马,268
68ae6b1d000000001c037ffd,6540ad54368edf00013dba24,燕香御食养的店,655b699e54251d000163c974,goods_seller,1184,92,59,3,925.5699999999999,781.7314189189188,7.77027027027027,0.712828,0.879693,38.481475830078125,中,B,0.065303,中,中,高,中,,,正常,2,114.0,17476,291,B4,稳定期,http://sns-img-qn.xhscdn.com/1040g00831lku274j4u005of7v0k8crg9kdrjuk0?imageView2/2/w/540/format/jpg/q/75,1,0.95263671875,0.36797507511507777,0.3070689578615514,0.24369847401684352,0.30624750233115755,黑马,269
69eb4fb1000000002003a36c,6225b991417a3a0001981050,酒零后根据地的店,667e3426a283ac0001754d57,goods_seller,5541,487,119,2,4330.0,781.4473921674788,8.78902725139866,0.811807,0.921408,51.30328369140625,高,B,0.90404,低,低,中,中,,,正常,4,39.0,94624,49,B6,稳定期,http://sns-img-qn.xhscdn.com/spectrum/1040g34o31vbfjgklk02g5n980pblgpnsdc2bfv0?imageView2/2/w/540/format/jpg/q/75,2,0.91943359375,0.9075381495789115,0.02082500777052529,0.1171425188342732,0.34850189206123666,黑马,270
69fc89fd000000003603025c,67f72daec6eb9f0016803306,合于道漢方的店,6858cdd18b7d6f0001e03d49,goods_seller,562,12,5,2,437.0,777.5800711743773,2.13523131672598,0.746066,0.907814,11.743075370788574,中,B,0.100253,中,低,中,中,,,正常,2,66.0,8389,38,B3,稳定期,http://sns-img-qn.xhscdn.com/1040g2sg31vs4g2li2g705pkch7b0u60tuflaj38?imageView2/2/w/540/format/jpg/q/75,1,0.8857421875,0.6990808578659917,0.16230037150511376,0.5911445613723487,0.4841752635811514,黑马,271
6a2a48ac0000000021021be1,5c274148eb90b93684d73b21,极盏旗舰店,69b2196fcdd36c0001ae4f29,goods_seller,686,26,18,4,533.0,776.9679300291546,3.79008746355685,0.680095,0.808595,27.186037063598633,中,B,0.05725,中,中,高,中,,,正常,4,39.0,26567,3,B4,稳定期,http://sns-img-qn.xhscdn.com/spectrum/1040g0k03218vji87ms005n354rik9iavh5tptr0?imageView2/2/w/540/format/jpg/q/75,1,0.298095703125,0.06533161641726981,0.49287331823631275,0.37428770184864496,0.31083087883407584,黑马,272
6857924d000000000b02f354,66a48314c3c7d60015b6c0e5,静萱茶事的店,6875f8773f6e4500019179c5,goods_seller,1004,75,43,2,779.21,776.105577689243,7.47011952191235,0.717613,0.918176,56.05172348022461,高,B,0.110626,中,低,中,低,,,正常,2,64.0,11080,357,B4,稳定期,http://sns-img-qn.xhscdn.com/1040g00831j16ind60o005o74eqtg8i0tmkipoo8?imageView2/2/w/540/format/jpg/q/75,1,0.95263671875,0.8610482068587837,0.283927593505321,0.08987167532525199,0.4116158252297855,黑马,273
673e91c90000000007034d9e,63e5b67f783b7900019486da,桔妈中式食补的店,65a647f981136200016b605b,goods_seller,1643,190,39,4,1272.0,774.1935483870968,11.56421180766890,0.737528,0.841205,-2.2744784355163574,中,B,0.095323,中,中,中,中,,,正常,2,784.0,47072,570,B3,稳定期,http://sns-img-qn.xhscdn.com/1040g00831ak0s9nlne005n4j625k0pnsc9kar1o?imageView2/2/w/540/format/jpg/q/75,2,0.04486083984375,0.14094252771487353,0.19484037120909373,0.7619259061912586,0.36590293503840865,黑马,274
69d3a42a000000001a026c76,620e11934a9f4d000123b28f,HolidayWine假日酒馆的店,69b671ae3eb2480001f205e0,goods_seller,1846,109,50,5,1421.0,769.7724810400866,5.90465872156013,0.70442,0.831267,18.6536922454834,中,B,0.095752,中,低,中,中,,,正常,4,25.0,20400,69,B6,稳定期,http://sns-img-qn.xhscdn.com/notes_uhdr/1040g3qo31ukc0t8iio7040l3lhehtd14e7ksd70?imageView2/2/w/540/format/jpg/q/75,2,0.80712890625,0.1111481136124802,0.3510057279872119,0.49135621568017995,0.3178366857599573,黑马,275
69be908b000000002200d2b9,61ef6b951ff2ce00010ad570,格格丨茶一代的店,690eefca9de01f00011c2285,goods_seller,1415,147,79,3,1083.2,765.5123674911661,10.38869257950530,0.751702,0.892792,57.52664566040039,高,B,0.038966,中,低,中,中,,,正常,4,140.0,90556,84,B5,稳定期,http://sns-img-qn.xhscdn.com/spectrum/1040g0k031tvp7u93hge05ob1cv00k6oc7j9n8g0?imageView2/2/w/540/format/jpg/q/75,2,0.96044921875,0.5034412326273257,0.14307387179373326,0.07837129789973803,0.24162880077359897,黑马,276
67d9606f000000000900d4ad,6350c072814e2d00019e44f0,侍酒猫SommCat的店,67d406ee0144270001c48960,goods_seller,1479,12,12,4,1130.0,764.0297498309669,0.81135902636917,0.719575,0.797338,89.82536315917969,高,B,0.097035,中,低,中,中,,,正常,2,728.0,201285,453,B6,稳定期,http://sns-img-qn.xhscdn.com/1040g2sg31f6ni05d667049nk7a0liu5fanfer8o?imageView2/2/w/540/format/jpg/q/75,2,0.311279296875,0.0503752053638826,0.2740849281411423,0.003160013616920504,0.10920671570731515,黑马,277
6a2bca780000000022029df6,6225b991417a3a0001981050,酒零后根据地的店,646dd4f99ee73700015fad89,goods_seller,4551,178,68,3,3477.0,764.0079103493738,3.91122830147220,0.675176,0.881204,51.30328369140625,高,B,0.178435,中,中,中,中,0.05057516321539879,0.0,正常,4,12.0,94624,2,B6,稳定期,http://sns-img-qn.xhscdn.com/spectrum/1040g34o321aecnf472105n980pblgpnskp1h2lg?imageView2/2/w/540/format/jpg/q/75,1,0.9462890625,0.3813921821115107,0.5257167384515193,0.1171425188342732,0.34141714646576776,黑马,278
6908baec000000000700c403,6499681fbbb4180001caddfa,八葆堂滋补的店,66de8f5eb39d0f000136730e,goods_seller,610,45,32,4,464.0,760.655737704918,7.37704918032787,0.647953,0.879725,32.65752029418945,中,B,0.053279,中,低,中,中,,,正常,2,79.0,32592,223,B3,稳定期,http://sns-img-qn.xhscdn.com/1040g00831oe6ugh3l0705ovn3o951h0f3q8un10?imageView2/2/w/540/format/jpg/q/75,1,0.90771484375,0.36823409262466145,0.717870728061217,0.311938487041724,0.46601443590920083,黑马,279
69c5f3d300000000210127ce,65798517e8c3210001a4e77b,合为养旗舰店,67307749ec68d7000144fb2c,goods_seller,643,41,6,2,488.0,758.9424572317263,6.37636080870918,0.674662,0.825609,-8.752756118774414,中,B,0.172868,中,中,中,中,,,正常,2,108.0,154383,79,B6,稳定期,http://sns-img-qn.xhscdn.com/spectrum/1040g0k031u6vmhf51s005o8v0980amn5qlifso8?imageView2/2/w/540/format/jpg/q/75,1,0.94287109375,0.09748679010701124,0.5294243890887024,0.8195165993221142,0.48214259283927596,黑马,280
69e8b72b000000002102e64a,5fe1dd217a15a300018e9fe3,茶人老郑的店,6606a7895c3c5a0001506ec3,goods_seller,1271,116,40,2,959.8,755.1534225019669,9.12667191188041,0.749889,0.851719,8.931184768676758,中,B,0.086681,低,低,中,中,,,正常,4,29.0,28029,53,B4,稳定期,http://sns-img-qn.xhscdn.com/notes_pre_post/1040g3k031v8ttnejii0g5n1depp1i8q7sn40oo8?imageView2/2/w/540/format/jpg/q/75,2,0.96044921875,0.1817932892263517,0.1486982520018353,0.6278436422302147,0.3194450611528006,黑马,281
69a6a84f00000000220215ca,65e57cddbf7fb600014b21bf,阿莹麦茶的店,69a3a27ff94fab00017b6896,goods_seller,1322,121,33,2,998.0,754.9167927382754,9.15279878971256,0.765077,0.921779,46.373329162597656,中,B,0.026322,中,中,中,中,,,正常,4,265.0,101410,103,B6,稳定期,http://sns-img-qn.xhscdn.com/1040g00831t8e2o2kl8005ova9gt9gui6qdvf8mg?imageView2/2/w/540/format/jpg/q/75,2,0.34814453125,0.9123928777585365,0.10152006275624233,0.15430783120938976,0.3894069239080562,黑马,282
6a23ffa20000000016024914,645a010a275ad100017c97ac,艾老板爱微醺的店,69d77119c282a200019f7e7d,goods_seller,1309,68,22,1,988.0,754.7746371275783,5.19480519480519,0.727825,0.813447,32.44458770751953,中,B,0.046527,中,中,高,中,,,正常,4,22.0,16437,8,B4,稳定期,http://sns-img-qn.xhscdn.com/spectrum/1040g0k03212t1sk8mu005oqg5p6m5cri0qnsc1g?imageView2/2/w/540/format/jpg/q/75,2,0.86767578125,0.07333155721326762,0.2355209212142741,0.31461746814084635,0.207823315522796,黑马,283
69b7cd710000000022003498,64794b0b937a2b0001591324,禹鸿物予YHOWU的店,69a941e24a353400017ecadc,goods_seller,1345,103,17,1,1014.0,753.903345724907,7.65799256505576,0.698274,0.840479,24.951244354248047,中,B,0.08268,中,中,中,中,,,正常,2,13.0,16047,89,B4,成长期,http://sns-img-qn.xhscdn.com/spectrum/1040g0k031tp5sthh6q105ovj87v51tgfrnnftho?imageView2/2/w/540/format/jpg/q/75,2,0.96044921875,0.13847816112369196,0.38487781774047924,0.407885973091781,0.3104139839853174,黑马,284
68e5e8760000000007015def,66ab6327da8300001537fc0c,offday光合日常的店,682065a411665d00018748e7,goods_seller,1774,308,160,8,1336.64,753.4611048478016,17.36189402480271,0.657623,0.903531,72.2783203125,高,B,0.082016,中,中,中,中,,,正常,4,307.0,10547,249,B3,稳定期,http://sns-img-qn.xhscdn.com/notes_pre_post/1040g3k031nc6gfpul2004a3574lvle3boubbqh8?imageView2/2/w/540/format/jpg/q/75,1,0.96044921875,0.637538297588917,0.6485724434971805,0.023511389369921407,0.4365407101520063,黑马,285
69bbccd100000000210060c0,66c1a950a6e9d1001536dd6e,愚草旗舰店,6983f9bba60bac0001bc9085,goods_seller,1254,112,34,7,942.7,751.7543859649123,8.93141945773525,0.78657,0.848578,45.30437088012695,中,B,0.043462,中,中,中,中,,,正常,4,236.0,36242,87,B3,稳定期,http://sns-img-qn.xhscdn.com/notes_pre_post/1040g3k031tt2jfm71an05o99pd6g92lk842fjjg?imageView2/2/w/540/format/jpg/q/75,2,0.947265625,0.16833917972854964,0.052987581960540535,0.16492014860204549,0.12874897009704522,黑马,286
692c29ba000000001b0276be,64be5590319d7600013fb50e,五和医养堂旗舰店,6539ca901d812900019ece98,goods_seller,1034,63,18,4,777.2,751.6441005802708,6.09284332688588,0.77032,0.889282,7.052475452423096,中,B,0.070063,中,低,中,中,,,正常,4,38.0,21433,196,B3,成长期,http://sns-img-qn.xhscdn.com/spectrum/1040g34o31pgpterr2c3g5ogj79coco16g6rnkg0?imageView2/2/w/540/format/jpg/q/75,2,0.5966796875,0.46351553365007475,0.08773293074611843,0.6544040377129494,0.4018841673697142,黑马,287
69c93070000000002103bf38,63870c8280e375000165b9c9,漩涡嘴里的店,697a184a39c8000001844461,goods_seller,661,33,9,2,496.0,750.3782148260212,4.99243570347958,0.586982,0.835072,43.72365951538086,中,B,0.121086,中,中,中,中,,,正常,2,83.0,28878,77,B5,稳定期,http://sns-img-qn.xhscdn.com/1040g2sg31ua3q8l22ql05o0gsq9g80bb8nvba78?imageView2/2/w/540/format/jpg/q/75,1,0.95947265625,0.12177523200568359,0.9559670233707799,0.17717537705548894,0.41830587747731746,黑马,288
69551071000000001e010cf4,63205b896c7ba8000125a68e,燕鸣春燕窝工厂旗舰店,670f57ccc42e3d0001f4541e,goods_seller,3406,407,95,2,2555.0,750.1467997651204,11.94950088079859,0.706835,0.858753,32.533119201660156,中,B,0.055976,中,低,中,中,,,正常,4,159.0,7816,165,B4,稳定期,http://sns-img-qn.xhscdn.com/1040g00831qoo8r0lmu1g5oklg0docpea20i64j8?imageView2/2/w/540/format/jpg/q/75,1,0.95068359375,0.21635362550508414,0.3377144294954339,0.3129301540784157,0.2889994030263112,黑马,289
69c639e9000000001b000563,61ef6b951ff2ce00010ad570,格格丨茶一代的店,698301595b50a30001977667,goods_seller,601,45,25,1,450.0,748.7520798668885,7.48752079866889,0.752052,0.883342,57.52664566040039,高,B,0.079245,中,低,中,中,,,正常,4,46.0,90556,79,B5,稳定期,http://sns-img-qn.xhscdn.com/spectrum/1040g34o31u78kp9dhu005ob1cv00k6ocussuheg?imageView2/2/w/540/format/jpg/q/75,1,0.95947265625,0.4012921273478087,0.14189719225019612,0.07837129789973803,0.20718687249924764,黑马,290
69dc69a700000000210072a4,6188ec75dcd9710001815018,老吴与酒的店,69d8df4dab6f940001f5ed50,goods_seller,1192,148,65,4,892.16,748.4563758389262,12.41610738255034,0.719523,0.902232,60.06044387817383,高,B,0.153293,中,中,中,中,,,正常,4,32.0,19779,62,B4,稳定期,http://sns-img-qn.xhscdn.com/1040g00831ussgkfmj4105oarlnu7vsrq65h6qt0?imageView2/2/w/540/format/jpg/q/75,1,0.6181640625,0.6207539629678966,0.274425351153738,0.0668117164720335,0.32066367686455605,黑马,291
694cee57000000001f004bd9,628b5d55d6b4360001958de1,富临行鱼胶滋补的店,63ee2e80614337000174c996,goods_seller,1223,201,54,1,915.0,748.1602616516763,16.43499591169256,0.710404,0.858285,48.04304504394531,中,B,0.088228,中,中,高,中,,,正常,2,57.0,19965,171,B4,稳定期,http://sns-img-qn.xhscdn.com/notes_pre_post/1040g3k831qgq666uno8049tm9gag8p8h6u1205g?imageView2/2/w/540/format/jpg/q/75,1,0.947265625,0.2137338484081524,0.31934638781581637,0.13898879564258543,0.22402301062218477,黑马,292
69dd9840000000002102f198,61ef6bef1ff2ce00010ad572,梅老白茶馆的店,69b0aabc89705f0001dd7311,goods_seller,935,41,64,1,699.0,747.5935828877006,4.38502673796791,0.673439,0.887291,32.571495056152344,中,B,0.079499,中,低,中,低,,,正常,2,6.0,18403,61,B3,稳定期,http://sns-img-qn.xhscdn.com/1040g00831ut20citii0g5oa0j307v8pai1jqqqg?imageView2/2/w/540/format/jpg/q/75,2,0.95947265625,0.4415878513387505,0.5382679869159155,0.3123677160576055,0.4307411847707572,黑马,293
66ed68b2000000000c019d33,65813f70c98601000168dc76,旬山缶XunShan的店,65814dafebf1fc0001a28a15,goods_seller,567,32,20,3,422.1,744.4444444444445,5.64373897707231,0.673451,0.901367,64.15646362304688,高,B,0.105875,中,中,中,中,,,正常,2,1601.0,23355,632,B4,稳定期,http://sns-img-qn.xhscdn.com/1040g008318gcp6oojq105pb0da9h764mt2f7cb8?imageView2/2/w/540/format/jpg/q/75,1,0.96044921875,0.6095274040525139,0.5381865814129035,0.047563015259831566,0.39842566690841635,黑马,294
689b0e11000000001c00ef99,63e5b67f783b7900019486da,桔妈中式食补的店,66c8a128b1e57600018a39c5,goods_seller,1384,143,27,1,1029.0,743.4971098265896,10.33236994219653,0.768754,0.823076,-2.2744784355163574,中,B,0.029906,中,低,中,中,,,正常,2,1022.0,47072,306,B3,稳定期,http://sns-img-qn.xhscdn.com/1040g2sg31l33kkplioe05n4j625k0pnsrd56p18?imageView2/2/w/540/format/jpg/q/75,2,0.03778076171875,0.09138877788138478,0.09161819338987316,0.7619259061912586,0.3149776258208388,黑马,295
68108f290000000022027027,5e030ab380239d00013a7f11,心雅燕燕窝旗舰店,6373646266da44000128e484,goods_seller,2053,101,69,2,1526.0,743.302484169508,4.91962981003410,0.653336,0.820796,50.42146682739258,高,B,0.118906,中,中,中,中,,,正常,2,133.0,16110,411,B3,稳定期,http://sns-img-qn.xhscdn.com/spectrum/1040g0k031grqmcq4j4005ndo12n08rfcvrdc5lg?imageView2/2/w/540/format/jpg/q/75,1,0.958984375,0.08653404970175983,0.6792253156313367,0.12331453606263783,0.2963579671319115,黑马,296
69d5bcd2000000002301e900,6503ca6100efc800012aed9e,茶理十八的店,69402ca55e8e270015b5b752,goods_seller,1456,40,35,3,1079.0,741.0714285714286,2.74725274725275,0.783951,0.86794,37.594783782958984,中,B,0.279959,中,低,中,低,,,正常,2,92.0,38623,67,B4,稳定期,http://sns-img-qn.xhscdn.com/1040g00831ullsetbiq0g5oru2q67rkntsd5esr0?imageView2/2/w/540/format/jpg/q/75,2,0.947265625,0.27296745259979577,0.05783490963989166,0.2563163269837041,0.1957062297411305,黑马,297
69b3d1500000000022003e54,65e57cddbf7fb600014b21bf,阿莹麦茶的店,66509e2003fea400013bd982,goods_seller,561,41,14,5,414.0,737.9679144385027,7.30837789661319,0.749392,0.848761,46.373329162597656,中,B,0.063117,中,中,中,中,,,正常,2,110.0,101410,93,B6,稳定期,http://sns-img-qn.xhscdn.com/spectrum/1040g0k031tl9gmc67u005ova9gt9gui65nmime8?imageView2/2/w/540/format/jpg/q/75,1,0.85888671875,0.16902742625401476,0.15040036706481358,0.15430783120938976,0.15791187484273936,黑马,298
69e4a8be000000001e00e1f1,628b5d55d6b4360001958de1,富临行鱼胶滋补的店,6894661099631f0001177577,goods_seller,3849,270,162,2,2833.5,736.1652377240841,7.01480904130943,0.658405,0.884477,48.04304504394531,中,B,0.047631,中,中,高,中,,,正常,4,53.0,19965,56,B4,稳定期,http://sns-img-qn.xhscdn.com/1040g00831v4vntrvig0049tm9gag8p8hkt67sjo?imageView2/2/w/540/format/jpg/q/75,1,0.96044921875,0.4124668827612747,0.6429332622885306,0.13898879564258543,0.3981296468974636,黑马,299
6854b8f3000000002203f759,64eb138672d55e0001dd9fca,茯苓王子农产品的店,64eb41a371e89a0001d33501,goods_seller,705,72,52,6,518.0,734.7517730496454,10.21276595744681,0.679007,0.90936,83.8397445678711,高,B,0.255248,中,中,中,中,,,正常,2,923.0,58743,359,B4,稳定期,http://sns-img-qn.xhscdn.com/spectrum/1040g0k031iudp1e8gm0049msr80bhl6pp4epbh8?imageView2/2/w/540/format/jpg/q/75,1,0.74169921875,0.7227846602430325,0.5003996270147862,0.00785193079052144,0.41034540601611336,黑马,300
69420e2a000000001e001c1c,6304ac4add5384000178a058,小师姐评茶的店,684a459093d0780001aea215,goods_seller,3100,190,48,3,2277.0,734.516129032258,6.12903225806452,0.694984,0.805312,50.74624252319336,高,B,0.046101,中,中,中,中,,,正常,2,160.0,115361,179,B6,稳定期,http://sns-img-qn.xhscdn.com/spectrum/1040g34o31q66c4hen01045pvh6922qvb6s0rv30?imageView2/2/w/540/format/jpg/q/75,1,0.95361328125,0.0604916892381925,0.4031348519159895,0.12094637597501591,0.19485763904306597,黑马,301
69f1ba0c000000001e00c96f,63e5b67f783b7900019486da,桔妈中式食补的店,68f9e4820dfa750001e9f803,goods_seller,773,44,15,2,566.0,732.2121604139716,5.69210866752911,0.766278,0.826433,-2.2744784355163574,中,B,0.264518,中,中,中,中,,,正常,2,59.0,47072,41,B3,稳定期,http://sns-img-qn.xhscdn.com/1040g00831vhnfim12a105n4j625k0pnsbafufbo?imageView2/2/w/540/format/jpg/q/75,2,0.04376220703125,0.09933691517546586,0.09820463863357162,0.7619259061912586,0.3198224866667653,黑马,302
69b36e35000000002203b10d,63e7bb68384ae90001e78245,山野小青滋补的店,68e3da3dc192ac000195ad94,goods_seller,981,167,46,4,715.91,729.775739041794,17.02344546381244,0.732738,0.878028,14.424476623535156,中,B,0.051601,中,低,中,中,,,正常,4,25.0,17930,93,B4,稳定期,http://sns-img-qn.xhscdn.com/notes_pre_post/1040g3k831tkor7f1nsdg5omv4di7jvn2o0oo2r0?imageView2/2/w/540/format/jpg/q/75,2,0.9462890625,0.35299646256086914,0.2141038734218433,0.55292837795835,0.37334290464702086,黑马,303
69085198000000000703058b,64f57047a5c63e000149558c,新疆尼勒克黑蜂蜂蜜的店,6765290b5677c9000130f2ce,goods_seller,1015,51,17,5,740.5,729.5566502463054,5.02463054187192,0.677793,0.90257,49.57783126831055,高,B,0.076097,中,低,中,中,,,正常,2,1358.0,67803,223,B6,稳定期,http://sns-img-qn.xhscdn.com/note_pre_post_uhdr/1040g3r831odpj5qikqa05nikfbu087h7bupgrho?imageView2/2/w/540/format/jpg/q/75,2,0.9482421875,0.6250536536269852,0.5085845803176294,0.12787324423131002,0.42050382605864156,黑马,304
69c3b0ff0000000023026288,6618e73056541c0001322b26,WINE有引力的店,69b26d5f7c9c8f0001419dcc,goods_seller,2979,163,66,7,2170.08,728.4592145015106,5.47163477677073,0.696601,0.906061,54.10243225097656,高,B,0.878917,中,中,中,中,,,正常,2,200.0,138375,81,B4,稳定期,http://sns-img-qn.xhscdn.com/spectrum/1040g0k031u4pf1gphs005obeifc7up14ojr8kro?imageView2/2/w/540/format/jpg/q/75,2,0.85693359375,0.6726462708879121,0.3942468510871335,0.10623418143066471,0.39104243446857007,黑马,305
6a156f040000000038022e39,64b37e57fdff9300018ec74d,酒类手账的店,66597c93a29a700001c55aa1,goods_seller,5176,246,115,7,3767.0,727.7820710973725,4.75270479134467,0.662761,0.850834,33.075286865234375,中,B,0.105599,中,低,中,中,,,正常,4,8.0,7854,19,B4,稳定期,http://sns-img-qn.xhscdn.com/spectrum/1040g34o320kjq9a65e305oe5oj6ocpggcoev6fo?imageView2/2/w/540/format/jpg/q/75,2,0.955078125,0.17778221807794206,0.6121841836508148,0.3042937702588695,0.36475339066254214,黑马,306
6a0750bf0000000006030801,628b5d55d6b4360001958de1,富临行鱼胶滋补的店,65e958140af17e000126c534,goods_seller,2685,199,82,4,1951.24,726.7188081936686,7.41154562383613,0.650829,0.886816,48.04304504394531,中,B,0.074009,中,中,中,中,,,正常,4,110.0,19965,29,B4,稳定期,http://sns-img-qn.xhscdn.com/1040g2sg3206qljkdm8e049tm9gag8p8he6k87n8?imageView2/2/w/540/format/jpg/q/75,1,0.95947265625,0.43657031215310155,0.6976895638145139,0.13898879564258543,0.424416223870067,黑马,307
6a11714b0000000008024d5d,66f3bf3f72275e00155475c7,兔吉酒太甜的店,6a0ec2d80012710001899fed,goods_seller,2198,144,73,1,1594.0,725.2047315741584,6.55141037306642,0.786613,0.876565,35.32285690307617,中,B,0.625605,中,中,高,中,,,正常,2,4.0,1676,22,B4,稳定期,http://sns-img-qn.xhscdn.com/spectrum/1040g34o320gn78755k105pb850h86aajs6t8mj8?imageView2/2/w/540/format/jpg/q/75,2,0.299072265625,0.3401491940855202,0.05291357695780235,0.28117460740346045,0.22474579281559434,黑马,308
69d47ee2000000001d01f3a8,62b1706a7d5491000148f841,酒類美術館Wine Gallery的店,6785ca4303b5e400014cfd4b,goods_seller,1623,105,35,2,1176.0,724.5841035120147,6.46950092421442,0.692568,0.751046,13.902393341064453,中,B,0.078195,中,中,高,中,,,正常,2,62.0,111197,68,B6,稳定期,http://sns-img-qn.xhscdn.com/note_pre_post_uhdr/1040g3r831ul66rsdis205ocbipgk0jccpsqapvg?imageView2/2/w/540/format/jpg/q/75,1,0.95947265625,0.01792401166318843,0.4165815609135178,0.5604028832349067,0.3316361519372043,黑马,309
68b69992000000001c037c69,6401ef31338c4600010b463a,家乡古月的店,6402a1d39c748400013e4d2f,goods_seller,682,54,41,5,494.0,724.3401759530792,7.91788856304985,0.702081,0.893625,33.469329833984375,中,B,0.069127,中,低,中,低,,,正常,4,151.0,65029,285,B4,稳定期,http://sns-img-qn.xhscdn.com/1040g2sg31lu0ecell2705nn8s3ag8u8iqgamseo?imageView2/2/w/540/format/jpg/q/75,1,0.876953125,0.5133060994923256,0.36388999896393,0.3006897266255199,0.3926286083605919,黑马,310
69ee16c5000000003502d3b8,649ea2a28c06ac0001b952d9,酒心派的店,67d2a743bb9b9d000165f566,goods_seller,1302,67,12,3,940.4,722.273425499232,5.14592933947773,0.710086,0.64151,14.108809471130371,中,B,0.140094,低,低,中,中,,,正常,4,28.0,7577,49,B4,稳定期,http://sns-img-qn.xhscdn.com/notes_pre_post/1040g3k031vcvd2v8jm405p3f4ad7ovf86nbmav0?imageView2/2/w/540/format/jpg/q/75,2,0.9462890625,0.0019167295709189942,0.32102630137797317,0.5570948596125098,0.2933459635204673,黑马,311
6a007ee300000000070122f6,669618e5db6f410001b46000,JoshyWine的店,69e0cc17933b0300014a2a2c,goods_seller,1253,128,22,3,904.0,721.4684756584198,10.21548284118117,0.684849,0.881521,19.824716567993164,中,B,0.11122,中,中,中,中,,,正常,4,4.0,2081,35,B4,稳定期,http://sns-img-qn.xhscdn.com/spectrum/1040g34o32005dadgl6105pj7tvi1oikfs71ilag?imageView2/2/w/540/format/jpg/q/75,2,0.94140625,0.38447819072569306,0.4628050856237882,0.4756449535988633,0.44097607664944816,黑马,312
6a26256b00000000160240bb,668f6d3cebc29500014b5612,山农野生.阿玮的店的店,66ba1b15a7c5830001307ba4,goods_seller,660,88,30,2,476.0,721.2121212121212,13.33333333333333,0.761828,0.904965,24.285871505737305,中,B,0.14991,中,中,中,中,,,正常,2,93.0,13064,6,B3,稳定期,http://sns-img-qn.xhscdn.com/notes_pre_post/1040g3k83214u96knnk605pfaaan19qul2saskv0?imageView2/2/w/540/format/jpg/q/75,2,0.8720703125,0.6573494368219291,0.11080029009961073,0.41638174740612466,0.39484382477588814,黑马,313
6889984d00000000220223ec,63e5b67f783b7900019486da,桔妈中式食补的店,66c8a128b1e57600018a39c5,goods_seller,800,65,12,2,576.0,720.0,8.12500000000000,0.725691,0.827213,-2.2744784355163574,中,B,0.154318,中,中,中,中,,,正常,2,99.0,47072,315,B3,稳定期,http://sns-img-qn.xhscdn.com/1040g00831khr27liio105n4j625k0pns6bgj1a0?imageView2/2/w/540/format/jpg/q/75,2,0.047027587890625,0.10104643073871794,0.2452081760727025,0.7619259061912586,0.3693935043342263,黑马,314
69d8f9540000000023014b70,6503ca6100efc800012aed9e,茶理十八的店,66befd2e4bd59d0001514daf,goods_seller,926,30,23,3,666.0,719.2224622030237,3.23974082073434,0.764609,0.859298,37.594783782958984,中,B,0.154677,中,低,中,中,,,正常,2,59.0,38623,65,B4,稳定期,http://sns-img-qn.xhscdn.com/1040g00831upiineo2q005oru2q67rkntla5grb8?imageView2/2/w/540/format/jpg/q/75,2,0.95068359375,0.219336027115433,0.10308156831401803,0.2563163269837041,0.1929113074710517,黑马,315
69e05b0c000000002100540d,673ec222ccacbd00154e25a7,迪克小馆的店,69daebac98fb930001dee67f,goods_seller,2326,200,132,4,1670.0,717.9707652622528,8.59845227858985,0.635361,0.879853,69.74658203125,高,B,0.112875,中,中,中,中,,,正常,4,116.0,1350,59,B4,稳定期,http://sns-img-qn.xhscdn.com/1040g00831v0p56a8hu005oho0vo41auav9dpeso?imageView2/2/w/540/format/jpg/q/75,2,0.85888671875,0.3692923641638175,0.7997128605893759,0.029979426609238784,0.39966155045414403,黑马,316
69e9ed13000000002000700a,64426227f59230000155ca11,疆进酒少庄主精选葡萄酒的店,68496072e874f200014d8cfe,goods_seller,648,32,3,2,465.0,717.5925925925926,4.93827160493827,0.691114,0.84981,5.713983058929443,中,B,0.092126,中,中,高,中,,,正常,2,19.0,5716,52,B4,稳定期,http://sns-img-qn.xhscdn.com/spectrum/1040g0k031va478h4k0005odj2va41t50jb01cco?imageView2/2/w/540/format/jpg/q/75,2,0.96044921875,0.17345292541775825,0.4248257182185516,0.670892352323017,0.423056998653109,黑马,317
69e8e5020000000022002d86,66dfe52e1908ad0016f284d0,爱吃牛胸口的小当家的店,68a936c6f38f9700019d564a,goods_seller,2305,273,203,21,1653.19,717.2190889370933,11.84381778741866,0.671074,0.883198,44.05628204345703,中,B,0.129823,中,低,中,中,,,正常,4,246.0,12824,53,B5,稳定期,http://sns-img-qn.xhscdn.com/1040g00831v93suesiq005pmr1v27cfg53n77pcg?imageView2/2/w/540/format/jpg/q/75,1,0.654296875,0.3997232212897592,0.5540754555007918,0.17408936844130662,0.3759626817439526,黑马,318
69da174e000000001d01d463,65e57cddbf7fb600014b21bf,阿莹麦茶的店,67f600b31899f10001ad7bc8,goods_seller,2015,157,48,15,1445.05,717.1464019851117,7.79156327543424,0.723221,0.913702,46.373329162597656,中,B,0.050328,中,低,中,低,,,正常,4,278.0,101410,64,B6,稳定期,http://sns-img-qn.xhscdn.com/1040g2sg31uql8qej3me05ova9gt9gui6ki4ojr0?imageView2/2/w/540/format/jpg/q/75,1,0.9482421875,0.7910394742684606,0.2565457424921925,0.15430783120938976,0.4006310159900142,黑马,319
697c4c35000000000c035b8b,65798517e8c3210001a4e77b,合为养旗舰店,674918635ec9ca000134fdad,goods_seller,1115,131,64,6,798.6999999999999,716.3228699551569,11.74887892376682,0.737034,0.856656,-8.752756118774414,中,B,0.075914,中,中,中,中,,,正常,2,90.0,154383,132,B6,稳定期,http://sns-img-qn.xhscdn.com/spectrum/1040g34o31rutd9qr24105o8v0980amn53mttudg?imageView2/2/w/540/format/jpg/q/75,1,0.94287109375,0.20514926809052292,0.19660169027426255,0.8195165993221142,0.4070891858956332,黑马,320
6a1977a10000000035038b4b,6205f81a3451ea000139f29b,藏族菇娘松夏的店,66e015b3d0a0ac000171fb5a,goods_seller,1594,42,32,8,1141.12,715.8845671267252,2.63488080301129,0.675313,0.901268,28.793285369873047,中,B,0.063967,中,低,中,中,,,正常,4,16.0,23662,16,B4,稳定期,http://sns-img-qn.xhscdn.com/notes_pre_post/1040g3k0320of0sl9mq004bs9pdskftl2697l5bo?imageView2/2/w/540/format/jpg/q/75,0,0.958984375,0.6081731125024051,0.524747272915649,0.3583100217574708,0.4970768023918417,黑马,321
67b7cfea000000001201ed85,672870177f3e1d0015aa161d,芳花堂的店,67b6f2583425c000158469ea,goods_seller,597,26,47,9,425.95000000000005,713.4840871021777,4.35510887772194,0.807869,0.901639,31.78925132751465,中,B,0.06708,中,低,中,中,,,正常,2,4290.0,96783,478,B3,稳定期,http://sns-img-qn.xhscdn.com/spectrum/1040g0k031e564j1o12004bumpdmtql9t5idrd9g?imageView2/2/w/540/format/jpg/q/75,2,0.10723876953125,0.6129316341784705,0.024569660909077452,0.32007163684265055,0.3191909773100661,黑马,322
697f1607000000002800af53,6819bfede8bbe300157ad48a,澜生记悠悠的店,68ee47493f37a900016ce7f9,goods_seller,836,149,42,2,596.38,713.3732057416267,17.82296650717703,0.69005,0.91212,47.333160400390625,中,B,0.072523,中,中,中,中,,,正常,2,79.0,7817,133,B4,稳定期,http://sns-img-qn.xhscdn.com/note_pre_post_uhdr/1040g3r031s1o9tfu48105pqabvu7dopo48dv31g?imageView2/2/w/540/format/jpg/q/75,1,0.94482421875,0.7656113553276201,0.43136035996033334,0.14701833843967851,0.4479966845758774,黑马,323
666d6137000000001c022c36,62b28d9a14b93b000180d481,林间盏旗舰店,64741dcfd171fa00018347cb,goods_seller,1181,37,17,4,841.5,712.5317527519052,3.13293818797629,0.740003,0.892152,38.14682388305664,中,B,0.083238,中,中,高,中,,,正常,2,4126.0,534935,729,B6,稳定期,http://sns-img-qn.xhscdn.com/1040g0083142gbda0ic005nblu32gb5uduhe4uco?imageView2/2/w/540/format/jpg/q/75,2,0.74462890625,0.4957077098411853,0.18508651184820094,0.24794636117401536,0.30958019428780054,黑马,324
6a16482d000000003502bee3,673ec222ccacbd00154e25a7,迪克小馆的店,6771f80d5848cb0001b8e678,goods_seller,2831,314,87,3,2017.0,712.4690921935712,11.09148710702932,0.626309,0.896813,69.74658203125,高,B,0.106454,中,中,中,中,,,正常,4,47.0,1350,18,B4,稳定期,http://sns-img-qn.xhscdn.com/1040g2sg320legjth6oe05oho0vo41auaavs2n78?imageView2/2/w/540/format/jpg/q/75,2,0.85498046875,0.5525065494427424,0.8478087118689224,0.029979426609238784,0.47676489597363453,黑马,325
6a25201b0000000017009446,64d21070884d8e0001428e24,九窝颜食社旗舰店,69b3cc421b6b3f0001d33d07,goods_seller,4381,137,52,3,3119.0,711.9379137183291,3.12713992239215,0.814316,0.90197,47.43517303466797,中,B,0.081587,中,低,中,中,,,正常,2,95.0,37029,7,B4,稳定期,http://sns-img-qn.xhscdn.com/spectrum/1040g0k03213u0d2a70005nglrri08igqkvg0ppo?imageView2/2/w/540/format/jpg/q/75,2,0.207763671875,0.6171129168331779,0.018590056687832097,0.14470938235424716,0.26013745195841903,黑马,326
68ad8523000000001d00686e,610bb928ef24650001c28dae,橙路蛋糕TRUEONLY旗舰店,67c6a91aeef18200015fc4a2,goods_seller,2230,64,21,3,1587.0,711.6591928251121,2.86995515695067,0.653697,0.895064,59.090782165527344,高,B,0.317979,中,中,高,中,,,正常,2,99.0,47147,292,B4,稳定期,http://sns-img-qn.xhscdn.com/spectrum/1040g0k031ll4ls9352104a0ihh7idonvbehc9q8?imageView2/2/w/540/format/jpg/q/75,1,0.9404296875,0.531030297648121,0.6764871305300239,0.07046756360729986,0.4259949972618149,黑马,327
69a954160000000022020c4c,65e57cddbf7fb600014b21bf,阿莹麦茶的店,693ad7ed33f9b30001691a0b,goods_seller,956,102,16,4,678.31,709.5292887029289,10.66945606694561,0.734314,0.912733,46.373329162597656,中,B,0.037116,中,低,中,中,,,正常,2,271.0,101410,101,B6,稳定期,http://sns-img-qn.xhscdn.com/1040g2sg31tai6p3b5aeg5ova9gt9gui6dbsfafg?imageView2/2/w/540/format/jpg/q/75,1,0.365234375,0.7758684487071326,0.20756183117978774,0.15430783120938976,0.37924603703210336,黑马,328
686f55a8000000000d02649c,64cb7d7813d4fb0001ad87a2,旭味源餐饮调料的店,68470872e17b8a00017e5afc,goods_seller,1886,146,5,6,1335.0,707.847295864263,7.74125132555673,0.688182,0.912749,73.762939453125,高,B,0.10122,中,中,高,中,,,正常,4,216.0,15084,339,B2,稳定期,http://sns-img-qn.xhscdn.com/notes_pre_post/1040g3k031joamu7uj65g5nl547208m71g4jrb00?imageView2/2/w/540/format/jpg/q/75,0,0.0416259765625,0.7761940707191806,0.44256471737489456,0.02157245829818096,0.4134437487974187,黑马,329
6a1fe1740000000035026ed5,6677ef6f8fb024000136a9c4,晓梦久不醒食养的店,68beb01424d64a0001cb2d89,goods_seller,917,24,8,1,649.0,707.742639040349,2.61723009814613,0.751226,0.896581,-1.6355135440826416,中,B,0.178007,中,中,中,中,,,正常,2,26.0,28884,11,B3,稳定期,http://sns-img-qn.xhscdn.com/1040g2sg320uflqh9mslg4a7fqsn8gg97og45jj0?imageView2/2/w/540/format/jpg/q/75,1,0.94921875,0.549464943830203,0.14462797685123516,0.757093379512455,0.4837287667312977,黑马,330
69f58ae8000000001e00e7a4,6350c072814e2d00019e44f0,侍酒猫SommCat的店,67d406ee0144270001c48960,goods_seller,2572,106,48,2,1818.0,706.8429237947123,4.12130637636081,0.702069,0.67757,36.92054748535156,中,B,0.095509,中,中,高,中,,,正常,4,21.0,30282,43,B6,稳定期,http://sns-img-qn.xhscdn.com/notes_pre_post/1040g3k831vlfa97piil05o9s23pgk9ekhlm2u10?imageView2/2/w/540/format/jpg/q/75,2,0.95361328125,0.0041146781522430915,0.36400100646803724,0.2643014667791543,0.21080571713314486,黑马,331
69e8b9dd000000001a027ed2,64eee4696f2e59000190f559,蔡澜花花世界旗舰店,67e3ea38585fab00012047e3,goods_seller,609,27,7,2,430.0,706.0755336617406,4.43349753694581,0.682774,0.863068,5.925756454467773,中,B,0.190489,中,中,中,中,,,正常,2,12.0,95188,50,B5,稳定期,http://sns-img-qn.xhscdn.com/notes_pre_post/1040g3k831v8ucobrjqh05nhrkdr08024m6o20i0?imageView2/2/w/540/format/jpg/q/75,2,0.96044921875,0.2412859109275787,0.4759187721089946,0.6679099507126681,0.46170487791641374,黑马,332
69e356af0000000021039d49,645a010a275ad100017c97ac,艾老板爱微醺的店,69c9eeb9d4e1ce00012ee92f,goods_seller,849,78,27,1,599.0,705.5359246171967,9.18727915194346,0.79309,0.837268,32.44458770751953,中,B,0.094375,中,低,中,中,,,正常,4,13.0,16437,56,B4,稳定期,http://sns-img-qn.xhscdn.com/spectrum/1040g34o31v3mhfhrju105oqg5p6m5criq5ep138?imageView2/2/w/540/format/jpg/q/75,2,0.93115234375,0.12822846824445333,0.042397466068706244,0.31461746814084635,0.16174780081800197,黑马,333
69cb50c0000000001b0214f2,61ef6b951ff2ce00010ad570,格格丨茶一代的店,68fcf89a0dfa75000108143d,goods_seller,3375,244,171,12,2366.87,701.2948148148148,7.22962962962963,0.68916,0.812059,57.52664566040039,高,B,0.093531,中,中,中,中,,,正常,2,104.0,90556,75,B5,稳定期,http://sns-img-qn.xhscdn.com/spectrum/1040g0k031uc7p4sj1m005ob1cv00k6ocn0dbv3o?imageView2/2/w/540/format/jpg/q/75,2,0.9580078125,0.07085238962153842,0.43677012566049467,0.07837129789973803,0.19533127106059037,黑马,334
69ff14890000000036031bd3,64b37e57fdff9300018ec74d,酒类手账的店,6568464714f2c80001298dd7,goods_seller,870,116,23,2,610.0,701.1494252873563,13.33333333333333,0.696216,0.867207,33.075286865234375,中,B,0.078782,中,中,高,中,,,正常,4,14.0,7854,36,B4,稳定期,http://sns-img-qn.xhscdn.com/spectrum/1040g34o31vuhrd4mis405oe5oj6ocpggi0ngn48?imageView2/2/w/540/format/jpg/q/75,2,0.958984375,0.2678241049094919,0.39641519766736233,0.3042937702588695,0.32284435761190794,黑马,335
680daf82000000001a006f31,64a52f59a16b9b00013bd62f,阿飞的甜蜜的店,67c324813298ba000159fcd9,goods_seller,2322,31,111,6,1624.95,699.8062015503876,1.33505598621878,0.757701,0.926767,43.362674713134766,中,B,0.524507,中,低,中,中,,,正常,2,131.0,22097,413,B5,稳定期,http://sns-img-qn.xhscdn.com/1040g00831gov78nmji1046odjtt35asinrs8r3g?imageView2/2/w/540/format/jpg/q/75,1,0.89111328125,0.9617246125838107,0.12332193656291165,0.18069061468555275,0.42191238794409164,黑马,336
647863c600000000130071ce,62a1a1e2b25d7e000184eb86,妈妈很忙手工美食的店,645a38c9301a420001b2fe37,goods_seller,687,52,48,6,480.6,699.5633187772926,7.56914119359534,0.742531,0.840083,14.73381519317627,中,B,0.160593,中,中,高,中,,,正常,2,282.0,35134,1107,B4,稳定期,http://sns-img-qn.xhscdn.com/1000g0082j51m95ej40005o0l7fog8d2mq6rrpao?imageView2/2/w/540/format/jpg/q/75,1,0.83740234375,0.13715347157467844,0.17520684398265324,0.546970975237926,0.2864437635984192,黑马,337
6a1c6722000000000603201b,637f253e12def30001a8fffb,颐之宜养生的店,6875c5e43f6e4500018bee84,goods_seller,1237,47,11,1,863.62,698.1568310428456,3.79951495553759,0.732602,0.878379,1.2463767528533936,中,B,0.145446,中,中,中,中,,,正常,4,10.0,10076,13,B6,稳定期,http://sns-img-qn.xhscdn.com/1040g2sg320rdmmr96e0g5okgoas5aq8rnsgjn0o?imageView2/2/w/540/format/jpg/q/75,1,0.6591796875,0.3561490756775158,0.21452570193745096,0.7236801207761645,0.43145163279704374,黑马,338
69fd58af00000000230142d8,639021605836e000014cdb94,味道客家的店,693e0665691100000188b2ee,goods_seller,564,43,5,1,393.3,697.3404255319149,7.62411347517730,0.766221,0.883189,40.3291130065918,中,B,0.099266,中,低,中,中,,,正常,2,29.0,4705,37,B3,稳定期,http://sns-img-qn.xhscdn.com/1040g2sg31vt3al9biqk05osepm37rb1cl6adk4o?imageView2/2/w/540/format/jpg/q/75,2,0.168701171875,0.39963441528647337,0.09837485013986945,0.22088273167266106,0.23963066569966796,黑马,339
6a1d95890000000007025eb1,64d21070884d8e0001428e24,九窝颜食社旗舰店,69b3cc421b6b3f0001d33d07,goods_seller,1395,60,13,1,968.0,693.9068100358423,4.30107526881720,0.737164,0.900842,8.307894706726074,中,B,0.07959,中,中,高,中,,,正常,2,85.0,17348,13,B4,稳定期,http://sns-img-qn.xhscdn.com/spectrum/1040g0k0320sin0g074004bj365t3inr652p33co?imageView2/2/w/540/format/jpg/q/75,1,0.8154296875,0.6022157097819812,0.19623906576084543,0.6346669034826754,0.477707226341834,黑马,340
68ecf24f0000000007002e4b,6230023896e3340001ac76ab,平阴玫瑰的店,6708cde930fccd0001d7892d,goods_seller,658,72,60,5,456.05,693.0851063829788,10.94224924012158,0.698735,0.888075,7.163928508758545,中,B,0.055656,中,低,高,中,,,正常,4,39.0,62676,244,B4,稳定期,http://sns-img-qn.xhscdn.com/notes_pre_post/1040g3k031nj24d8d4s005ogq865oc9lsa0go5og?imageView2/2/w/540/format/jpg/q/75,0,0.95947265625,0.45057945917144,0.382154433639714,0.6509850065864452,0.4945729664658664,黑马,341
6a13ac1e0000000035028b01,64a2a16de916d0000181cd86,兔总的葡萄酒买手店的店,67580749ada65900011a9a29,goods_seller,4347,356,120,4,3003.0,690.8212560386473,8.18955601564297,0.726789,0.783564,43.1324577331543,中,B,0.091373,中,中,中,中,,,正常,4,29.0,8030,20,B4,稳定期,http://sns-img-qn.xhscdn.com/spectrum/1040g34o320isu1mnlc605ovsrf5jq95uvp5of28?imageView2/2/w/540/format/jpg/q/75,2,0.958984375,0.03681748886224709,0.24001302488048193,0.1830809762739961,0.15330383000557504,黑马,342
69c63d9c000000002202b7d3,659d244a60b4ac00010229ee,杯中兽小酒铺的店,68726885f7fa4e0001d56970,goods_seller,1095,182,36,2,755.99,690.4018264840182,16.62100456621005,0.69054,0.848649,36.45841598510742,中,B,0.095015,中,中,高,中,,,正常,4,11.0,2610,79,B4,稳定期,http://sns-img-qn.xhscdn.com/notes_pre_post/1040g3k031u7700472g305n6qr6qkniiv83a2mlg?imageView2/2/w/540/format/jpg/q/75,2,0.90625,0.16865740124032386,0.4283113538475201,0.26968903097849417,0.2888859286887794,黑马,343
69f0a39d00000000230163b9,66fb892572275e001554d486,SOGOOD蛮好的店,6982eee58c608e0001d315ff,goods_seller,897,33,11,1,618.0,688.9632107023411,3.67892976588629,0.725754,0.865383,27.591140747070312,中,B,0.139614,中,低,中,中,,,正常,2,21.0,4438,47,B3,稳定期,http://sns-img-qn.xhscdn.com/notes_pre_post/1040g3k831vgm3srl2g705oaet530j9cuf9eko8o?imageView2/2/w/540/format/jpg/q/75,2,0.9580078125,0.2560425084735728,0.2449195565620236,0.3708760712224146,0.29061271208600364,黑马,344
68da64450000000012017cba,6384c0f35836e000014c94fd,医线明医的店,666d04af98e3350001c18e6e,goods_seller,3029,668,267,27,2085.58,688.5374711125784,22.05348299768901,0.770815,0.886018,-31.724409103393555,中,B,0.050405,中,低,高,中,,,正常,2,158.0,20914,258,B4,稳定期,http://sns-img-qn.xhscdn.com/notes_pre_post/1040g3k831n0ujkskl04g49lfrlrj19k0b60f8cg?imageView2/2/w/540/format/jpg/q/75,2,0.96044921875,0.42800053283601974,0.08626023119162855,0.9602297115284993,0.49149682518538257,黑马,345
6a1fc4d300000000380365df,6267af7182ea840001ceef47,芹芹酒铺的店,6a06e79b32834800015acb35,goods_seller,550,24,7,1,377.8,686.9090909090909,4.36363636363636,0.579525,0.731286,30.051298141479492,中,B,0.190192,中,中,高,中,,,正常,4,9.0,32429,11,B3,稳定期,http://sns-img-qn.xhscdn.com/1040g008320umhumn7k00412b8370c2p5isa7psg?imageView2/2/w/540/format/jpg/q/75,1,0.96044921875,0.011863001938931072,0.9655802732264701,0.34269496617971373,0.4400460804483717,黑马,346
68f1c809000000000700a288,65e57cddbf7fb600014b21bf,阿莹麦茶的店,660d3b67cca4850001a5ae8c,goods_seller,1216,131,67,6,834.0,685.8552631578947,10.77302631578947,0.698549,0.912642,46.373329162597656,中,B,0.090158,中,低,中,中,,,正常,2,253.0,101410,240,B6,稳定期,http://sns-img-qn.xhscdn.com/1040g00831nnp2qf5500g5ova9gt9gui68mvneh0?imageView2/2/w/540/format/jpg/q/75,1,0.958984375,0.7743661471515474,0.38328671018160826,0.15430783120938976,0.4373202295141818,黑马,347
6a1c099900000000370357a1,669618e5db6f410001b46000,JoshyWine的店,69846de5a5576f00011966f2,goods_seller,1021,72,62,1,699.0,684.6229187071499,7.05190989226249,0.696187,0.868795,19.824716567993164,中,B,0.091718,中,中,中,中,,,正常,4,2.0,2081,14,B4,稳定期,http://sns-img-qn.xhscdn.com/spectrum/1040g0k0320r1sl8tle005pj7tvi1oikfrqu36o0?imageView2/2/w/540/format/jpg/q/75,2,0.9580078125,0.27907286532569603,0.39657800867338633,0.4756449535988633,0.3837652758659818,黑马,348
693cbfa7000000001e01747d,66ab6327da8300001537fc0c,offday光合日常的店,682065a411665d00018748e7,goods_seller,642,61,19,2,438.49,683.006230529595,9.50155763239875,0.65192,0.894929,72.2783203125,高,B,0.066144,中,低,中,中,,,正常,4,127.0,10547,183,B3,稳定期,http://sns-img-qn.xhscdn.com/notes_pre_post/1040g3k831q10cp6cn0704a3574lvle3br2d9318?imageView2/2/w/540/format/jpg/q/75,1,0.958984375,0.5293133815845951,0.6899708420289211,0.023511389369921407,0.41426520432781255,黑马,349
69edd0cf000000001a02dbc8,6350c072814e2d00019e44f0,侍酒猫SommCat的店,69b274c9ca64b30001aeeca0,goods_seller,779,29,9,1,532.0,682.9268292682926,3.72272143774069,0.645819,0.746615,36.92054748535156,中,B,0.105578,中,中,高,中,,,正常,4,11.0,30282,49,B6,稳定期,http://sns-img-qn.xhscdn.com/notes_pre_post/1040g3k031vdstfcd2g1g5o9s23pgk9ekottt2t8?imageView2/2/w/540/format/jpg/q/75,1,0.95947265625,0.01639950860678182,0.7324793156017346,0.2643014667791543,0.33772676366255694,黑马,350
693bf37f000000000d00c4bc,66dfe52e1908ad0016f284d0,爱吃牛胸口的小当家的店,68a936c6f38f9700019d564a,goods_seller,600,73,53,6,409.54999999999995,682.5833333333333,12.16666666666667,0.664883,0.88875,44.05628204345703,中,B,0.064346,中,中,中,中,,,正常,4,409.0,12824,184,B5,稳定期,http://sns-img-qn.xhscdn.com/1040g2sg31q07mvm17ue05pmr1v27cfg5is5rup8?imageView2/2/w/540/format/jpg/q/75,1,0.249267578125,0.4576691384337581,0.5972055710966061,0.17408936844130662,0.4096546926572236,黑马,351
6a06826f0000000007026f20,66c5b9a8a6e9d10015372143,顺时生活旗舰店,67bd3f2f3298ba000120118a,goods_seller,1979,149,154,12,1349.76,682.0414350682163,7.52905507832239,0.722437,0.870225,0.03145811706781387,中,B,0.07683,低,低,中,中,,,正常,4,32.0,5411,24,B4,稳定期,http://sns-img-qn.xhscdn.com/spectrum/1040g0k032061k6mjhm005pm5mue7e7tod375g8g?imageView2/2/w/540/format/jpg/q/75,1,0.501953125,0.28992939922738775,0.26014978612554207,0.7382221038142178,0.4294337630557159,黑马,352
6a2bcb7a000000001603d8aa,64bfafae319d7600016a7be6,爱养生的苗苗的店,666a61665f1a0a0001497556,goods_seller,3843,603,275,25,2618.4300000000003,681.3505074160813,15.69086651053864,0.659201,0.880747,94.45160675048828,高,B,0.096488,中,低,中,中,,,正常,4,41.0,68457,2,B4,稳定期,http://sns-img-qn.xhscdn.com/note_pre_post_uhdr/1040g3r0321aensjd7u005nf1r0bg88j611sner8?imageView2/2/w/540/format/jpg/q/75,0,0.927734375,0.37697408344804106,0.637049864570845,0.001420896052573154,0.3384816146904864,黑马,353
69a161f1000000002303bbeb,63251d4c0ae2230001cbe2ee,玉黍生的店,633e49e23dba740001c0d547,goods_seller,693,69,14,1,472.0,681.0966810966811,9.95670995670996,0.718226,0.888353,18.145423889160156,中,B,0.102478,低,低,中,中,,,正常,2,117.0,19308,104,B4,稳定期,http://sns-img-qn.xhscdn.com/spectrum/1040g34o31t37fh44le205o4mevog97dbu06chu8?imageView2/2/w/540/format/jpg/q/75,2,0.078369140625,0.4536284652842532,0.2807083758862099,0.49813507393099776,0.41082397170048696,黑马,354
699d8345000000000a02f521,674d8ff05c240b0015350c76,企鹅吃喝酒馆的店,67593ab7dda0580001397c94,goods_seller,1318,77,17,2,896.71,680.3566009104704,5.84218512898331,0.707922,0.854108,21.712865829467773,中,B,0.097552,中,中,中,中,,,正常,4,667.0,17546,110,B4,稳定期,http://sns-img-qn.xhscdn.com/notes_pre_post/1040g3k031su84d9a5e505n9vmftk5g8ds81dbm8?imageView2/2/w/540/format/jpg/q/75,2,0.95703125,0.1924278081198289,0.33219365629116526,0.44659799002412565,0.32373981814503994,黑马,355
6a211aee0000000036030a35,64b37e57fdff9300018ec74d,酒类手账的店,68abf325f38f970001b0c899,goods_seller,4063,339,47,3,2760.0,679.3010091065715,8.34358848141767,0.713102,0.832965,33.075286865234375,中,B,0.195405,中,中,高,中,,,正常,4,27.0,7854,10,B4,稳定期,http://sns-img-qn.xhscdn.com/spectrum/1040g34o32100oatjn2305oe5oj6ocpgg3slgj4g?imageView2/2/w/540/format/jpg/q/75,2,0.9404296875,0.11587703328745023,0.30560365880733537,0.3042937702588695,0.2419248207845517,黑马,356
68d6775a0000000011017ece,6163e2d3a3a3f9000142e493,大碗茶骑不快的店,664b390ae26fdb0001089c35,goods_seller,813,97,63,2,552.1800000000001,679.188191881919,11.93111931119311,0.784109,0.859363,96.07063293457031,高,B,0.161287,中,低,中,低,,,正常,4,137.0,82504,261,B3,稳定期,http://sns-img-qn.xhscdn.com/1040g00831mt4551g6g005o1j2stgbp58gt1smn0?imageView2/2/w/540/format/jpg/q/75,2,0.9462890625,0.21970605212912392,0.05755369062948655,0.0010360700383345914,0.09276527093231503,黑马,357
690e033e0000000007032751,634d6099b021a00001cdc08b,熊熊蜜园的店,67400cef0082840001566728,goods_seller,3273,407,494,44,2217.9300000000003,677.6443629697527,12.43507485487321,0.700263,0.895257,33.68874740600586,中,B,0.073655,中,低,中,低,,,正常,4,537.0,27553,219,B4,稳定期,http://sns-img-qn.xhscdn.com/1040g2sg31ojb47ull2704b7sfmj3ismajkb72s0?imageView2/2/w/540/format/jpg/q/75,2,0.70166015625,0.5333688557346477,0.3738954753341326,0.29771472551544487,0.401659685528075,黑马,358
69e858c5000000001d01b6df,674d8ff05c240b0015350c76,企鹅吃喝酒馆的店,69e5d217933b030001d83305,goods_seller,573,28,9,2,386.75,674.956369982548,4.88656195462478,0.715292,0.876194,21.712865829467773,中,B,0.200466,中,低,高,中,,,正常,4,12.0,17546,53,B4,稳定期,http://sns-img-qn.xhscdn.com/notes_pre_post/1040g3k831v7gddqsisc05n9vmftk5g8drbskkrg?imageView2/2/w/540/format/jpg/q/75,2,0.95703125,0.3367005609579208,0.2947767269067389,0.44659799002412565,0.3593584259629285,黑马,359
67e11d6e000000000603c6d1,65080d8f3a3ec4000156ae0b,宁夏无熏硫巧巧枸杞的店,651ebd27182a6f0001327b14,goods_seller,2567,280,215,46,1731.96,674.7019867549669,10.90767432800935,0.767726,0.917443,71.51946258544922,高,B,0.04236,中,中,中,中,,,正常,2,1417.0,15487,447,B3,稳定期,http://sns-img-qn.xhscdn.com/1040g2sg31fdh2p6l6a705oitvn041bh1ak3d6d8?imageView2/2/w/540/format/jpg/q/75,2,0.927734375,0.8501620709559966,0.09441558249337655,0.025842546956174238,0.3234734001351825,黑马,360
68ba992e000000001b01dca6,65d5da675fd0a0000107821a,NATURECARE.LIFE海外旗舰店,691406cbf168b90001b20435,goods_seller,1219,164,82,1,821.95,674.2821985233799,13.45365053322395,0.694366,0.840222,-15.690291404724121,中,B,0.052925,中,中,高,中,,,正常,2,519.0,11788,280,B4,稳定期,http://sns-img-qn.xhscdn.com/spectrum/1040g0k031m1tc89q4u005o0c0m8g94hi9d6eiog?imageView2/2/w/540/format/jpg/q/75,1,0.958984375,0.1376123025916552,0.4066574900463271,0.873717863327561,0.4726625519885144,黑马,361
6a2664100000000006022696,66a1b6b8a6d8460016697971,食葡专卖店,684d4221c200860001c39a3b,goods_seller,749,42,25,3,503.0,671.562082777036,5.60747663551402,0.683414,0.866478,25.319459915161133,中,B,0.084977,中,中,中,中,,,正常,4,60.0,8452,6,B4,稳定期,http://sns-img-qn.xhscdn.com/spectrum/1040g0k0321568b6s6s005oaai3mnuifkm7f1kko?imageView2/2/w/540/format/jpg/q/75,2,0.86474609375,0.26293237422849786,0.47186329795894205,0.4028610334058582,0.37921890186443274,黑马,362
6a2833cf000000003502d223,63e7bb68384ae90001e78245,山野小青滋补的店,68e3da3dc192ac000195ad94,goods_seller,545,26,6,1,366.0,671.559633027523,4.77064220183486,0.785224,0.858408,14.424476623535156,中,B,0.06453,中,低,中,中,,,正常,4,20.0,17930,5,B4,稳定期,http://sns-img-qn.xhscdn.com/1040g2sg3216ui68a70705omv4di7jvn20if4gt8?imageView2/2/w/540/format/jpg/q/75,2,0.95263671875,0.21442209493361752,0.05542974705090064,0.55292837795835,0.2742600733142894,黑马,363
6a0306b0000000003502f92b,649ea2a28c06ac0001b952d9,酒心派的店,67c82aa697592600010b9e57,goods_seller,593,31,9,1,397.05,669.5615514333896,5.22765598650927,0.720046,0.786213,14.108809471130371,中,B,0.065229,中,低,高,中,,,正常,4,8.0,7577,33,B4,稳定期,http://sns-img-qn.xhscdn.com/note_pre_post_uhdr/1040g3r83202j19l1hmag5p3f4ad7ovf8066vf9o?imageView2/2/w/540/format/jpg/q/75,2,0.9384765625,0.03925965395260719,0.27177597205571097,0.5570948596125098,0.28937682854027597,黑马,364
6a1f8516000000003501fd68,63205b896c7ba8000125a68e,燕鸣春燕窝工厂旗舰店,6a028a0b213e27000108f6da,goods_seller,1849,153,108,1,1234.5,667.6581936181719,8.27474310438075,0.673133,0.87859,32.533119201660156,中,B,0.067658,中,低,中,中,,,正常,4,16.0,7816,11,B4,稳定期,http://sns-img-qn.xhscdn.com/1040g2sg320uf3h8pmu705oklg0docpea6g4ca8o?imageView2/2/w/540/format/jpg/q/75,1,0.958984375,0.3580880067492562,0.5401551144857393,0.3129301540784157,0.40372442510447043,黑马,365
6a1fd7fd0000000038020486,67b9c1c469b24f00157bcb3e,敏儿家滋补品礼盒批发的店,67e3e9d895c34500010d089a,goods_seller,500,30,10,1,332.45,664.9,6.00000000000000,0.63508,0.867158,33.94718551635742,中,B,0.095244,中,中,高,中,,,正常,4,8.0,10360,11,B2,成长期,http://sns-img-qn.xhscdn.com/1040g2sg320uoc31fno705one7g67ql9cmn5cofg?imageView2/2/w/540/format/jpg/q/75,1,0.96044921875,0.26740967689415807,0.8013335701493421,0.2935260423604636,0.4540897631346546,黑马,366
6a01c536000000003601a174,685e4c9b5c02210015bef00b,酒梦富的店,69e83f069dea2d0001371b6a,goods_seller,2432,121,56,7,1612.89,663.1949013157895,4.97532894736842,0.618153,0.889829,49.686336517333984,高,B,0.779162,高,高,高,中,,,正常,2,116.0,2401,34,B4,稳定期,http://sns-img-qn.xhscdn.com/spectrum/1040g0k03201d1uvd1m005pse12th5kj6l2k16uo?imageView2/2/w/540/format/jpg/q/75,2,0.9208984375,0.4695987448751536,0.8820508266358806,0.1270665897014638,0.49290538707083265,黑马,367
69298cde000000001d0399c2,64f57047a5c63e000149558c,新疆尼勒克黑蜂蜂蜜的店,64f578e41f2c0e0001c657ad,goods_seller,1474,190,46,3,977.2,662.9579375848033,12.89009497964722,0.721484,0.904261,49.57783126831055,高,B,0.079879,中,中,中,中,,,正常,2,186.0,67803,198,B6,稳定期,http://sns-img-qn.xhscdn.com/notes_pre_post/1040g3k031pe7l7cri42g5nikfbu087h75vqf0ho?imageView2/2/w/540/format/jpg/q/75,2,0.9580078125,0.6472773559492622,0.2646492902920237,0.12787324423131002,0.34659996349086525,黑马,368
69df31d9000000001a026977,620675253451ea000139f451,可梵茶事的店,690169d1cdf9d600017059db,goods_seller,1242,139,51,1,823.0,662.6409017713365,11.19162640901771,0.734945,0.899857,69.59500885009766,高,B,0.075778,中,中,中,中,,,正常,4,25.0,29333,60,B5,稳定期,http://sns-img-qn.xhscdn.com/1040g2sg31uvkuopjias05ni6hgt083744ef4t78?imageView2/2/w/540/format/jpg/q/75,2,0.80419921875,0.5898938768260734,0.20486064857984398,0.03074907863771591,0.27516786801454446,黑马,369
67ef36f0000000000b01e0ed,6304ac4add5384000178a058,小师姐评茶的店,660d488ccca4850001a615a3,goods_seller,562,7,15,3,372.0,661.9217081850534,1.24555160142349,0.705956,0.855254,50.74624252319336,高,B,0.20271,低,低,中,中,,,正常,2,37.0,115361,436,B6,稳定期,http://sns-img-qn.xhscdn.com/spectrum/1040g0k031fr9bmvp7e0045pvh6922qvbe204r90?imageView2/2/w/540/format/jpg/q/75,2,0.036468505859375,0.1979855838254666,0.3426061601764279,0.12094637597501591,0.22051270665897016,黑马,370
69e1afde0000000022002dab,6278fb55b1999c0001ecbf50,Patchi旗舰店,6285bf991b35a60001c29de7,goods_seller,519,29,7,2,343.5,661.849710982659,5.58766859344894,0.64778,0.757436,7.594381332397461,中,B,0.064101,中,中,高,中,,,正常,4,90.0,96008,58,B5,稳定期,http://sns-img-qn.xhscdn.com/notes_pre_post/1040g3k031v22tcka2g205ohgcb6od0u6mvoo890?imageView2/2/w/540/format/jpg/q/75,1,0.958984375,0.020499385758477272,0.7190622086053017,0.6450054023651999,0.46152233224299294,黑马,371
6a10fc44000000000702d6f0,6503ca6100efc800012aed9e,茶理十八的店,68e0d90d0f0ca400151a959f,goods_seller,1462,71,55,2,967.0,661.4227086183311,4.85636114911081,0.772595,0.84131,37.594783782958984,中,B,0.271815,中,低,中,低,,,正常,4,5.0,38623,22,B4,稳定期,http://sns-img-qn.xhscdn.com/1040g008320fanvf1me1g5oru2q67rknt8niq850?imageView2/2/w/540/format/jpg/q/75,2,0.95263671875,0.1412533487263739,0.08191613753089709,0.2563163269837041,0.15982860441365837,黑马,372
67dd1313000000001d02f4d2,649ea2a28c06ac0001b952d9,酒心派的店,66c18ba1acee800001ff10ed,goods_seller,5386,854,365,22,3543.1500000000005,657.8444114370591,15.85592276271816,0.667027,0.780464,14.108809471130371,中,B,0.094463,中,中,高,中,,,正常,2,5722.0,7577,450,B4,稳定期,http://sns-img-qn.xhscdn.com/notes_pre_post/1040g3k031f9hm9rumm0g5p3f4ad7ovf85tr6b1g?imageView2/2/w/540/format/jpg/q/75,2,0.9541015625,0.03433092077024407,0.5821307520388378,0.5570948596125098,0.39118551080719727,黑马,373
68b85534000000001d03be8c,6825da050ea9880015bb2271,上海国际饭店蝴蝶酥专购店的店,68285b8d82d86e0001719429,goods_seller,2171,245,75,2,1428.0,657.7614002763703,11.28512206356518,0.735289,0.912959,39.57172775268555,中,B,0.035013,中,中,中,中,,,正常,4,52.0,9714,283,B4,稳定期,http://sns-img-qn.xhscdn.com/notes_pre_post/1040g3k031lvmkjaul8005q15r7njjh5ac6jbolg?imageView2/2/w/540/format/jpg/q/75,1,0.8447265625,0.7794946938413037,0.2033805485250803,0.2292156949809807,0.4040303124491216,黑马,374
69fdbef100000000350307da,64ed654348a43f00018298d4,朴道仁智的店,679304c4f4d65700018eb9be,goods_seller,591,51,22,1,387.6,655.8375634517766,8.62944162436548,0.688225,0.909142,62.8764533996582,高,B,0.077074,中,中,中,中,,,正常,4,11.0,2101,37,B3,稳定期,http://sns-img-qn.xhscdn.com/spectrum/1040g0k031vtfphs1hm005oak6u1gkg5apq8npeo?imageView2/2/w/540/format/jpg/q/75,1,0.50341796875,0.7193952311176236,0.4422390953628465,0.05592558056924648,0.4058533023499055,黑马,375
6a0db96800000000080332a9,6576c4905730cc000137005c,麦小年旗舰店,6a046ea90283e20001cf16d0,goods_seller,1415,110,38,12,927.4999999999999,655.4770318021201,7.77385159010601,0.702011,0.790939,20.6841983795166,中,B,0.176129,中,中,高,中,,,正常,2,17.0,5845,25,B3,稳定期,http://sns-img-qn.xhscdn.com/note_pre_post_uhdr/1040g3r0320d10ueom26g5p8ukksp2o6779tfdcg?imageView2/2/w/540/format/jpg/q/75,1,0.9384765625,0.04347793910868375,0.36424522297707324,0.46371534715746787,0.29047950308107495,黑马,376
697212bd000000000a02a9ff,673ec222ccacbd00154e25a7,迪克小馆的店,6801a3628d1e0200019d37c5,goods_seller,621,33,27,1,406.0,653.7842190016103,5.31400966183575,0.660481,0.888999,69.74658203125,高,B,0.09411,中,中,中,低,,,正常,4,193.0,1350,143,B4,稳定期,http://sns-img-qn.xhscdn.com/1040g2sg31rl2qahu28705oho0vo41aua3iie168?imageView2/2/w/540/format/jpg/q/75,2,0.95263671875,0.4605183310391783,0.6283764782499297,0.029979426609238784,0.37295807863278224,黑马,377
6a1f9a8d000000003502e9d4,649bfca2f608270001fb540c,Caillie凯莉的小酒馆的店,69d7809901e193000197fc5a,goods_seller,2545,100,53,1,1658.0,651.4734774066798,3.92927308447937,0.71431,0.894083,40.1740608215332,中,B,0.123257,中,低,中,中,,,正常,4,22.0,16163,11,B4,稳定期,http://sns-img-qn.xhscdn.com/spectrum/1040g0k0320uhickan0005o92fdb0bq7prj6689g?imageView2/2/w/540/format/jpg/q/75,2,0.86767578125,0.5187528676938561,0.2993354350754111,0.22232582922605568,0.3468047106651076,黑马,378
6a1bf6d2000000003700ef02,61ef6bef1ff2ce00010ad572,梅老白茶馆的店,69b0aabc89705f0001dd7311,goods_seller,2147,96,80,2,1398.0,651.1411271541687,4.47135537959944,0.697871,0.894414,32.571495056152344,中,B,0.07297,中,低,中,中,,,正常,2,0.0,18403,14,B3,稳定期,http://sns-img-qn.xhscdn.com/1040g2sg320r032kb5s9g5oa0j307v8paden6td0?imageView2/2/w/540/format/jpg/q/75,1,0.95947265625,0.5229267498482898,0.38711276882317247,0.3123677160576055,0.4074690782430226,黑马,379
697b29840000000021033990,61ef6b951ff2ce00010ad570,格格丨茶一代的店,6378ba6d36e0de0001fc19a7,goods_seller,520,36,5,2,338.0,650.0,6.92307692307692,0.681107,0.848716,57.52664566040039,高,B,0.052584,中,低,高,中,,,正常,4,23.0,90556,136,B5,稳定期,http://sns-img-qn.xhscdn.com/spectrum/1040g34o31rtuiu7vi4c05ob1cv00k6ocig32k3g?imageView2/2/w/540/format/jpg/q/75,1,0.93505859375,0.1688794162485384,0.4865680920030194,0.07837129789973803,0.24460626871709865,黑马,380
69e19dec000000002200fd5d,62b1706a7d5491000148f841,酒類美術館Wine Gallery的店,69cb9103fcd43f0001b22635,goods_seller,613,29,5,1,398.0,649.2659053833605,4.73083197389886,0.704963,0.766813,13.902393341064453,中,B,0.072237,中,中,高,中,,,正常,4,12.0,111197,58,B6,稳定期,http://sns-img-qn.xhscdn.com/notes_pre_post/1040g3k031v20ojr81m005ocbipgk0jcc6n2upao?imageView2/2/w/540/format/jpg/q/75,2,0.9462890625,0.025206103932625845,0.348067729378506,0.5604028832349067,0.31122557218201286,黑马,381
69e9dc2f0000000020007005,675d032dd58a3b0015497dab,Baratti & Milano旗舰店,6938f5dc4d53380001dec4b5,goods_seller,509,29,10,1,330.0,648.3300589390963,5.69744597249509,0.672379,0.882748,35.61516571044922,中,B,0.211701,中,中,高,中,,,正常,4,4.0,8232,52,B4,稳定期,http://sns-img-qn.xhscdn.com/notes_pre_post/1040g3k031va2akib2a005p9faisqmnsuk4h2l8o?imageView2/2/w/540/format/jpg/q/75,2,0.958984375,0.39586756064709977,0.5454538726817932,0.27705252875094355,0.4061246540266122,黑马,382
69a11f7c0000000026032740,674d8ff05c240b0015350c76,企鹅吃喝酒馆的店,68947b458fe347000143426d,goods_seller,558,68,7,1,360.0,645.1612903225806,12.18637992831541,0.69214,0.899955,21.712865829467773,中,B,0.049239,中,中,高,中,,,正常,4,16.0,17546,107,B4,稳定期,http://sns-img-qn.xhscdn.com/notes_pre_post/1040g3k031t31988o56205n9vmftk5g8d9963hf0?imageView2/2/w/540/format/jpg/q/75,2,0.300537109375,0.5911519618726226,0.4188387134970324,0.44659799002412565,0.4855295551312602,黑马,383
69edcb2d000000001f006e8b,6350c072814e2d00019e44f0,侍酒猫SommCat的店,68551364b93d4100019ff031,goods_seller,2766,142,60,2,1784.0,644.9746926970354,5.13376717281273,0.683654,0.834413,36.92054748535156,中,B,0.083397,中,低,高,中,,,正常,4,7.0,30282,49,B6,稳定期,http://sns-img-qn.xhscdn.com/notes_pre_post/1040g3k031vdstfcd2g105o9s23pgk9eksl540s8?imageView2/2/w/540/format/jpg/q/75,2,0.84130859375,0.11996950993887187,0.47042760090582125,0.2643014667791543,0.2848995258746158,黑马,384
69a7d3af000000001600a049,64b37e57fdff9300018ec74d,酒类手账的店,6923fbb152eecb000180eccc,goods_seller,1035,68,11,1,666.0,643.4782608695652,6.57004830917874,0.734112,0.863252,33.075286865234375,中,B,0.073295,中,中,高,中,,,正常,2,55.0,7854,102,B4,稳定期,http://sns-img-qn.xhscdn.com/spectrum/1040g34o31t9ip1ph56105oe5oj6ocpgg8ig5jlo?imageView2/2/w/540/format/jpg/q/75,2,0.8232421875,0.2422479759631751,0.20839068721045542,0.3042937702588695,0.2516441444775,黑马,385
68cd5c3f000000001300e04e,680229e6707fab0015d2c932,此间有茶的店,68cce73839f90c0001185fb8,goods_seller,2454,240,124,8,1573.07,641.0228198859006,9.77995110024450,0.770045,0.91677,79.45264434814453,高,B,0.112219,中,低,中,中,,,正常,2,240.0,11241,268,B3,稳定期,http://sns-img-qn.xhscdn.com/spectrum/1040g34o31mk7e0o7l20g4akr74chm9efpaip0m0?imageView2/2/w/540/format/jpg/q/75,2,0.958984375,0.8400973905836034,0.08840637627103592,0.014134955522993355,0.31421290745921093,黑马,386
6a05b72600000000070120f8,6503ca6100efc800012aed9e,茶理十八的店,69574ff079e410001592b8e6,goods_seller,1784,72,61,3,1143.0,640.6950672645739,4.03587443946188,0.7063,0.859113,37.594783782958984,中,B,0.052758,中,中,中,中,,,正常,4,7.0,38623,31,B4,稳定期,http://sns-img-qn.xhscdn.com/1040g0083204slpsa2i0g5oru2q67rknt84nnuho?imageView2/2/w/540/format/jpg/q/75,2,0.958984375,0.21828515607655077,0.340726433106878,0.2563163269837041,0.27177597205571097,黑马,387
6964e2d6000000000a03e348,674d8ff05c240b0015350c76,企鹅吃喝酒馆的店,675bf560be2f6800013efa65,goods_seller,512,39,7,1,328.0,640.625,7.61718750000000,0.687395,0.883023,21.712865829467773,中,B,0.321257,中,中,中,中,,,正常,4,118.0,17546,153,B4,稳定期,http://sns-img-qn.xhscdn.com/1040g00831r86rup8mu005n9vmftk5g8dbimcnfo?imageView2/2/w/540/format/jpg/q/75,2,0.9560546875,0.3982061187336264,0.4474712490564362,0.44659799002412565,0.43075845260472945,黑马,388
6a1bc542000000003502fa3f,6540ad54368edf00013dba24,燕香御食养的店,6a126dda61fef90001b7c31e,goods_seller,3010,216,73,1,1921.79,638.468438538206,7.17607973421927,0.672204,0.880443,38.481475830078125,中,B,0.090199,中,中,中,中,,,正常,4,2.0,17476,14,B4,稳定期,http://sns-img-qn.xhscdn.com/notes_pre_post/1040g3k8320qq0e7oli305of7v0k8crg9ic28dsg?imageView2/2/w/540/format/jpg/q/75,1,0.95947265625,0.3743765078519308,0.5464307387179373,0.24369847401684352,0.38816857352890394,黑马,389
6783c65e0000000001003658,65700ec68411900001f8c298,老七粽子的店,6570b9b0ded0e90001e09dc3,goods_seller,1142,137,36,5,728.34,637.7758318739054,11.99649737302977,0.779707,0.882902,55.53518295288086,高,B,0.054264,中,低,中,中,,,正常,2,5650.0,24212,518,B4,稳定期,http://sns-img-qn.xhscdn.com/1040g00831cic0l6dh00g5o0dtv4g8gfaa1crurg?imageView2/2/w/540/format/jpg/q/75,1,0.03717041015625,0.39717744919556563,0.06619007444903276,0.0923952459186241,0.18525425652107416,黑马,390
69c0e831000000001a024a8c,64eaf8dc6bd5b600011db9ed,乡下头-金二狗的店,69c0e481ff00dc0001da1d71,goods_seller,610,48,20,3,389.0,637.7049180327868,7.86885245901639,0.668881,0.847801,63.90437316894531,高,B,0.057464,中,中,高,中,,,正常,4,82.0,53271,83,B4,稳定期,http://sns-img-qn.xhscdn.com/notes_uhdr/1040g3qg31u22inro78005nu907og8stn5ne14io?imageView2/2/w/540/format/jpg/q/75,0,0.44140625,0.1651569646108077,0.5693278865651318,0.0482956647869396,0.260926838654293,黑马,391
6884e79000000000120227ca,64b3780c4177e5000111ae34,奶酪猴子Cheese Monkey的店,681f62279653670001f16812,goods_seller,1761,147,150,9,1122.1999999999998,637.2515616127199,8.34752981260647,0.65112,0.91034,68.18297576904297,高,B,0.073962,中,低,中,中,,,正常,2,12667.0,86977,322,B5,稳定期,http://sns-img-qn.xhscdn.com/1040g00831kdf9mg6j0005n44us0453ra298iai8?imageView2/2/w/540/format/jpg/q/75,1,0.94287109375,0.7380962953095629,0.6957728342435948,0.03387208975326732,0.48924707310214166,黑马,392
69f494a8000000001f007bd7,6503ca6100efc800012aed9e,茶理十八的店,685abc54e0232100158af3e2,goods_seller,818,41,61,1,520.0,635.6968215158925,5.01222493887531,0.71522,0.852995,37.594783782958984,中,B,0.066123,中,中,中,低,,,正常,4,3.0,38623,44,B4,稳定期,http://sns-img-qn.xhscdn.com/1040g2sg31vkcmgic2a7g5oru2q67rkntoflmms0?imageView2/2/w/540/format/jpg/q/75,2,0.9560546875,0.1876248834421207,0.2951171499193345,0.2563163269837041,0.24635278678171976,黑马,393
68b6dd6c000000001c005c3e,64fc06cc5b50f70001d93a83,内蒙老赵的店,68a08d9e16b0c8000172584e,goods_seller,1475,167,58,6,936.2,634.7118644067797,11.32203389830508,0.735476,0.874176,34.60084915161133,中,B,0.062765,中,低,中,中,,,正常,4,418.0,123078,285,B6,稳定期,http://sns-img-qn.xhscdn.com/1040g00831lu7jaj05m105p7pa89gibr90biu7vg?imageView2/2/w/540/format/jpg/q/75,1,0.7529296875,0.32034545535278186,0.20268490149934135,0.287146811124432,0.2700590559921851,黑马,394
68724f310000000012030fe7,6176a13d2137d00001440b99,全食物日记旗舰店,680b279a11afa10001b0834c,goods_seller,1288,105,36,5,813.9,631.9099378881988,8.15217391304348,0.827282,0.688759,-1.9715087413787842,中,B,0.048456,中,低,中,中,,,正常,2,194.0,8315,337,B4,稳定期,http://sns-img-qn.xhscdn.com/1040g00831jr7m5ukj2305oah4ijgkbe6h61l8a0?imageView2/2/w/540/format/jpg/q/75,2,0.95263671875,0.005128546689756227,0.009872267365273893,0.7595651466039104,0.2581886535529802,黑马,395
68ac5900000000001d035aee,65798517e8c3210001a4e77b,合为养旗舰店,657c57de415e8e0001fac4bb,goods_seller,2171,86,49,7,1370.0,631.0456011054813,3.96130815292492,0.704479,0.903383,43.24510192871094,中,B,0.152603,中,中,中,中,,,正常,2,738.0,22175,293,B6,稳定期,http://sns-img-qn.xhscdn.com/1040g2sg31ljvvfmnl8e05pkoj6p3un0nn3m9bvg?imageView2/2/w/540/format/jpg/q/75,1,0.95947265625,0.6355549635155336,0.35073190947708066,0.18268134925920992,0.38965607408394143,黑马,396
6a0edda0000000003502e612,6225b991417a3a0001981050,酒零后根据地的店,69e1f484a1dd78000171abf6,goods_seller,9319,423,266,3,5880.0,630.9689880888508,4.53911363880245,0.718633,0.931113,51.30328369140625,高,B,0.078984,中,低,中,中,,,正常,2,38.0,94624,21,B6,稳定期,http://sns-img-qn.xhscdn.com/spectrum/1040g34o320e6mnhlmk105n980pblgpnss9pg6ho?imageView2/2/w/540/format/jpg/q/75,2,0.82763671875,0.9855468229652324,0.27880644731583853,0.1171425188342732,0.46049859637178137,黑马,397
69c641b70000000021006db2,65e57cddbf7fb600014b21bf,阿莹麦茶的店,69afaa55befcbd0001429584,goods_seller,782,42,10,1,493.15,630.6265984654732,5.37084398976982,0.744619,0.892621,46.373329162597656,中,B,0.40069,低,低,中,中,,,正常,4,84.0,101410,79,B6,稳定期,http://sns-img-qn.xhscdn.com/1040g2sg31u79gfnr1me05ova9gt9gui68o2uln0?imageView2/2/w/540/format/jpg/q/75,1,0.7783203125,0.5011692790432634,0.16740671669404852,0.15430783120938976,0.27429460898223385,黑马,398
6971c0ab000000002103cdc0,64d21070884d8e0001428e24,九窝颜食社旗舰店,6787bfdd5e64d800019c4ffa,goods_seller,1292,71,13,2,813.0,629.2569659442725,5.49535603715170,0.739506,0.899283,8.307894706726074,中,B,0.095248,中,中,中,中,,,正常,2,168.0,17348,143,B4,稳定期,http://sns-img-qn.xhscdn.com/spectrum/1040g34o31rkov9qri4104bj365t3inr6s4g8uuo?imageView2/2/w/540/format/jpg/q/75,2,0.9462890625,0.5825747820552669,0.18712164942350104,0.6346669034826754,0.4681211116538145,黑马,399
694396f0000000001e0255d3,6692246b4e206400011771cd,不山旗舰店,67891744e7f8b500015000db,goods_seller,730,31,9,2,458.2,627.6712328767123,4.24657534246575,0.715748,0.882003,36.21866226196289,中,B,0.03932,中,中,高,中,,,正常,2,8.0,57373,178,B6,稳定期,http://sns-img-qn.xhscdn.com/spectrum/1040g0k031q7lhfbsn41048iftijpeo30s3dsodg?imageView2/2/w/540/format/jpg/q/75,1,0.9482421875,0.3889702943919009,0.2926897858295221,0.2723088080754259,0.317989629432283,黑马,400
69d7c15e0000000022001078,6176a13d2137d00001440b99,全食物日记旗舰店,677f3df5627fd900019cab44,goods_seller,605,41,19,1,379.0,626.4462809917355,6.77685950413223,0.765956,0.884781,-1.9715087413787842,中,B,0.307826,中,低,中,中,,,正常,2,20.0,8315,66,B4,稳定期,http://sns-img-qn.xhscdn.com/1040g00831uobei2j2q0g5oah4ijgkbe6h739bfo?imageView2/2/w/540/format/jpg/q/75,2,0.498291015625,0.4156564983792904,0.09906309666533458,0.7595651466039104,0.4247615805495118,黑马,401
69e052100000000023005a8d,64a2a16de916d0000181cd86,兔总的葡萄酒买手店的店,69523f05b1e6660001749101,goods_seller,1332,98,26,1,834.0,626.1261261261261,7.35735735735736,0.703905,0.858734,43.1324577331543,中,B,0.067904,中,中,中,中,,,正常,4,26.0,8030,59,B4,稳定期,http://sns-img-qn.xhscdn.com/spectrum/1040g0k031v0o6pe3is105ovsrf5jq95uhghqja0?imageView2/2/w/540/format/jpg/q/75,2,0.78662109375,0.2162500185012507,0.35401773159865607,0.1830809762739961,0.2511162421246343,黑马,402
68aed57d000000001c03d00d,5e030ab380239d00013a7f11,心雅燕燕窝旗舰店,688dcf9279bc4700012285e5,goods_seller,3485,225,86,1,2181.0,625.8249641319943,6.45624103299857,0.736691,0.873847,50.42146682739258,高,B,0.066236,中,低,中,中,,,正常,2,115.0,16110,291,B3,稳定期,http://sns-img-qn.xhscdn.com/spectrum/1040g34o31lmd4s78ku105ndo12n08rfcq4j4v60?imageView2/2/w/540/format/jpg/q/75,2,0.95703125,0.3175110637479094,0.19797078282491898,0.12331453606263783,0.21293212754515542,黑马,403
6a0993df000000003501dd41,620e11934a9f4d000123b28f,HolidayWine假日酒馆的店,692c0d21b644e40001b9e2ee,goods_seller,1955,120,71,2,1223.0,625.5754475703325,6.13810741687980,0.667918,0.85044,18.6536922454834,中,B,0.098884,中,中,中,中,,,正常,4,11.0,20400,28,B6,稳定期,http://sns-img-qn.xhscdn.com/spectrum/1040g0k032091ac4uli0040l3lhehtd14g45u83g?imageView2/2/w/540/format/jpg/q/75,2,0.9560546875,0.17589509050811836,0.5759439338099256,0.49135621568017995,0.41439841333274136,黑马,404
68a2d99a000000001d0236ab,646f209d80cd88000151e2ce,杨直二的店,673fe609ec68d7000183cbcb,goods_seller,2054,7,22,5,1280.0,623.17429406037,0.34079844206426,0.692023,0.876306,37.98867416381836,中,B,0.075162,中,低,中,中,,,正常,2,350.0,49882,300,B5,稳定期,http://sns-img-qn.xhscdn.com/spectrum/1040g34o31lan8i2pl2105odo6af4164pibkfboo?imageView2/2/w/540/format/jpg/q/75,0,0.345703125,0.33776623299735065,0.41946775602030695,0.25190562882050826,0.3363798726127219,黑马,405
6852004c000000001101dbf9,610bb928ef24650001c28dae,橙路蛋糕TRUEONLY旗舰店,67c6a91aeef18200015fc4a2,goods_seller,689,22,5,1,429.0,622.6415094339623,3.19303338171263,0.701476,0.890503,59.090782165527344,高,B,0.267145,中,中,高,中,,,正常,4,44.0,47147,361,B4,稳定期,http://sns-img-qn.xhscdn.com/notes_pre_post/1040g3k831ir7g42mhaeg4a0ihh7idonvl7s0gf8?imageView2/2/w/540/format/jpg/q/75,1,0.92919921875,0.4770140461495197,0.3670870150822196,0.07046756360729986,0.3048562082796797,黑马,406
6873a926000000002400fa81,62735ef35d85020001e885dd,凡间草木的店,6604daf37d1da00001053f75,goods_seller,1092,91,10,3,679.75,622.481684981685,8.33333333333333,0.713117,0.915238,45.25238037109375,中,B,0.070586,中,低,中,中,,,正常,4,98.0,17707,336,B3,稳定期,http://sns-img-qn.xhscdn.com/notes_pre_post/1040g3k831jskgb5p348g48qttf12q9sfjcup32o?imageView2/2/w/540/format/jpg/q/75,1,0.95947265625,0.8155795331764427,0.3055296538045972,0.16500895460533133,0.4287060471954571,黑马,407
69af8be1000000002602d7ed,62b1706a7d5491000148f841,酒類美術館Wine Gallery的店,669640710b151700016fba87,goods_seller,2314,142,38,6,1436.0,620.5704407951599,6.13656006914434,0.681927,0.833666,13.902393341064453,中,B,0.0,中,中,高,中,,,正常,2,236.0,111197,96,B6,稳定期,http://sns-img-qn.xhscdn.com/notes_pre_post/1040g3k831tg623ni569g5ocbipgk0jccvg389uo?imageView2/2/w/540/format/jpg/q/75,2,0.95947265625,0.1177049568550834,0.48127673430723916,0.5604028832349067,0.3864615247990764,黑马,408
69fff33700000000070213dc,62a1a1e2b25d7e000184eb86,妈妈很忙手工美食的店,69f71d44a5715f000195169f,goods_seller,1396,54,33,9,866.04,620.3724928366762,3.86819484240688,0.658497,0.830093,32.02019500732422,中,B,0.097409,中,中,高,中,,,正常,2,4.0,8228,35,B4,稳定期,http://sns-img-qn.xhscdn.com/spectrum/1040g0k031vvklogd2s005o7h81k08lqjmok0sq8?imageView2/2/w/540/format/jpg/q/75,2,0.88037109375,0.10803250299720261,0.6422968192649823,0.31695602622737296,0.35576178282985255,黑马,409
69a7c2b200000000260328c2,6188ec75dcd9710001815018,老吴与酒的店,67501792ccfbf90001e6677d,goods_seller,629,59,28,1,390.0,620.0317965023847,9.37996820349762,0.720712,0.906223,60.06044387817383,高,B,0.211405,中,低,中,低,,,正常,4,135.0,19779,102,B4,稳定期,http://sns-img-qn.xhscdn.com/1040g2sg31t9e9j8vlaf05oarlnu7vsrqqtt6tm0?imageView2/2/w/540/format/jpg/q/75,1,0.90869140625,0.6749774284741649,0.26841614493139737,0.0668117164720335,0.33673509662586526,黑马,410
68ea3ac1000000000401726a,63870c8280e375000165b9c9,漩涡嘴里的店,675a7518eb35d70001ea4e33,goods_seller,1111,51,15,1,688.0,619.2619261926193,4.59045904590459,0.687948,0.752385,33.82542037963867,中,B,0.032518,中,中,中,中,,,正常,2,445.0,570094,246,B5,稳定期,http://sns-img-qn.xhscdn.com/1040g00831nit72if5i0040kr5gv8c8qjvc2bfr0?imageView2/2/w/540/format/jpg/q/75,2,0.958984375,0.018308837677426994,0.44407441943075354,0.2961014164557524,0.252828224521311,黑马,411
6868f24c000000002001a255,680229e6707fab0015d2c932,此间有茶的店,6868ab9a0bb4080001e8ede8,goods_seller,5715,829,350,36,3533.6700000000005,618.3149606299213,14.50568678915136,0.718472,0.879808,79.45264434814453,高,B,0.305848,中,中,高,中,,,正常,2,2261.0,11241,344,B3,稳定期,http://sns-img-qn.xhscdn.com/spectrum/1040g40g31ji5ldidjq004akr74chm9efl2onl6g?imageView2/2/w/540/format/jpg/q/75,2,0.94384765625,0.36890013764930507,0.27951689534212515,0.014134955522993355,0.22085066283814123,黑马,412
69f83290000000003601a76a,63205b896c7ba8000125a68e,燕鸣春燕窝工厂旗舰店,670f57ccc42e3d0001f4541e,goods_seller,8572,579,300,4,5287.8,616.8688754083062,6.75454969668689,0.68527,0.799065,10.758713722229004,中,B,0.051531,中,低,中,低,,,正常,4,146.0,8509,41,B4,稳定期,http://sns-img-qn.xhscdn.com/110/0/01e9f8329013e9300010000000019df1858b9a_0.jpg?imageView2/2/w/540/format/jpg/q/75,1,0.958984375,0.0525361514438376,0.4600965025235706,0.6053313203972589,0.37265465812155574,黑马,413
68138379000000002001fa72,66f37af3ff158e0015b5340a,如慕令RomanRing旗舰店,6814bc29c883af0001277a57,goods_seller,597,24,6,1,368.0,616.4154103852596,4.02010050251256,0.631607,0.871117,30.868370056152344,中,B,0.155914,中,中,中,中,,,正常,2,470.0,6921,409,B3,稳定期,http://sns-img-qn.xhscdn.com/notes_pre_post/1040g3k031gunrc1ijo005o227c0097scah27338?imageView2/2/w/540/format/jpg/q/75,1,0.9482421875,0.2964492399686219,0.8212039133845448,0.33345914183798825,0.4837040983970516,黑马,414
684ab834000000002202fc94,659bbef7d5a11d0001eca248,公路咖啡HIGHWAYWANG的店,682fff58fde0e20001ea30c1,goods_seller,741,67,37,6,456.69,616.3157894736842,9.04183535762483,0.720391,0.924615,47.335147857666016,中,B,0.599148,低,低,中,中,,,正常,2,330.0,26307,367,B4,稳定期,http://sns-img-qn.xhscdn.com/notes_pre_post/1040g3k031ikl5pnvnm305o6ep3d84k9tak762so?imageView2/2/w/540/format/jpg/q/75,2,0.75244140625,0.9438228024214437,0.2700294539910898,0.14522741737341444,0.4530265579286494,黑马,415
65854fe9000000003403f0b3,60d690dfe84ffd00018f6146,阿尔帝旗舰店,60dfd4adc2d06600012db0c4,goods_seller,640,25,4,2,394.4,616.25,3.90625000000000,0.677687,0.755319,29.394010543823242,中,B,0.045223,中,中,高,中,,,正常,2,14992.0,10746,904,B3,稳定期,http://sns-img-qn.xhscdn.com/1040g2sg317n8d5p2jq705n277le47jjsc7e3dn8?imageView2/2/w/540/format/jpg/q/75,1,0.958984375,0.019581723724523777,0.5093690333466543,0.34828974438672056,0.2924135004859662,黑马,416
69f06cd7000000001a037826,620e11934a9f4d000123b28f,HolidayWine假日酒馆的店,68aae7e8a50cd90001ccf9ce,goods_seller,813,47,18,1,499.0,613.7761377613776,5.78105781057811,0.705871,0.866628,18.6536922454834,中,B,0.064752,中,中,中,中,,,正常,2,11.0,20400,47,B6,稳定期,http://sns-img-qn.xhscdn.com/spectrum/1040g34o31vge86vi480g40l3lhehtd146mspg8o?imageView2/2/w/540/format/jpg/q/75,2,0.94140625,0.26393144176546335,0.3430871926942261,0.49135621568017995,0.3661249500466231,黑马,417
69b8a263000000002800863d,63f8d665744926000154706c,茶农王大鹏的店,69b7a3045e5f0500019e907f,goods_seller,571,24,22,2,350.0,612.9597197898424,4.20315236427320,0.71745,0.911318,66.31233215332031,高,B,0.042193,中,低,中,中,,,正常,2,257.0,26473,89,B4,稳定期,http://sns-img-qn.xhscdn.com/spectrum/1040g0k031tq0229v6i005o577r6gbm38acc4m88?imageView2/2/w/540/format/jpg/q/75,1,0.92822265625,0.7536817488862247,0.2846158400307861,0.039304056954250106,0.35920054862375367,黑马,418
69227dbb000000001d03c502,63e7bb68384ae90001e78245,山野小青滋补的店,68e3da3dc192ac000195ad94,goods_seller,506,94,25,2,309.0,610.6719367588933,18.57707509881423,0.730089,0.862161,14.424476623535156,中,B,0.112231,中,低,中,中,,,正常,4,26.0,17930,203,B4,稳定期,http://sns-img-qn.xhscdn.com/note_pre_post_uhdr/1040g3r831p7c2ra124805omv4di7jvn2u8cekag?imageView2/2/w/540/format/jpg/q/75,2,0.46240234375,0.2356911327205719,0.22551544484407146,0.55292837795835,0.3380449851743312,黑马,419
6a0eeaef0000000038035b2f,645c5f55625b5b0001b3af1d,一斤半酒铺的店,69f1aa03a978450001ec69b8,goods_seller,3955,104,53,5,2415.0,610.6194690265487,2.62958280657396,0.669806,0.845193,3.786285877227783,中,B,0.133585,中,中,高,中,,,正常,2,6.0,8975,24,B4,稳定期,http://sns-img-qn.xhscdn.com/spectrum/1040g0k0320e8aoc65e105ojrqqdocutb41ef0l0?imageView2/2/w/540/format/jpg/q/75,2,0.8095703125,0.15501827923567632,0.5627858443230762,0.6978005713186212,0.4718682316257912,黑马,420
6968d9b1000000000e00deb0,637f253e12def30001a8fffb,颐之宜养生的店,64c8b8cdc9f72f000119e59e,goods_seller,536,40,18,2,326.8,609.7014925373135,7.46268656716418,0.765874,0.829571,8.746932983398438,中,B,0.779076,中,中,中,中,,,正常,2,72.0,5798,150,B6,稳定期,http://sns-img-qn.xhscdn.com/1040g00831rc2n89kno005pcbgb08ijvco582868?imageView2/2/w/540/format/jpg/q/75,2,0.9208984375,0.10679661945147492,0.09938131817710877,0.6296197622959312,0.27859923330817166,黑马,421
6850084d0000000021004052,628b5d55d6b4360001958de1,富临行鱼胶滋补的店,6630d3a65b71d30001f4e641,goods_seller,930,102,55,3,566.0,608.6021505376344,10.96774193548387,0.71059,0.83383,48.04304504394531,中,B,0.086387,中,中,中,中,,,正常,2,107.0,19965,363,B4,稳定期,http://sns-img-qn.xhscdn.com/1040g2sg31ipr87s8hge049tm9gag8p8hbkm9rr0?imageView2/2/w/540/format/jpg/q/75,1,0.939453125,0.11825259387534598,0.31848052928377957,0.13898879564258543,0.19190730626723698,黑马,422
68bab9a3000000001d00a2db,674d8ff05c240b0015350c76,企鹅吃喝酒馆的店,68ad7a8562c1ee00014e85d0,goods_seller,924,41,12,2,560.0,606.060606060606,4.43722943722944,0.686139,0.879541,21.712865829467773,中,B,0.131892,中,中,高,中,,,正常,4,574.0,17546,282,B4,稳定期,http://sns-img-qn.xhscdn.com/notes_pre_post/1040g3k831m20va6i4ud05n9vmftk5g8d6h5tg0o?imageView2/2/w/540/format/jpg/q/75,2,0.9541015625,0.36663558456551665,0.4548939508310762,0.44659799002412565,0.4227091751402395,黑马,423
6a06fa03000000003502ebf8,620e11934a9f4d000123b28f,HolidayWine假日酒馆的店,6692b31873156500012685b8,goods_seller,1089,51,28,3,660.0,606.060606060606,4.68319559228650,0.684972,0.8541,18.6536922454834,中,B,0.097468,中,中,中,中,,,正常,4,4.0,20400,30,B6,稳定期,http://sns-img-qn.xhscdn.com/spectrum/1040g0k03206fmsoflg0040l3lhehtd141685q70?imageView2/2/w/540/format/jpg/q/75,2,0.6162109375,0.19237600461791218,0.4619762295931205,0.49135621568017995,0.3819028166304042,黑马,424
69dc56f4000000001a0332d3,639021605836e000014cdb94,味道客家的店,67ac52e329b9f70001b0d6aa,goods_seller,1429,141,58,2,865.3,605.5283414975507,9.86703988803359,0.708706,0.883737,40.3291130065918,中,B,0.058042,中,低,高,中,,,正常,2,48.0,4705,62,B3,稳定期,http://sns-img-qn.xhscdn.com/ark_notes/104104eo31usrpju42a0674101o3pkho004dc6agv2ut6a?imageView2/2/w/540/format/jpg/q/75,1,0.3232421875,0.4052883974956707,0.3280419756375531,0.22088273167266106,0.3180710349352949,黑马,425
664c8e150000000014019cc6,62a1a1e2b25d7e000184eb86,妈妈很忙手工美食的店,645a38c9301a420001b2fe37,goods_seller,5069,177,173,19,3061.25,603.9159597553759,3.49181298086408,0.662317,0.852948,32.02019500732422,中,B,0.058276,中,中,中,中,,,正常,2,1574.0,8228,753,B4,稳定期,http://sns-img-qn.xhscdn.com/1040g2sg3132eiqo712705o7h81k08lqjmscli0o?imageView2/2/w/540/format/jpg/q/75,1,0.9375,0.18744727143554904,0.6155070082737593,0.31695602622737296,0.3733034353122271,黑马,426
68eb603200000000070358ab,61ef6b951ff2ce00010ad570,格格丨茶一代的店,677a4c5dfb112c0001b0e66e,goods_seller,543,57,28,2,327.87,603.8121546961326,10.49723756906077,0.726306,0.811158,57.52664566040039,高,B,0.049724,中,中,中,中,,,正常,4,349.0,90556,245,B5,稳定期,http://sns-img-qn.xhscdn.com/spectrum/1040g0k031nhhgq1c4u005ob1cv00k6oc3d83rb8?imageView2/2/w/540/format/jpg/q/75,1,0.95947265625,0.06929828456403653,0.24226277696372275,0.07837129789973803,0.12997745314249912,黑马,427
687070bf000000002400acd0,635b9f9ae0d2240001ffa35f,上英山旗舰店,68414b3fb68cf800019d05e8,goods_seller,1651,83,45,2,991.0,600.2422774076317,5.02725620835857,0.668549,0.866795,41.3848762512207,中,B,0.097062,中,中,中,中,,,正常,4,201.0,31035,338,B4,稳定期,http://sns-img-qn.xhscdn.com/1040g00831jpg083g2o005nigmisg87ie7qt8p6o?imageView2/2/w/540/format/jpg/q/75,2,0.9326171875,0.2650711188076314,0.5715184346461821,0.20902713023400382,0.3485388945626058,黑马,428
6a1ed5dc000000002103e933,66bb6c1cc83d5c00164aaf34,制茶人王伟的店,6a1eca0e421f8e00015839d8,goods_seller,2168,138,89,5,1297.49,598.4732472324723,6.36531365313653,0.729573,0.890831,40.19339370727539,中,B,0.301643,中,中,中,中,,,正常,4,8.0,13404,11,B3,稳定期,http://sns-img-qn.xhscdn.com/spectrum/1040g0k0320tpo4k874005pdggk0kt3lfd6o4f2o?imageView2/2/w/540/format/jpg/q/75,2,0.9580078125,0.480551485280405,0.22780219942868138,0.22218521972085312,0.31017963480997984,黑马,429
69246f29000000001e027c72,67f22842f61fa90015880db7,咖啡会有的（烘支豆子）的店,691d811396bec90001b5ffc8,goods_seller,996,78,85,3,595.36,597.7510040160643,7.83132530120482,0.758833,0.900716,90.01233673095703,高,B,0.075744,中,中,中,中,,,正常,4,434.0,7468,202,B3,稳定期,http://sns-img-qn.xhscdn.com/1040g2sg31p92e8fliglg5o4m1up0bs630c4e9u0?imageView2/2/w/540/format/jpg/q/75,2,0.86865234375,0.6005801992214673,0.11980669893284786,0.0030712076136346815,0.24115270192264995,黑马,430
69e8da4d000000001b0230e2,6819bfede8bbe300157ad48a,澜生记悠悠的店,68ee47493f37a900016ce7f9,goods_seller,6395,1113,254,7,3819.5,597.2634870992963,17.40422204847537,0.722921,0.913117,47.333160400390625,中,B,0.124885,中,中,高,中,,,正常,2,137.0,7817,53,B4,稳定期,http://sns-img-qn.xhscdn.com/note_pre_post_uhdr/1040g3r031v92op5d3q005pqabvu7dopo02utojg?imageView2/2/w/540/format/jpg/q/75,1,0.471435546875,0.7819812619333066,0.25781122803901546,0.14701833843967851,0.3956036094706669,黑马,431
6805e471000000001c00743b,63c51f6d09e8950001c54472,嗨小瓶咖啡旗舰店,6548de0814ec5d0001c6953e,goods_seller,643,19,5,1,384.0,597.2006220839813,2.95489891135303,0.689641,0.874593,4.379629135131836,中,B,0.06323,中,中,高,中,,,正常,2,106.0,7399,419,B3,稳定期,http://sns-img-qn.xhscdn.com/notes_pre_post/1040g3k831ghe2c3ejs3g5o6thc6g8hlo7bmefqo?imageView2/2/w/540/format/jpg/q/75,1,0.95703125,0.3238384914820242,0.43393573405562214,0.6880097094563592,0.4819279783313351,黑马,432
694bac91000000001e007b69,643eb29aa3c2d90001dcbbf2,小行家经源本草的店,645a0196947a220001b6f5f3,goods_seller,710,57,29,2,424.0,597.1830985915493,8.02816901408451,0.769312,0.896694,38.81421661376953,中,B,0.093716,中,中,中,中,,,正常,2,155.0,9682,172,B3,稳定期,http://sns-img-qn.xhscdn.com/1040g00831qfisojgn2005p187fcki4huace6qq0?imageView2/2/w/540/format/jpg/q/75,2,0.921875,0.5510412503885262,0.09010109083374036,0.23954679336323134,0.29356304486183266,黑马,433
69cff9af000000002202bf33,659d244a60b4ac00010229ee,杯中兽小酒铺的店,67296ebb181935000111c1fd,goods_seller,531,42,7,1,317.0,596.9868173258004,7.90960451977401,0.664977,0.83154,36.45841598510742,中,B,0.093019,中,中,中,中,,,正常,2,21.0,2610,70,B4,稳定期,http://sns-img-qn.xhscdn.com/notes_pre_post/1040g3k031ugpbvtsig2g5n6qr6qkniiv72k4ahg?imageView2/2/w/540/format/jpg/q/75,2,0.46533203125,0.11202137264479078,0.5964877225700458,0.26968903097849417,0.32606604206444356,黑马,434
69ec872200000000220280fd,62a1a1e2b25d7e000184eb86,妈妈很忙手工美食的店,645a38c9301a420001b2fe37,goods_seller,1925,52,63,7,1149.0,596.8831168831168,2.70129870129870,0.627216,0.808137,14.73381519317627,中,B,0.110848,中,中,高,中,,,正常,2,13.0,35134,49,B4,稳定期,http://sns-img-qn.xhscdn.com/spectrum/1040g0k031vclmmtj1u705o0l7fog8d2md9qj1og?imageView2/2/w/540/format/jpg/q/75,1,0.57470703125,0.06452496188742358,0.8433980137057265,0.546970975237926,0.48496465027702546,黑马,435
69f2fc9d0000000022026285,6350c072814e2d00019e44f0,侍酒猫SommCat的店,68b155abf38f970001d5da98,goods_seller,1300,83,31,4,774.0,595.3846153846154,6.38461538461538,0.703573,0.697183,36.92054748535156,中,B,0.09801,中,中,高,中,,,正常,4,50.0,30282,45,B6,稳定期,http://sns-img-qn.xhscdn.com/notes_pre_post/1040g3k031vivak0k3q1g5o9s23pgk9ekjfgoh88?imageView2/2/w/540/format/jpg/q/75,2,0.96044921875,0.006120213726447908,0.3558308541657416,0.2643014667791543,0.20875084489044793,黑马,436
6815ac4c000000002100b113,663aeb9ec7b2730001538b41,老茶树梅家坞的店,679c52ea068b240001830538,goods_seller,3327,187,77,2,1980.0,595.1307484220018,5.62067929065224,0.722108,0.908098,70.25778198242188,高,B,0.118889,低,低,中,低,,,正常,2,421.0,6956,407,B3,稳定期,http://sns-img-qn.xhscdn.com/notes_pre_post/1040g3k031mo2miri5i505npnl4u08nlgn3amh98?imageView2/2/w/540/format/jpg/q/75,2,0.53076171875,0.7034471530275447,0.26165208768112724,0.028691739561594362,0.33126366009008873,黑马,437
69e59a580000000022002f0d,66dfe52e1908ad0016f284d0,爱吃牛胸口的小当家的店,68405a353aaa1e000193cc6c,goods_seller,4152,386,518,26,2470.0499999999997,594.9060693641617,9.29672447013487,0.684623,0.868581,44.05628204345703,中,B,0.418859,低,低,中,中,,,正常,4,359.0,12824,55,B5,稳定期,http://sns-img-qn.xhscdn.com/notes_pre_post/1040g3k831v7t120j2i705pmr1v27cfg56ra7bd0?imageView2/2/w/540/format/jpg/q/75,0,0.541015625,0.2775261607684679,0.4643147876796471,0.17408936844130662,0.3053101056298072,黑马,438
6a040b320000000035030e67,66a1b6b8a6d8460016697971,食葡专卖店,6932510514f9d800013de7ca,goods_seller,1966,69,14,3,1169.0,594.6083418107834,3.50966429298067,0.672429,0.831526,25.319459915161133,中,B,0.079423,中,中,高,中,,,正常,2,25.0,8452,30,B4,稳定期,http://sns-img-qn.xhscdn.com/notes_pre_post/1040g3k03203gip2948205oaai3mnuifklu2gkq0?imageView2/2/w/540/format/jpg/q/75,2,0.93505859375,0.11197696964314788,0.5451282506697452,0.4028610334058582,0.3533220845729171,黑马,439
69edbce0000000003601e3c7,620e11934a9f4d000123b28f,HolidayWine假日酒馆的店,69198bf243699b0001cd20dc,goods_seller,1564,52,33,5,929.0,593.9897698209719,3.32480818414322,0.667844,0.799839,18.6536922454834,中,B,0.064633,中,中,高,中,,,正常,4,16.0,20400,49,B6,稳定期,http://sns-img-qn.xhscdn.com/notes_pre_post/1040g3k031vcqhsk7iq4040l3lhehtd140m5cia8?imageView2/2/w/540/format/jpg/q/75,2,0.95361328125,0.05340941047614819,0.5765063718307357,0.49135621568017995,0.3737573326623546,黑马,440
6a0c73d8000000003600170a,669618e5db6f410001b46000,JoshyWine的店,69369ec251b8c00001f8e757,goods_seller,2557,224,95,1,1518.0,593.6644505279625,8.76026593664451,0.671323,0.873278,19.824716567993164,中,B,0.107366,中,中,中,中,,,正常,4,9.0,2081,26,B4,稳定期,http://sns-img-qn.xhscdn.com/spectrum/1040g34o320br7q2mli105pj7tvi1oikfftasc6g?imageView2/2/w/540/format/jpg/q/75,2,0.79736328125,0.31294495507896336,0.5523807409380874,0.4756449535988633,0.44699021653863796,黑马,441
69d89af4000000001b003952,65e57cddbf7fb600014b21bf,阿莹麦茶的店,68f0d7f34daabe0001d3e5fe,goods_seller,1242,75,23,7,736.67,593.1320450885669,6.03864734299517,0.662444,0.885015,46.373329162597656,中,B,0.077957,中,低,中,中,,,正常,4,14.0,101410,65,B6,稳定期,http://sns-img-qn.xhscdn.com/notes_pre_post/1040g3k831up72g1v1m705ova9gt9gui6p8carmg?imageView2/2/w/540/format/jpg/q/75,0,0.91259765625,0.41822447197430546,0.6145893462398058,0.15430783120938976,0.3957072164745003,黑马,442
69e7678a00000000210107a1,62bab1650d601800010dcbef,颐之的店,6741c6c65f84e2000194c7f3,goods_seller,1571,91,48,2,931.2,592.7434754933164,5.79248886059835,0.740211,0.884066,37.08076095581055,中,B,0.094755,中,中,中,中,,,正常,4,79.0,12814,54,B6,稳定期,http://sns-img-qn.xhscdn.com/1040g2sg31v7ldgll2qs05o9obb40j9i3p5rg510?imageView2/2/w/540/format/jpg/q/75,1,0.038238525390625,0.4083596051093054,0.18429465831890235,0.26285836922575967,0.2851708775513225,黑马,443
6a02f143000000000702c5c4,626a32bf4e9c1500018ee4dc,啃老师带你喝的店,6a17f0c5df36740001b283c1,goods_seller,2076,181,45,1,1230.0,592.485549132948,8.71868978805395,0.755479,0.881695,18.058774948120117,中,B,0.140777,低,低,中,中,,,正常,4,18.0,11784,33,B3,稳定期,http://sns-img-qn.xhscdn.com/notes_pre_post/1040g3k03202gj2vq2i005n80el04ftn7jhqutf8?imageView2/2/w/540/format/jpg/q/75,2,0.95703125,0.3862025072894928,0.13030800882139632,0.5001110075041073,0.3388738412049988,黑马,444
6932c035000000001e0165e8,65e57cddbf7fb600014b21bf,阿莹麦茶的店,672cc4b94a9865000160fbd3,goods_seller,1135,89,59,4,670.3199999999999,590.590308370044,7.84140969162996,0.71625,0.895729,46.373329162597656,中,B,0.063554,中,低,中,中,,,正常,2,131.0,101410,191,B6,稳定期,http://sns-img-qn.xhscdn.com/1040g00831pmm4sph500g5ova9gt9gui6ml72s8o?imageView2/2/w/540/format/jpg/q/75,1,0.038330078125,0.5389562334413807,0.29035122774299543,0.15430783120938976,0.32787176413125524,黑马,445
69fe73b1000000003502c676,63e7bb68384ae90001e78245,山野小青滋补的店,69de2ada4dd26e00013c7ffa,goods_seller,507,29,7,1,299.0,589.7435897435897,5.71992110453649,0.787438,0.869225,14.424476623535156,中,B,0.165402,中,低,中,中,,,正常,4,105.0,17930,36,B4,稳定期,http://sns-img-qn.xhscdn.com/notes_pre_post/1040g3k831vtmprma489g5omv4di7jvn2lqd2st8?imageView2/2/w/540/format/jpg/q/75,2,0.1134033203125,0.2822994834450809,0.05152968340659829,0.55292837795835,0.2955858482700097,黑马,446
69f85d10000000003601f501,6808b8963e8d02001547a8c6,漫仔说茶（满杯笑茶业）的店,690ed90b2ffb610001e54915,goods_seller,1006,72,18,1,593.0,589.4632206759443,7.15705765407555,0.738308,0.860085,50.19681930541992,高,B,0.064044,中,低,中,中,,,正常,2,35.0,59982,41,B3,稳定期,http://sns-img-qn.xhscdn.com/spectrum/1040g0k031vo7i94akc0g5pne3penecorjc65n78?imageView2/2/w/540/format/jpg/q/75,2,0.8671875,0.22370972277725976,0.19176176309518522,0.12395097908618623,0.17980748831954374,黑马,447
67b3132c0000000029027ee8,654879599758730001d1f98d,奔燕的滋补小铺的店,67af1303eef1820001f72118,goods_seller,564,29,7,1,331.45,587.677304964539,5.14184397163121,0.78851,0.903487,10.509564399719238,中,B,0.059725,中,中,低,低,,,正常,2,70.0,37985,482,B4,稳定期,http://sns-img-qn.xhscdn.com/1040g00831e0ian8016005nijctjg8v4au6e7mvg?imageView2/2/w/540/format/jpg/q/75,2,0.08782958984375,0.6370276630700236,0.049664757337596024,0.6092239835412874,0.43197213464963563,黑马,448
68a1a1cf000000001d014d6c,61a647b6f6b1260001e4e461,胖哥烘焙的店,67dfd2c9b23017000101f8e7,goods_seller,2603,192,63,14,1529.0,587.39915482136,7.37610449481368,0.723516,0.844095,57.45831298828125,高,B,0.095535,中,低,中,中,,,正常,4,78.0,9266,301,B3,稳定期,http://sns-img-qn.xhscdn.com/notes_pre_post/1040g3k031l9h5j23520g5nk02fr081g1h6dulao?imageView2/2/w/540/format/jpg/q/75,0,0.95947265625,0.15098500658644523,0.25500643843523824,0.07932596243506061,0.16177246915224805,黑马,449
68ecf3a400000000040216bc,63b68ed857d3c2000141ab58,滋理养的店,67a0e44ae437e40001cd561e,goods_seller,504,94,22,2,296.0,587.3015873015873,18.65079365079365,0.716022,0.90345,53.162841796875,高,B,0.179889,中,低,中,中,,,正常,4,8.0,9194,244,B2,成长期,http://sns-img-qn.xhscdn.com/notes_pre_post/1040g3k831nj2kss06m7049vtcnqa8688v0dbb5g?imageView2/2/w/540/format/jpg/q/75,1,0.955078125,0.6364356230481181,0.29145390228379436,0.11000103607003833,0.3459635204673169,黑马,450
6a267cc40000000006023534,6354efe5814e2d00019e615e,啤酒事务局 BeerMatters的店,6a01453358e1b10001676db8,goods_seller,4356,298,142,27,2557.7799999999997,587.1854912764003,6.84113865932048,0.731891,0.913285,66.181396484375,高,B,0.057044,中,中,高,中,,,正常,4,105.0,12570,6,B3,稳定期,http://sns-img-qn.xhscdn.com/notes_pre_post/1040g3k032158n9o2ne005ntpok108nksnl3abp8?imageView2/2/w/540/format/jpg/q/75,2,0.93359375,0.7847268475348934,0.21764131255272856,0.04006630848245341,0.34747815619002514,黑马,451
6a06ef70000000003803728e,6304ac4add5384000178a058,小师姐评茶的店,6a072118c897f700011990f9,goods_seller,7148,362,239,4,4195.0,586.8774482372692,5.06435366536094,0.751713,0.866161,50.74624252319336,高,B,0.228858,低,低,中,中,,,正常,2,56.0,115361,30,B6,稳定期,http://sns-img-qn.xhscdn.com/spectrum/1040g0k03206en25h5c0045pvh6922qvb2ptas4o?imageView2/2/w/540/format/jpg/q/75,2,0.9482421875,0.2609638411556621,0.1430146677915427,0.12094637597501591,0.17497496164074025,黑马,452
68eafd78000000000401595e,671b52bd463e7a0015f45e52,盈盈边境东北特产的店,6722cc1953432500018676fb,goods_seller,587,49,25,2,344.25,586.4565587734241,8.34752981260647,0.769159,0.918432,34.17477035522461,中,B,0.07519,中,低,中,低,,,正常,4,21.0,7506,245,B3,稳定期,http://sns-img-qn.xhscdn.com/1040g2sg31nh5la0658e05oh4k8ngk81jb1rmdqg?imageView2/2/w/540/format/jpg/q/75,1,0.8251953125,0.8650222755058242,0.09053031984962183,0.29212734780871186,0.4158933143880526,黑马,453
6a0c6b01000000003600251f,669618e5db6f410001b46000,JoshyWine的店,69846de5a5576f00011966f2,goods_seller,1192,114,41,1,699.0,586.4093959731543,9.56375838926174,0.702456,0.853728,19.824716567993164,中,B,0.091718,中,中,中,中,,,正常,4,1.0,2081,26,B4,稳定期,http://sns-img-qn.xhscdn.com/spectrum/1040g34o320bpbq9b5e105pj7tvi1oikfaj5eg58?imageView2/2/w/540/format/jpg/q/75,2,0.9091796875,0.19065908855438626,0.3618548613886299,0.4756449535988633,0.3427196345139598,黑马,454
68c9397d000000001003cc8b,667ba913e87bc4000181b25d,茗庐老刘的店,68a6e09a2eb6de00017fd76a,goods_seller,955,118,78,1,560.0,586.3874345549738,12.35602094240838,0.79512,0.888931,99.31361389160156,高,B,0.133027,中,低,中,低,,,正常,2,593.0,7523,271,B3,稳定期,http://sns-img-qn.xhscdn.com/1040g2sg31mg6ctjulml05o7at1009f9778m0sp0?imageView2/2/w/540/format/jpg/q/75,2,0.6728515625,0.45979308201234403,0.039503870461643206,0.00042182851560765506,0.16657292699653165,黑马,455
69fc3cde000000001f007099,645a010a275ad100017c97ac,艾老板爱微醺的店,678a4c5c29b9f70001cb504b,goods_seller,1343,107,22,1,786.73,585.8004467609828,7.96723752792256,0.712191,0.742752,32.44458770751953,中,B,0.054111,中,中,高,中,,,正常,4,16.0,16437,38,B4,稳定期,http://sns-img-qn.xhscdn.com/spectrum/1040g0k031vs0j1nhl6005oqg5p6m5cri4r8tm80?imageView2/2/w/540/format/jpg/q/75,2,0.95947265625,0.015067418557494487,0.3102437724790196,0.31461746814084635,0.21330955305912014,黑马,456
699e6a8e000000001503834f,6527bd0036cf560001461716,熬麦芽糖的菜菜羊的店,6760f5ecfaaaf30001892e13,goods_seller,988,54,31,12,577.64,584.6558704453441,5.46558704453441,0.797885,0.904288,39.8465690612793,中,B,0.066007,中,中,中,中,,,正常,2,185.0,14479,109,B4,稳定期,http://sns-img-qn.xhscdn.com/notes_pre_post/1040g3k031t0clns768005nc0qv6g93n6ktbvfpg?imageView2/2/w/540/format/jpg/q/75,2,0.95947265625,0.647691783964596,0.03613664283705578,0.22413895179314122,0.302655792864931,黑马,457
6a1f8a86000000003502f589,63e7bb68384ae90001e78245,山野小青滋补的店,69de2ada4dd26e00013c7ffa,goods_seller,650,57,11,2,380.0,584.6153846153846,8.76923076923077,0.712584,0.86088,14.424476623535156,中,B,0.111899,中,中,中,中,,,正常,4,103.0,17930,11,B4,稳定期,http://sns-img-qn.xhscdn.com/note_pre_post_uhdr/1040g3r8320uf8j9p6u305omv4di7jvn25isftog?imageView2/2/w/540/format/jpg/q/75,1,0.77880859375,0.22813522194100322,0.30829744090700534,0.55292837795835,0.36312034693545286,黑马,458
6888ccaa000000002303050c,6368e1aef197bd00017a35bf,王教💪瘦子增重的店,66b830e710abf700016d968f,goods_seller,2270,311,44,3,1324.0,583.2599118942732,13.70044052863436,0.820005,0.885048,18.460002899169922,中,B,0.091405,中,低,中,低,,,正常,2,272.0,42353,320,B3,稳定期,http://sns-img-qn.xhscdn.com/notes_pre_post/1040g3k031kh918ks32005o0acv9g9egfed1qtl8?imageView2/2/w/540/format/jpg/q/75,2,0.042083740234375,0.418609297988544,0.01440877403312464,0.49525627932448235,0.30942478378205035,黑马,459
69c90c570000000021004bd9,67ee36f24c9b210015ebd032,饮真堂茶生活的店,69c79724c6fcf5000157bc25,goods_seller,2136,189,165,2,1245.52,583.1086142322098,8.84831460674157,0.720181,0.927809,83.97535705566406,高,B,0.06683,中,低,中,中,,,正常,2,114.0,15832,77,B3,稳定期,http://sns-img-qn.xhscdn.com/spectrum/1040g34o31ua0ugk02s105nh70h4085rli3kdrbo?imageView2/2/w/540/format/jpg/q/75,1,0.9404296875,0.9692583218625579,0.2710729245296982,0.0076817192842236134,0.4160043218921599,黑马,460
6a1d7fb30000000035030841,63e7bb68384ae90001e78245,山野小青滋补的店,68e3da3dc192ac000195ad94,goods_seller,541,35,13,2,315.0,582.2550831792976,6.46950092421442,0.774529,0.88069,14.424476623535156,中,B,0.049014,中,低,高,中,,,正常,4,20.0,17930,13,B4,稳定期,http://sns-img-qn.xhscdn.com/notes_pre_post/1040g3k0320s2u4im6u6g5omv4di7jvn26hua4r8?imageView2/2/w/540/format/jpg/q/75,2,0.9384765625,0.3764486479286,0.07731302636058197,0.55292837795835,0.3355633507491773,黑马,461
690d64f700000000070174c9,629efccfb276e90001fc3eef,巧盒ChocBar的店,6329d73e1cea92000129dc13,goods_seller,3335,512,218,16,1940.56,581.8770614692654,15.35232383808096,0.671842,0.848675,32.23711395263672,中,B,0.668487,中,中,高,中,,,正常,4,1291.0,13123,219,B4,稳定期,http://sns-img-qn.xhscdn.com/spectrum/1040g34o31oioa19u4q105oj7a1ik1s1klema3s8?imageView2/2/w/540/format/jpg/q/75,1,0.95947265625,0.16874620724360967,0.5490283143140476,0.31583115018575253,0.34453522391446995,黑马,462
6a23d3e5000000000802673c,659d244a60b4ac00010229ee,杯中兽小酒铺的店,6a11dab02d684c00016efbcd,goods_seller,1317,87,46,3,765.02,580.8807896735004,6.60592255125285,0.713407,0.758039,36.45841598510742,中,B,0.109113,中,中,高,中,,,正常,4,67.0,2610,8,B4,稳定期,http://sns-img-qn.xhscdn.com/note_pre_post_uhdr/1040g3r83212lq4md7am05n6qr6qkniivd1v6538?imageView2/2/w/540/format/jpg/q/75,2,0.703125,0.02076580376833474,0.3039755487470953,0.26968903097849417,0.1981434611646414,黑马,463
6a0447fd0000000035024bbc,649bfca2f608270001fb540c,Caillie凯莉的小酒馆的店,69a6be5bdd2f4400014984b6,goods_seller,1064,88,72,1,618.0,580.827067669173,8.27067669172932,0.687442,0.871415,40.1740608215332,中,B,0.102766,中,低,中,中,,,正常,4,11.0,16163,32,B4,稳定期,http://sns-img-qn.xhscdn.com/spectrum/1040g0k03203rtgm8hm005o92fdb0bq7p8hiskh0?imageView2/2/w/540/format/jpg/q/75,2,0.055419921875,0.2985879845477554,0.4471382265441144,0.22232582922605568,0.3226840134393085,黑马,464
690f12830000000004005943,610bb928ef24650001c28dae,橙路蛋糕TRUEONLY旗舰店,685be26f48753b0001e7ef5f,goods_seller,722,31,10,1,419.0,580.3324099722992,4.29362880886427,0.638524,0.888071,59.090782165527344,高,B,0.186599,中,中,中,中,,,正常,2,65.0,47147,218,B4,稳定期,http://sns-img-qn.xhscdn.com/spectrum/1040g34o31okd4ldd4qfg4a0ihh7idonvlk7g30g?imageView2/2/w/540/format/jpg/q/75,1,0.90380859375,0.45048325266788036,0.7802125423678641,0.07046756360729986,0.4337211195476814,黑马,465
6a0bb7580000000035020207,668e50fff2345a0001df1305,Duck bull bee的店,695fcc3d81edf70001b570c3,goods_seller,1036,108,18,8,601.0,580.1158301158301,10.42471042471042,0.683745,0.915405,48.26295471191406,中,B,0.098496,中,低,高,中,,,正常,4,5.0,1446,26,B3,稳定期,http://sns-img-qn.xhscdn.com/notes_pre_post/1040g3k0320b43ogh5c005neamu0089aqp5f6g2o?imageView2/2/w/540/format/jpg/q/75,1,0.6416015625,0.8183695217796723,0.46965054837707026,0.1378935216020603,0.4753045305862676,黑马,466
644764ca000000000800c1d5,63e7bb68384ae90001e78245,山野小青滋补的店,65dd4af82152b000012a5436,goods_seller,1799,173,92,4,1043.6200000000001,580.1111728738189,9.61645358532518,0.792297,0.891707,14.424476623535156,中,B,0.093506,中,中,中,中,,,正常,2,8960.0,17930,1146,B4,稳定期,http://sns-img-qn.xhscdn.com/1000g0082d5l64kuh80005omv4di7jvn2e9363l8?imageView2/2/w/540/format/jpg/q/75,2,0.93408203125,0.49054956115033377,0.0436999541168983,0.55292837795835,0.362392631075194,黑马,467
6a17d550000000003502bbb1,64c0c493421de40001754bce,小妖儿酒馆的店,69e7650e3aa96f0001bcb6b5,goods_seller,1378,119,15,1,799.0,579.8258345428156,8.63570391872279,0.727053,0.912847,58.30400085449219,高,B,0.264305,低,低,中,中,,,正常,4,8.0,2490,17,B3,稳定期,http://sns-img-qn.xhscdn.com/notes_pre_post/1040g3k8320mubf8j5ka04b08agql8qlkkggq2l0?imageView2/2/w/540/format/jpg/q/75,2,0.32568359375,0.7776667702736705,0.2387697408344804,0.07485606026967423,0.363764190459275,黑马,468
688b70fd000000002302e861,6588ecad697ecd00013af72e,deeper deeper的店,687f564f9e83740001cd7b8e,goods_seller,801,93,97,4,464.0,579.2759051186017,11.61048689138577,0.63603,0.842427,99.38835144042969,高,B,0.422218,低,低,中,中,,,正常,4,510.0,5879,318,B2,成长期,http://sns-img-qn.xhscdn.com/1040g2sg31kjri6l8j0705n5vlg4kjbtqphujp38?imageView2/2/w/540/format/jpg/q/75,2,0.9580078125,0.14514601187040244,0.7953391649275491,0.000362624513417107,0.3136159337704562,黑马,469
6a1c10d9000000000803f354,669618e5db6f410001b46000,JoshyWine的店,67e53974502017000174fc9c,goods_seller,690,90,67,1,398.0,576.8115942028985,13.04347826086957,0.717867,0.89716,19.824716567993164,中,B,0.090266,中,低,中,中,,,正常,4,1.0,2081,14,B4,稳定期,http://sns-img-qn.xhscdn.com/spectrum/1040g0k0320r31b1llc1g5pj7tvi1oikfg0bgvbg?imageView2/2/w/540/format/jpg/q/75,1,0.94482421875,0.5567248345988188,0.28252889895356925,0.4756449535988633,0.43829956238375045,黑马,470
68c6a158000000001d016e20,6203969a3451ea000139ecce,小影的店,65b75621f8a5d50001508e7b,goods_seller,506,62,102,4,291.6,576.2845849802371,12.25296442687747,0.656598,0.905843,52.30426025390625,高,B,0.074008,中,中,高,中,,,正常,4,105.0,80368,273,B3,稳定期,http://sns-img-qn.xhscdn.com/1040g2sg31mdl9evn52e049pk14sujq83tui2uto?imageView2/2/w/540/format/jpg/q/75,1,0.94482421875,0.669545461273182,0.6555733167562127,0.1131092461850421,0.47940934140481223,黑马,471
69edc02a000000003501fd34,64426227f59230000155ca11,疆进酒少庄主精选葡萄酒的店,69e71bf1454551000119d995,goods_seller,589,18,11,1,339.0,575.5517826825127,3.05602716468591,0.715374,0.830695,5.713983058929443,中,B,0.089909,中,中,中,中,,,正常,4,11.0,5716,49,B4,稳定期,http://sns-img-qn.xhscdn.com/1040g2sg31vdjreuk48h05o0ejrg08vqfba6cjtg?imageView2/2/w/540/format/jpg/q/75,1,0.94970703125,0.1095496055533354,0.29443630389414327,0.670892352323017,0.3582927539234986,黑马,472
69f9a1c700000000380378d3,65798517e8c3210001a4e77b,合为养旗舰店,68034b8996df400001342d06,goods_seller,1629,72,64,4,934.66,573.7630448127686,4.41988950276243,0.695721,0.795855,-8.752756118774414,中,B,0.178904,中,中,中,中,,,正常,2,100.0,154383,40,B6,稳定期,http://sns-img-qn.xhscdn.com/spectrum/1040g0k031vpf4n6948005o8v0980amn5nmoo6d8?imageView2/2/w/540/format/jpg/q/75,1,0.958984375,0.048747095303642525,0.3991385817681275,0.8195165993221142,0.42246742546462807,黑马,473
684fe486000000002202c02c,65e57cddbf7fb600014b21bf,阿莹麦茶的店,660d4d04df3ddc0001487dc9,goods_seller,1180,85,39,5,676.28,573.1186440677966,7.20338983050847,0.756366,0.905413,46.373329162597656,中,B,0.056014,中,低,中,中,,,正常,2,312.0,101410,363,B6,稳定期,http://sns-img-qn.xhscdn.com/1040g00831iohmu0a0s005ova9gt9gui6minu11g?imageView2/2/w/540/format/jpg/q/75,2,0.2421875,0.6633882450453651,0.12746621671625002,0.15430783120938976,0.3150540976570016,黑马,474
69cf90a7000000001d01dbfd,6401ef31338c4600010b463a,家乡古月的店,6951e5f06fadb700018c38cc,goods_seller,2410,69,125,20,1381.2,573.1120331950208,2.86307053941909,0.788425,0.894329,33.469329833984375,中,B,0.112521,中,低,中,低,,,正常,4,131.0,65029,72,B4,稳定期,http://sns-img-qn.xhscdn.com/1040g2sg31ugcji5s1m705nn8s3ag8u8i2b3a24g?imageView2/2/w/540/format/jpg/q/75,1,0.056640625,0.521898080310229,0.04988677234581058,0.3006897266255199,0.29082485976051986,黑马,475
688b294100000000250104a5,66ab6327da8300001537fc0c,offday光合日常的店,6858a5919028340001b47a2e,goods_seller,2807,514,166,12,1606.58,572.3477021731386,18.31136444602779,0.664273,0.909955,72.2783203125,高,B,0.060023,中,中,高,中,,,正常,4,221.0,10547,318,B3,稳定期,http://sns-img-qn.xhscdn.com/notes_pre_post/1040g3k031kjis8lh3q2g4a3574lvle3bmq8bpu0?imageView2/2/w/540/format/jpg/q/75,0,0.95068359375,0.7320796885869485,0.6015126622559686,0.023511389369921407,0.4523679134042795,黑马,476
6884b5920000000010024afb,62a1b89e43b3640001f2bd03,BRUTO WINES的店,6698e636d50cd40001d74c77,goods_seller,2157,93,43,3,1234.3,572.2299490032452,4.31154381084840,0.641348,0.780856,49.392662048339844,高,B,0.285608,中,中,中,中,,,正常,2,1725.0,15122,323,B3,稳定期,http://sns-img-qn.xhscdn.com/1040g00831kd8smnu2a0048lqr8p26vhm1jtm0o8?imageView2/2/w/540/format/jpg/q/75,1,0.89990234375,0.034663943282565904,0.7622293267024851,0.1303820138241345,0.30909176126972854,黑马,477
6a124c150000000037035d22,64d21070884d8e0001428e24,九窝颜食社旗舰店,69b3cc421b6b3f0001d33d07,goods_seller,9952,282,277,10,5693.97,572.1432877813505,2.83360128617363,0.734083,0.891284,47.43517303466797,中,B,0.144812,中,中,中,中,,,正常,2,98.0,37029,21,B4,稳定期,http://sns-img-qn.xhscdn.com/1040g008320hhu7g3me005nglrri08igqs83kbo0?imageView2/2/w/540/format/jpg/q/75,2,0.95703125,0.48538401195920844,0.2085460977162056,0.14470938235424716,0.2795464973432204,黑马,478
6a23b991000000001702b850,662787ab3bf50b00017d02de,小鑫滋补的店,69464ed5d96c450001588eb5,goods_seller,549,33,5,1,314.0,571.9489981785064,6.01092896174863,0.758669,0.830491,-32.99369812011719,中,B,0.100833,中,低,中,中,,,正常,2,14.0,11929,8,B3,稳定期,http://sns-img-qn.xhscdn.com/notes_uhdr/1040g3qo3212dok1pnobg5pae9rni02dspfgpgj8?imageView2/2/w/540/format/jpg/q/75,2,0.0450439453125,0.1089871675325252,0.12042094045557479,0.9653138552166126,0.39824065440157086,黑马,479
6a19599f0000000036030053,67f72daec6eb9f0016803306,合于道漢方的店,6858cdd18b7d6f0001e03d49,goods_seller,1106,39,12,1,632.5,571.880650994575,3.52622061482821,0.725995,0.892869,11.743075370788574,中,B,0.089672,中,低,中,中,,,正常,2,32.0,8389,16,B3,稳定期,http://sns-img-qn.xhscdn.com/notes_pre_post/1040g3k0320oe65lm68605pkch7b0u60tod5cvlo?imageView2/2/w/540/format/jpg/q/75,1,0.958984375,0.5044625016651125,0.24390568802451046,0.5911445613723487,0.4465042503539906,黑马,480
69f06246000000002301db96,620e11934a9f4d000123b28f,HolidayWine假日酒馆的店,662c99d51d6fd40001a51ec2,goods_seller,516,24,6,1,295.0,571.7054263565891,4.65116279069767,0.685538,0.872153,18.6536922454834,中,B,0.065453,中,中,高,中,,,正常,4,5.0,20400,47,B6,稳定期,http://sns-img-qn.xhscdn.com/spectrum/1040g0k031vgbmpgjhm1040l3lhehtd14fnlaec8?imageView2/2/w/540/format/jpg/q/75,2,0.95361328125,0.30439737726270294,0.45846839246333054,0.49135621568017995,0.41807399513540444,黑马,481
6a008666000000000702c36b,618cdb35014f060001dab980,留膳瓜妈食养的店,6194c17141b62900010cb431,goods_seller,594,17,1,1,339.23,571.0942760942761,2.86195286195286,0.664953,0.856975,26.67974281311035,中,B,0.05592,中,中,中,中,,,正常,2,7.0,173539,35,B3,成长期,http://sns-img-qn.xhscdn.com/1040g2sg32006jh5u2gkg5nm38gf0bv869tmer2o?imageView2/2/w/540/format/jpg/q/75,2,0.046905517578125,0.20683658215295353,0.5966505335760698,0.38103695809836746,0.3948413579424636,黑马,482
68d0e21a000000001300965f,6510fc7be1b5df0001a0b898,桃山坞的店,651195f57d86b000015d3c98,goods_seller,501,28,27,3,286.0,570.8582834331337,5.58882235528942,0.701263,0.918859,47.90571594238281,中,B,0.08924,中,中,中,中,,,正常,4,93.0,6961,265,B3,稳定期,http://sns-img-qn.xhscdn.com/1040g2sg31mnlm29el2e049c9dsid8e3mrus302o?imageView2/2/w/540/format/jpg/q/75,1,0.95263671875,0.871556917247606,0.36829329662685195,0.14182318724745793,0.4605578003739719,黑马,483
68edf1240000000003013139,6825da050ea9880015bb2271,上海国际饭店蝴蝶酥专购店的店,68285b8d82d86e000171942c,goods_seller,516,79,31,2,294.0,569.7674418604652,15.31007751937984,0.760024,0.917981,39.57172775268555,中,B,0.09621,中,低,中,中,,,正常,4,33.0,9714,243,B4,稳定期,http://sns-img-qn.xhscdn.com/notes_pre_post/1040g3k031njrip6s5m3g5q15r7njjh5a04h5kc8?imageView2/2/w/540/format/jpg/q/75,1,0.490234375,0.8583322232582923,0.11604724479374806,0.2292156949809807,0.4011983876776737,黑马,484
6882ff23000000000b02f388,62ecfcb2d855f30001c7975d,妈妈很忙轻养的店,6331583c3d5cbf00011e6b89,goods_seller,773,67,62,5,440.36,569.6765847347995,8.66752910737387,0.756563,0.909025,8.988424301147461,中,B,0.037185,中,中,中,中,,,正常,2,123.0,29134,324,B4,稳定期,http://sns-img-qn.xhscdn.com/1040g00831kajd2h0j6205on8maenqhm2gtrdbc8?imageView2/2/w/540/format/jpg/q/75,2,0.06903076171875,0.7175451060491689,0.1269037786954398,0.6264671491792845,0.4903053446412977,黑马,485
69b935b30000000022001fda,619bbc4297f8b100010d63c4,花漫棠芷旗舰店,61a0fe53f0d19400013acf7c,goods_seller,633,43,11,2,360.44,569.4154818325435,6.79304897314376,0.772354,0.774975,2.60201358795166,中,B,0.138402,中,中,中,中,,,正常,2,80.0,30779,89,B3,稳定期,http://sns-img-qn.xhscdn.com/1040g00831tqhuhp57q205nammo9095sjoraaec0?imageView2/2/w/540/format/jpg/q/75,2,0.129150390625,0.030386454124298804,0.08247117505143348,0.7106404392936962,0.2744993561564762,黑马,486
67e0e3da000000001e008b25,6613e159f0b53500018cd02b,札萨旗舰店,67dd0de321ffb300012c1f05,goods_seller,968,163,104,12,551.1099999999999,569.3285123966941,16.83884297520661,0.672361,0.895836,41.690799713134766,中,B,0.226792,中,低,中,中,,,正常,2,1118.0,130099,447,B6,稳定期,http://sns-img-qn.xhscdn.com/notes_pre_post/1040g3k031fda0ir96o2g5nlo8fp08alglh9olf8?imageView2/2/w/540/format/jpg/q/75,0,0.95703125,0.5403179254917633,0.5455648801859005,0.20578571111407132,0.43055617226391174,黑马,487
69c4b8a8000000001a0330c8,64d21070884d8e0001428e24,九窝颜食社旗舰店,69b3cc421b6b3f0001d33d07,goods_seller,4122,136,66,5,2346.25,569.2018437651625,3.29936923823387,0.78858,0.908127,8.307894706726074,中,B,0.068981,中,低,中,低,,,正常,2,172.0,17348,80,B4,稳定期,http://sns-img-qn.xhscdn.com/spectrum/1040g0k031u5pp2u41s004bj365t3inr6emtvrig?imageView2/2/w/540/format/jpg/q/75,2,0.4599609375,0.7036987700368544,0.0495759513343102,0.6346669034826754,0.4626472082846133,黑马,488
69fd298d000000003503a473,663dfe45c7b2730001d9246c,台湾饮品的店,69dc5fdb47a2e20001efb7ca,goods_seller,970,58,6,3,552.0,569.0721649484536,5.97938144329897,0.672605,0.909748,42.967002868652344,中,B,0.080244,中,中,高,中,,,正常,2,9.0,6463,37,B3,稳定期,http://sns-img-qn.xhscdn.com/notes_pre_post/1040g3k831vstdois48dg5pgedh7iphgbn90pqrg?imageView2/2/w/540/format/jpg/q/75,1,0.958984375,0.7287420629634563,0.5438553646226485,0.18505690984710566,0.4858847791444035,黑马,489
6921bec8000000000d00f50b,63870c8280e375000165b9c9,漩涡嘴里的店,68ee7fddd3eed20001630190,goods_seller,988,79,34,3,562.0,568.8259109311741,7.99595141700405,0.719375,0.852691,43.72365951538086,中,B,0.151327,中,中,中,中,,,正常,2,301.0,28878,204,B5,稳定期,http://sns-img-qn.xhscdn.com/1040g2sg31p6k7stoioe05o0gsq9g80bbqp8ko6o?imageView2/2/w/540/format/jpg/q/75,2,0.9453125,0.1861891863889999,0.2750173911756435,0.17717537705548894,0.21279398487337745,黑马,490
69bf5bc7000000001a036fab,649bfca2f608270001fb540c,Caillie凯莉的小酒馆的店,6835c0b2f078780001c807b4,goods_seller,1131,7,11,1,643.0,568.5234305923962,0.61892130857648,0.667278,0.895824,40.1740608215332,中,B,0.060661,低,低,中,中,,,正常,2,22.0,16163,84,B4,稳定期,http://sns-img-qn.xhscdn.com/spectrum/1040g0k031u0i054u0s105o92fdb0bq7pj8ltmkg?imageView2/2/w/540/format/jpg/q/75,1,0.919921875,0.5402217189882036,0.5803990349747643,0.22232582922605568,0.44764886106300783,黑马,491
6a28be15000000003502b09b,63e7bb68384ae90001e78245,山野小青滋补的店,65dd4af82152b000012a5436,goods_seller,586,35,19,2,333.0,568.2593856655291,5.97269624573379,0.711498,0.865718,14.424476623535156,中,B,0.089692,中,低,中,中,,,正常,4,104.0,17930,4,B4,稳定期,http://sns-img-qn.xhscdn.com/notes_pre_post/1040g3k83217bm1056uag5omv4di7jvn2rptfng8?imageView2/2/w/540/format/jpg/q/75,1,0.95947265625,0.2580924470494205,0.31383301511182154,0.55292837795835,0.374951280039864,黑马,492
6837f64f0000000022024b7e,5948d9332ba68e383ad5b9d2,燕之屋旗舰店,68ee03b07d3b3f00012d3dd6,goods_seller,2383,148,54,2,1354.0,568.1913554343265,6.21065883340327,0.709124,0.82432,13.158720970153809,中,B,0.097014,中,中,中,中,,,正常,2,147.0,59107,381,B4,稳定期,http://sns-img-qn.xhscdn.com/spectrum/1040g34o31i2b0ijbms004ai441l56994i6ja0hg?imageView2/2/w/540/format/jpg/q/75,2,0.958984375,0.09418616698488817,0.32590323105841956,0.5712002131344079,0.3304298703925719,黑马,493
6940fadd000000001d03d8f9,62b1706a7d5491000148f841,酒類美術館Wine Gallery的店,68d9f974702da100015353d5,goods_seller,701,20,14,1,398.0,567.7603423680456,2.85306704707561,0.699746,0.82207,13.902393341064453,中,B,0.070354,中,低,中,中,,,正常,2,168.0,111197,180,B6,稳定期,http://sns-img-qn.xhscdn.com/1040g00831q53pjijn0005ocbipgk0jccvo6dtd0?imageView2/2/w/540/format/jpg/q/75,1,0.5498046875,0.08907242129567959,0.3767076654381836,0.5604028832349067,0.34206098998958995,黑马,494
68687ee80000000015022206,6304ac4add5384000178a058,小师姐评茶的店,630c6e75f60eed00014cb4be,goods_seller,1029,95,31,5,581.75,565.354713313897,9.23226433430515,0.757491,0.850431,50.74624252319336,高,B,0.093604,中,低,中,中,,,正常,2,429.0,115361,344,B6,稳定期,http://sns-img-qn.xhscdn.com/spectrum/1040g0k031jhninb1j60045pvh6922qvbpt00b28?imageView2/2/w/540/format/jpg/q/75,1,0.52685546875,0.17585808800674926,0.12394357858591241,0.12094637597501591,0.1402493475225592,黑马,495
69cfb137000000001a02dd5a,63698ec6f3e1aa0001e6318f,张大旺养生局的店,67260bb78a48d900011ad0b8,goods_seller,1062,43,23,18,600.06,565.0282485875706,4.04896421845574,0.680066,0.840007,28.79741859436035,中,B,0.132395,中,低,中,中,,,正常,4,2939.0,58733,72,B5,稳定期,http://sns-img-qn.xhscdn.com/1040g2sg31ugghh0vioeg4a2vsolkhbcd6apd7ao?imageView2/2/w/540/format/jpg/q/75,2,0.958984375,0.1367834465609875,0.49314713674644406,0.3577475837366606,0.32922605568136404,黑马,496
673c4ef8000000000702a7d1,644a4777275ad10001a2d0e6,SIS SCIENCE IN SPORT旗舰店,668e4aec42add60001c6ebe4,goods_seller,2504,188,33,3,1412.4,564.0575079872204,7.50798722044728,0.731837,0.904822,35.14020538330078,中,B,0.146947,中,低,中,中,,,正常,2,227.0,16060,572,B3,稳定期,http://sns-img-qn.xhscdn.com/1040g2sg31acis9op7a705o4oqba0972208rstl8?imageView2/2/w/540/format/jpg/q/75,1,0.427734375,0.6554179062504625,0.21787072806121693,0.28263990645767656,0.3853095135897853,黑马,497
694611c9000000001f008102,6775f05f4d076900153cf18d,秋喵食养手作的店,67b57f8229b9f70001ec4e9a,goods_seller,848,79,105,12,477.14,562.6650943396227,9.31603773584906,0.744235,0.921887,38.59886932373047,中,B,0.259483,低,低,中,低,,,正常,2,179.0,28362,176,B4,稳定期,http://sns-img-qn.xhscdn.com/1040g2sg31qa3m5t4nu7g5pb7v1jo6vm7cbd8q7g?imageView2/2/w/540/format/jpg/q/75,1,0.85205078125,0.9135399553009783,0.16890161774935986,0.24135251543004307,0.44126469616012703,黑马,498
69fdaeca000000003502dceb,64426227f59230000155ca11,疆进酒少庄主精选葡萄酒的店,69fc6e990511b50001fd118c,goods_seller,8267,536,124,3,4645.0,561.8725051409217,6.48360953187371,0.702213,0.8283,5.713983058929443,中,B,0.445061,中,中,中,中,,,正常,4,156.0,5716,37,B4,稳定期,http://sns-img-qn.xhscdn.com/spectrum/1040g34o31vtdm9c9hm105odj2va41t50io31g8o?imageView2/2/w/540/format/jpg/q/75,2,0.84619140625,0.1033923893255184,0.36323875493983393,0.670892352323017,0.3791744988627898,黑马,499
69d06b9b000000002202809f,6503ca6100efc800012aed9e,茶理十八的店,69402ca55e8e270015b5b752,goods_seller,1832,100,36,3,1029.2,561.7903930131005,5.45851528384279,0.747138,0.861633,37.594783782958984,中,B,0.243837,中,低,中,低,,,正常,2,36.0,38623,71,B4,稳定期,http://sns-img-qn.xhscdn.com/1040g2sg31ug57s1c2qgg5oru2q67rkntlbg9iv0?imageView2/2/w/540/format/jpg/q/75,2,0.89990234375,0.2326125246066634,0.15847431286354957,0.2563163269837041,0.21580105481797238,黑马,500
6a2809b600000000360027b1,63e7bb68384ae90001e78245,山野小青滋补的店,65dd4af82152b000012a5436,goods_seller,533,25,3,1,299.1,561.1632270168856,4.69043151969981,0.702633,0.856815,14.424476623535156,中,B,0.053697,中,低,中,中,,,正常,4,101.0,17930,5,B4,稳定期,http://sns-img-qn.xhscdn.com/note_pre_post_uhdr/1040g3r83216oifcq6s8g5omv4di7jvn2lsnd458?imageView2/2/w/540/format/jpg/q/75,1,0.958984375,0.2060595296242026,0.3607891893492,0.55292837795835,0.3732590323105842,黑马,501
6964e8d4000000001a02de8b,6368e1aef197bd00017a35bf,王教💪瘦子增重的店,66b830e710abf700016d9689,goods_seller,999,53,14,1,558.0,558.5585585585585,5.30530530530531,0.788862,0.868993,18.460002899169922,中,B,0.256997,中,中,中,中,,,正常,2,380.0,42353,153,B3,稳定期,http://sns-img-qn.xhscdn.com/1040g2sg31r87j7k7ngeg5o0acv9g9egf7gc9v40?imageView2/2/w/540/format/jpg/q/75,1,0.034820556640625,0.2806269703831979,0.04910971981705963,0.49525627932448235,0.27499765650824665,黑马,502
695e586a000000002102b118,63870c8280e375000165b9c9,漩涡嘴里的店,68ee7fddd3eed20001630190,goods_seller,1232,8,12,1,688.0,558.4415584415584,0.64935064935065,0.640903,0.852044,43.72365951538086,中,B,0.092446,中,中,高,中,,,正常,2,172.0,28878,158,B5,稳定期,http://sns-img-qn.xhscdn.com/1040g2sg31r1q94117g705o0gsq9g80bb2t1c6j0?imageView2/2/w/540/format/jpg/q/75,2,0.033416748046875,0.1830809762739961,0.7652635318147507,0.17717537705548894,0.3751732950480786,黑马,503
69ae90f9000000001a02eeba,6613e159f0b53500018cd02b,札萨旗舰店,697ac70bd0b05c000104bedf,goods_seller,537,36,12,1,299.8,558.2867783985103,6.70391061452514,0.694437,0.76873,41.690799713134766,中,B,0.096904,中,低,中,低,,,正常,4,214.0,130099,97,B6,稳定期,http://sns-img-qn.xhscdn.com/1040g2sg31tf09e5fle4041q5191sg5hc8oih4ho?imageView2/2/w/540/format/jpg/q/75,2,0.0755615234375,0.0262273729704128,0.40619125852907656,0.20578571111407132,0.21273478087118688,黑马,504
6a250aa4000000001702988a,620e11934a9f4d000123b28f,HolidayWine假日酒馆的店,67dfc7076147ac0001346fe6,goods_seller,1608,74,40,3,897.0,557.8358208955224,4.60199004975124,0.683144,0.811741,18.6536922454834,中,B,0.099386,中,中,高,中,,,正常,4,9.0,20400,7,B6,稳定期,http://sns-img-qn.xhscdn.com/spectrum/1040g0k03213pv7bcn20040l3lhehtd14dssg5vg?imageView2/2/w/540/format/jpg/q/75,2,0.94384765625,0.0703269541020973,0.4735654130219203,0.49135621568017995,0.3450828609347325,黑马,505
69ef1bf8000000003700ebca,65e57cddbf7fb600014b21bf,阿莹麦茶的店,68f0fae1d3eed20001743ac4,goods_seller,2649,241,36,4,1477.27,557.670819177048,9.09777274443186,0.689583,0.911538,46.373329162597656,中,B,0.03741,中,中,高,中,,,正常,4,120.0,101410,48,B6,稳定期,http://sns-img-qn.xhscdn.com/spectrum/1040g34o31vf69e3qjm105ova9gt9gui6ludruvg?imageView2/2/w/540/format/jpg/q/75,0,0.88427734375,0.7569453695069787,0.4343131595695869,0.15430783120938976,0.44852212009531844,黑马,506
6a292367000000001603c387,620e11934a9f4d000123b28f,HolidayWine假日酒馆的店,69d219949fe19c000139dbce,goods_seller,1001,23,8,3,557.28,556.7232767232767,2.29770229770230,0.684959,0.826648,18.6536922454834,中,B,0.070669,中,中,高,中,,,正常,4,5.0,20400,4,B6,稳定期,http://sns-img-qn.xhscdn.com/notes_pre_post/1040g3k03217ro2qa7k1g40l3lhehtd14l5rcj10?imageView2/2/w/540/format/jpg/q/75,2,0.9541015625,0.09980314669271642,0.4620280330950372,0.49135621568017995,0.3510624651559779,黑马,507
692970bb000000000d037bfd,6274faa7430f29000171f00c,南食召食品旗舰店,67569fc3eb35d70001d22fd7,goods_seller,595,37,31,9,331.25,556.7226890756302,6.21848739495798,0.687829,0.893697,42.375083923339844,中,B,0.053508,中,中,高,中,,,正常,2,43.0,96346,196,B6,稳定期,http://sns-img-qn.xhscdn.com/spectrum/1040g0k031pe55ddujk005ohhijv41npsfo4vq7o?imageView2/2/w/540/format/jpg/q/75,2,0.207275390625,0.5141053535218981,0.4447922679573139,0.19378209966993767,0.38422657371638325,黑马,508
69dca4a0000000001a0357e5,6503ca6100efc800012aed9e,茶理十八的店,69402ca55e8e270015b5b752,goods_seller,5430,361,160,9,3021.75,556.4917127071823,6.64825046040516,0.804624,0.85347,37.594783782958984,中,B,0.254788,中,低,中,低,,,正常,2,35.0,38623,62,B4,稳定期,http://sns-img-qn.xhscdn.com/1040g2sg31ussrlriiq505oru2q67rknt7ltqopg?imageView2/2/w/540/format/jpg/q/75,2,0.95166015625,0.18957121501413496,0.02791468703284342,0.2563163269837041,0.15793407634356083,黑马,509
61ed49d9000000002103eef9,62b28d9a14b93b000180d481,林间盏旗舰店,62b55f2b7708440001bea822,goods_seller,605,38,40,4,336.11,555.5537190082645,6.28099173553719,0.779547,0.905861,38.14682388305664,中,B,,,,,,,,正常,2,195463.0,534935,1603,B6,稳定期,http://sns-img-qn.xhscdn.com/01021n01kgspo8h491p0117mue90xevxej?imageView2/2/w/540/format/jpg/q/75,2,0.076961,0.6697452747805752,0.06654529846217604,0.24794636117401536,0.32807897813892223,黑马,510
688c38180000000023029088,6613e159f0b53500018cd02b,札萨旗舰店,688b18c299631f0001b82c16,goods_seller,1639,333,238,18,910.18,555.3264185478951,20.31726662599146,0.707279,0.870618,41.690799713134766,中,B,0.068654,中,低,中,中,,,正常,4,276.0,130099,317,B6,稳定期,http://sns-img-qn.xhscdn.com/1040g2sg31kkjuas6j4eg5nlo8fp08algl114ce8?imageView2/2/w/540/format/jpg/q/75,1,0.9560546875,0.2927489898317126,0.33550167991356217,0.20578571111407132,0.27801212695311533,黑马,511
6a1910b0000000000701213f,63205b896c7ba8000125a68e,燕鸣春燕窝工厂旗舰店,6a028a0b213e27000108f6da,goods_seller,2468,228,161,1,1366.55,553.7074554294976,9.23824959481361,0.685494,0.873558,10.758713722229004,中,B,0.171909,中,低,中,中,,,正常,4,6.0,8509,16,B4,稳定期,http://sns-img-qn.xhscdn.com/1040g008320o5m3ar6e6g4al2dsmubbo5m1mb1e8?imageView2/2/w/540/format/jpg/q/75,1,0.95947265625,0.31501709515563253,0.4588236164764738,0.6053313203972589,0.4597240106764551,黑马,512
696375710000000021029076,64d21070884d8e0001428e24,九窝颜食社旗舰店,67889f7daf83e10001aaa814,goods_seller,4132,135,53,3,2286.0,553.24298160697,3.26718296224589,0.716116,0.855133,8.307894706726074,中,B,0.054923,中,低,中,低,,,正常,2,92.0,17348,154,B4,稳定期,http://sns-img-qn.xhscdn.com/spectrum/1040g0k031r6qa4c0n2004bj365t3inr69pirot0?imageView2/2/w/540/format/jpg/q/75,1,0.95068359375,0.19740834480410877,0.29103207376818674,0.6346669034826754,0.3743691073516569,黑马,513
68e9904900000000070169a3,62b28d9a14b93b000180d481,林间盏旗舰店,65e97f18506b4000018a4b9d,goods_seller,1182,71,45,7,653.59,552.9526226734348,6.00676818950931,0.764886,0.897642,38.14682388305664,中,B,0.089587,中,低,中,低,,,正常,2,218.0,534935,245,B6,稳定期,http://sns-img-qn.xhscdn.com/spectrum/1040g34o31nfopg484q105nblu32gb5ud0cj4n6o?imageView2/2/w/540/format/jpg/q/75,0,0.92236328125,0.5623788168080163,0.10216390628006453,0.24794636117401536,0.3041630280873654,黑马,514
6a1d76390000000008003e75,683da884daa7580015725385,紫云祥王伟的店,6a1d7277b6178b00010963fc,goods_seller,1254,92,33,2,693.34,552.9027113237639,7.33652312599681,0.77923,0.907832,40.54669189453125,中,B,0.086706,中,低,中,低,,,正常,4,6.0,2308,12,B3,稳定期,http://sns-img-qn.xhscdn.com/spectrum/1040g34o320sesg1rn2105pv3de73i12osclcn6o?imageView2/2/w/540/format/jpg/q/75,1,0.568359375,0.6994952858813256,0.0671299379838077,0.2186181785888726,0.3284144674846687,黑马,515
69830a7a000000002103f609,62ff6d8b6c7ba80001250a7a,葡小皮的店,68c279ab9c4f880001a2a5d0,goods_seller,1259,124,77,1,695.8,552.660841938046,9.84908657664813,0.662184,0.898441,72.49688720703125,高,B,0.147108,中,中,中,中,,,正常,4,136.0,82615,130,B4,稳定期,http://sns-img-qn.xhscdn.com/spectrum/1040g0k031s5khjs6560047k66aahghpn1m7fodo?imageView2/2/w/540/format/jpg/q/75,2,0.9326171875,0.5720142681645279,0.6164172698074389,0.023170966357325753,0.40386750144309763,黑马,516
69f73d6100000000380378f5,6825da050ea9880015bb2271,上海国际饭店蝴蝶酥专购店的店,682aeb0a35e1e40001ef5387,goods_seller,554,38,17,2,306.0,552.3465703971119,6.85920577617329,0.779368,0.914154,39.57172775268555,中,B,0.126123,中,低,中,中,,,正常,4,4.0,9714,42,B4,稳定期,http://sns-img-qn.xhscdn.com/notes_pre_post/1040g3k831vlvjja42q4g5q15r7njjh5aps3l5eo?imageView2/2/w/540/format/jpg/q/75,1,0.9052734375,0.7982105590337907,0.0668487189734026,0.2292156949809807,0.3647583243293913,黑马,517
67e25561000000001e005332,660a6468f641fa00018fdbbe,ZEST MAKE旗舰店,67891845e7f8b5000150090b,goods_seller,520,35,14,2,286.8,551.5384615384615,6.73076923076923,0.635659,0.853403,26.452953338623047,中,B,0.050508,中,中,高,中,,,正常,2,621.0,74234,446,B4,稳定期,http://sns-img-qn.xhscdn.com/notes_pre_post/1040g3k831femmlldma1g5p220a2aaqpqrpt2kp0?imageView2/2/w/540/format/jpg/q/75,1,0.95947265625,0.1892677945029084,0.7977443275165401,0.38339771768571557,0.45680327990172137,黑马,518
69ef36380000000035027388,6540ad54368edf00013dba24,燕香御食养的店,665a60126f30220001a20b52,goods_seller,2420,126,81,2,1333.85,551.1776859504132,5.20661157024793,0.782239,0.87636,38.481475830078125,中,B,0.044183,中,低,中,中,,,正常,2,129.0,17476,48,B4,稳定期,http://sns-img-qn.xhscdn.com/1040g00831vf9f1htjm005of7v0k8crg9f9pp5i8?imageView2/2/w/540/format/jpg/q/75,2,0.95947265625,0.3382990690170656,0.061120731761467074,0.24369847401684352,0.2143727582651254,黑马,519
6a13eb8e0000000006031c4d,6503ca6100efc800012aed9e,茶理十八的店,66befd2e4bd59d0001514daf,goods_seller,3685,138,50,5,2030.29,550.9606512890095,3.74491180461330,0.748902,0.832732,37.594783782958984,中,B,0.10671,中,中,中,中,,,正常,2,49.0,38623,20,B4,稳定期,http://sns-img-qn.xhscdn.com/1040g008320it0tvfm20g5oru2q67rknthe22iu8?imageView2/2/w/540/format/jpg/q/75,2,0.94140625,0.11527759276527093,0.15219868863135147,0.2563163269837041,0.1745975361267755,黑马,520
69ba8a65000000001a029745,64be5590319d7600013fb50e,五和医养堂旗舰店,6539ca901d812900019ece98,goods_seller,3117,223,79,3,1717.0,550.8501764517164,7.15431504651909,0.726059,0.895924,7.052475452423096,中,B,0.138905,中,中,高,中,,,正常,2,40.0,21433,88,B3,成长期,http://sns-img-qn.xhscdn.com/1040g2sg31trrgemln9205ogj79coco16ogd9j7o?imageView2/2/w/540/format/jpg/q/75,2,0.80126953125,0.5412577890265382,0.24365407101520062,0.6544040377129494,0.4797719659182294,黑马,521
69f6fd40000000001b0223cc,635b9f9ae0d2240001ffa35f,上英山旗舰店,691d27dc6ea74e00018036ab,goods_seller,839,22,16,1,461.9,550.5363528009535,2.62216924910608,0.6367,0.878941,41.3848762512207,中,B,0.08638,中,中,中,中,,,正常,4,40.0,31035,42,B4,稳定期,http://sns-img-qn.xhscdn.com/1040g00831vmsj2qi2i005nigmisg87ie7smskt8?imageView2/2/w/540/format/jpg/q/75,1,0.958984375,0.3612850228675458,0.7914835042848897,0.20902713023400382,0.4539318857954798,黑马,522
69c3b585000000001b00015d,62b28d9a14b93b000180d481,林间盏旗舰店,64741dcfd171fa00018347cb,goods_seller,597,16,14,1,328.1,549.5812395309882,2.68006700167504,0.755924,0.892782,38.14682388305664,中,B,0.070245,中,低,中,中,,,正常,2,83.0,534935,81,B6,稳定期,http://sns-img-qn.xhscdn.com/spectrum/1040g0k031u4q4rgphm005nblu32gb5ud4gl9iq8?imageView2/2/w/540/format/jpg/q/75,2,0.1077880859375,0.5033080236223969,0.12893151577046608,0.24794636117401536,0.2933953001889595,黑马,523
69571c370000000022030c59,61ef6bef1ff2ce00010ad572,梅老白茶馆的店,6821ba126d54370001b474a2,goods_seller,1089,125,10,3,598.0,549.1276400367309,11.47842056932966,0.754776,0.870561,32.571495056152344,中,B,0.07658,中,低,中,中,,,正常,2,67.0,18403,163,B3,稳定期,http://sns-img-qn.xhscdn.com/1040g00831qqoc0n27g005oa0j307v8pa8oav13o?imageView2/2/w/540/format/jpg/q/75,2,0.501953125,0.29231976081583116,0.1326539674081968,0.3123677160576055,0.24578048142721118,黑马,524
69e7120b000000001a02ffd5,6503ca6100efc800012aed9e,茶理十八的店,65e1cf3cbf75ee0001cbe9e1,goods_seller,3076,220,86,5,1686.52,548.2834850455137,7.15214564369311,0.76414,0.850398,37.594783782958984,中,B,0.658424,中,低,中,低,,,正常,4,132.0,38623,54,B4,稳定期,http://sns-img-qn.xhscdn.com/1040g2sg31v75dk5b2q0g5oru2q67rkntdng6j7g?imageView2/2/w/540/format/jpg/q/75,2,0.9541015625,0.17574708050264198,0.10429525035892426,0.2563163269837041,0.17878621928175678,黑马,525
68edff4b000000000302dd72,6188bfb3dd2e9900016ef7bc,痛风快好App的店,642a4b33e8e4fa00011fa243,goods_seller,1027,75,31,2,563.0,548.1986368062318,7.30282375851996,0.639104,0.858893,40.86433410644531,中,B,0.145919,中,中,中,中,,,正常,2,13.0,39275,243,B1,成长期,http://sns-img-qn.xhscdn.com/spectrum/1040g0k031nk3jsj04q0g5ob6gu90k6v137ncito?imageView2/2/w/540/format/jpg/q/75,1,0.958984375,0.2172194840371209,0.7766603022364312,0.2159021949883812,0.4032606604206444,黑马,526
68cba73400000000130177fd,620e11934a9f4d000123b28f,HolidayWine假日酒馆的店,686a387cc27dbc0001aea5f2,goods_seller,812,128,19,1,445.0,548.0295566502463,15.76354679802956,0.654947,0.792406,18.6536922454834,中,B,0.096781,中,低,中,中,,,正常,4,83.0,20400,269,B6,稳定期,http://sns-img-qn.xhscdn.com/notes_pre_post/1040g3k031migpcpvlm0040l3lhehtd14l0fnatg?imageView2/2/w/540/format/jpg/q/75,2,0.62353515625,0.044943238162899815,0.6676953362047274,0.49135621568017995,0.4013315966826024,黑马,527
69cb9a5a000000001b000f70,66c70bb6777979001546350d,三兔船长的店,697c5e338c608e00011668bd,goods_seller,1460,57,31,10,799.6800000000001,547.7260273972604,3.90410958904110,0.708945,0.868737,67.81156158447266,高,B,0.07235,中,中,高,中,,,正常,4,400.0,24394,75,B5,稳定期,http://sns-img-qn.xhscdn.com/notes_pre_post/1040g3k031ucghgj61s1g5o4lvtng8ehjq6tdleo?imageView2/2/w/540/format/jpg/q/75,2,0.06671142578125,0.27868803931145747,0.3267690895904563,0.03560380681734085,0.21368697857308486,黑马,528
68b02f6b000000001b0329f4,63428942756074000199bf36,Nut Wine的店,688749ede58d070001331092,goods_seller,1043,117,27,4,571.2,547.6510067114094,11.21764141898370,0.696484,0.859854,0.29496777057647705,中,B,0.085881,中,低,中,中,,,正常,4,3649.0,69917,290,B4,稳定期,http://sns-img-qn.xhscdn.com/1040g2sg31lno11gql8005oat9hqgk0cu3fhhslo?imageView2/2/w/540/format/jpg/q/75,1,0.91748046875,0.22236283172742477,0.3948832941106819,0.7349288811923687,0.4507250023434917,黑马,529
6a0c26530000000038035ae2,662f4a306cc6f90001eb7726,宜谷磨方旗舰店,69fd7fb73599c000012782e0,goods_seller,1293,62,9,1,708.0,547.5638051044084,4.79505027068832,0.73268,0.784739,-3.4645633697509766,中,B,0.086255,中,中,中,中,,,正常,2,17.0,10868,26,B3,成长期,http://sns-img-qn.xhscdn.com/1040g2sg320bgbf2blsj05pd8s3522lhpqrqeh7o?imageView2/2/w/540/format/jpg/q/75,2,0.947265625,0.037964566404688954,0.2142962864289626,0.7721607980699495,0.3414738836345337,黑马,530
68ac4f3b000000001c032e92,6503ca6100efc800012aed9e,茶理十八的店,65ec6d92e29bfe000185e135,goods_seller,545,60,17,1,298.0,546.7889908256881,11.00917431192661,0.712399,0.878677,37.594783782958984,中,B,0.10974,中,低,中,中,,,正常,4,91.0,38623,293,B4,稳定期,http://sns-img-qn.xhscdn.com/1040g00831ljus392l8005oru2q67rknti0mmt6g?imageView2/2/w/540/format/jpg/q/75,2,0.96044921875,0.3588354572769119,0.3092521054423279,0.2563163269837041,0.3081346299009813,黑马,531
69fc3ee6000000003603392b,64b37e57fdff9300018ec74d,酒类手账的店,69cccccb9b23c90001c397dc,goods_seller,1806,90,32,2,987.0,546.5116279069767,4.98338870431894,0.700303,0.813677,33.075286865234375,中,B,0.059278,中,中,中,中,,,正常,4,10.0,7854,38,B4,稳定期,http://sns-img-qn.xhscdn.com/spectrum/1040g34o31vs0l3m0k85g5oe5oj6ocpggnboehog?imageView2/2/w/540/format/jpg/q/75,2,0.94189453125,0.07373118422805382,0.3737030623270133,0.3042937702588695,0.25057600560464555,黑马,532
6a0300c2000000003701db67,67ee36f24c9b210015ebd032,饮真堂茶生活的店,69db9da9ab6f9400013d48ae,goods_seller,2263,170,96,3,1236.0,546.1776403004861,7.51215201060539,0.741026,0.928095,83.97535705566406,高,B,0.097262,中,低,中,中,,,正常,4,23.0,15832,33,B3,稳定期,http://sns-img-qn.xhscdn.com/spectrum/1040g0k03202k1fh4k8005nh70h4085rl3hmr600?imageView2/2/w/540/format/jpg/q/75,2,0.44921875,0.9707976259195121,0.18100143569705313,0.0076817192842236134,0.38649359363359626,黑马,533
68592221000000000d01aeb2,65a9e1b1a553de0001f1eb8b,Lecire乐希瑞巧克力旗舰店,66d41f78e6fff40001f85101,goods_seller,2706,279,197,13,1477.34,545.949741315595,10.31042128603104,0.715631,0.909559,51.617008209228516,高,B,0.056283,中,中,中,中,,,正常,2,201.0,8394,356,B3,稳定期,http://sns-img-qn.xhscdn.com/spectrum/1040g0k031j2i8uv7hi005o2upg3g8navjj2gc10?imageView2/2/w/540/format/jpg/q/75,2,0.958984375,0.7257596613531074,0.29322262184923703,0.11601024229237897,0.3783308418315745,黑马,534
6a1e5e590000000022015643,64ce222ca2578000012c05ce,Perry佩利酒饮馆的店,671ce913fe853100012c5e17,goods_seller,510,26,7,1,278.0,545.0980392156863,5.09803921568627,0.734941,0.889329,5.581294536590576,中,B,0.067745,中,低,中,中,,,正常,4,7.0,1907,12,B2,成长期,http://sns-img-qn.xhscdn.com/spectrum/1040g0k0320tasi6bmu005p5tted56ui5qqvhmh8?imageView2/2/w/540/format/jpg/q/75,2,0.95166015625,0.4640483696697897,0.20488285008066545,0.673260512410639,0.447397244053698,黑马,535
68f48bd50000000004017a79,671b52bd463e7a0015f45e52,盈盈边境东北特产的店,6722cc1953432500018676fb,goods_seller,640,41,17,1,347.65,543.203125,6.40625000000000,0.748054,0.923995,34.17477035522461,中,B,0.056882,中,中,中,中,,,正常,4,24.0,7506,238,B3,稳定期,http://sns-img-qn.xhscdn.com/1040g00831nqg900j5m005oh4k8ngk81j5nmdf60?imageView2/2/w/540/format/jpg/q/75,2,0.30419921875,0.9371919541761023,0.1550922842384145,0.29212734780871186,0.46147052874107625,黑马,536
6a03165e0000000006034693,637c2ac15836e000014c514a,鱼书雁帛的店,69f35f450511b500012dcb48,goods_seller,1015,69,41,2,551.34,543.192118226601,6.79802955665025,0.757002,0.932186,83.51991271972656,高,B,0.441036,中,中,中,中,,,正常,4,56.0,6921,33,B2,成长期,http://sns-img-qn.xhscdn.com/1040g0083202mlmsg2g0g5ngeof108p0e4at4jj0?imageView2/2/w/540/format/jpg/q/75,2,0.4658203125,0.9894246851087134,0.1255346861447834,0.008932403830498942,0.3746305916946653,黑马,537
69eb81550000000022024a9c,628b5d55d6b4360001958de1,富临行鱼胶滋补的店,69eb3a023a4daf00017e3634,goods_seller,737,25,19,2,400.0,542.7408412483039,3.39213025780190,0.696081,0.855016,48.04304504394531,中,B,0.06767,中,低,中,中,,,正常,4,7.0,19965,51,B4,稳定期,http://sns-img-qn.xhscdn.com/1040g2sg31vblgolsiae049tm9gag8p8hsl3iivo?imageView2/2/w/540/format/jpg/q/75,2,0.921875,0.19666089427645309,0.39719225019611326,0.13898879564258543,0.2442806467050506,黑马,538
6a0d1fc2000000000702a4ba,64a2a16de916d0000181cd86,兔总的葡萄酒买手店的店,69a2a460e6346f0001003154,goods_seller,9053,586,227,13,4913.1,542.7040759969071,6.47299237821717,0.740416,0.739509,43.1324577331543,中,B,0.164282,中,中,高,中,,,正常,2,20.0,8030,25,B4,稳定期,http://sns-img-qn.xhscdn.com/spectrum/1040g0k0320cga2jalc005ovsrf5jq95utc744m0?imageView2/2/w/540/format/jpg/q/75,2,0.9580078125,0.013964744016695528,0.1835546082915205,0.1830809762739961,0.12686677619407072,黑马,539
69cbc43b000000001d019092,673ec222ccacbd00154e25a7,迪克小馆的店,69152e8b58a96d0001e6e88b,goods_seller,707,58,30,1,383.36,542.2347949080622,8.20367751060820,0.647571,0.882256,69.74658203125,高,B,0.118706,中,中,中,中,,,正常,4,107.0,1350,75,B4,稳定期,http://sns-img-qn.xhscdn.com/1040g00831ucl71nfhu005oho0vo41aua1v21t8g?imageView2/2/w/540/format/jpg/q/75,2,0.8662109375,0.39144206148335625,0.7204609031570535,0.029979426609238784,0.3806274637498828,黑马,540
69b2a744000000000c008c84,667ba913e87bc4000181b25d,茗庐老刘的店,698c3b4dd5afea0001c5a895,goods_seller,1690,152,92,5,915.56,541.7514792899408,8.99408284023669,0.754003,0.909274,99.31361389160156,高,B,0.111262,中,低,中,低,,,正常,2,460.0,7523,94,B3,稳定期,http://sns-img-qn.xhscdn.com/1040g2sg31tk51f4h6u705o7at1009f97bg7ab70?imageView2/2/w/540/format/jpg/q/75,2,0.955078125,0.7214229681926498,0.13530334650622383,0.00042182851560765506,0.28571604773816045,黑马,541
69e59c7e000000002102ffc6,645a010a275ad100017c97ac,艾老板爱微醺的店,6842a6c357fa1600017d3735,goods_seller,4756,237,112,5,2574.0,541.21110176619,4.98317914213625,0.740384,0.879364,32.44458770751953,中,B,0.092621,中,中,高,中,,,正常,2,76.0,16437,55,B4,稳定期,http://sns-img-qn.xhscdn.com/spectrum/1040g34o31v5tgr4jhu105oqg5p6m5crivmfo3sg?imageView2/2/w/540/format/jpg/q/75,2,0.95947265625,0.36496307150363366,0.18370261829699688,0.31461746814084635,0.28776105264715895,黑马,542
68abcd63000000001c036f41,6401aee0d485a10001a597dd,优你咖啡旗舰店,640eadfd5039f70001963742,goods_seller,643,38,13,3,347.96999999999997,541.1664074650076,5.90979782270607,0.689505,0.870309,25.331363677978516,中,B,0.06148,中,低,中,低,,,正常,4,126.0,36923,293,B5,稳定期,http://sns-img-qn.xhscdn.com/1040g2sg31ljdltmbkqe05oc29i5k0hv7fdbseb0?imageView2/2/w/540/format/jpg/q/75,2,0.9248046875,0.2904696357473765,0.4347423885854684,0.40207658037683347,0.37576286823655947,黑马,543
68a4782c000000001b01e966,683d9b0bc3302a0015a9d5a8,崔小元真选的店,689abb5bd42b610001fab694,goods_seller,1602,105,63,11,866.85,541.1048689138577,6.55430711610487,0.728799,0.880185,38.536705017089844,中,B,0.045409,中,中,中,中,,,正常,2,157.0,79317,298,B5,稳定期,http://sns-img-qn.xhscdn.com/1040g2sg31lc9ogq65ie05p4ru7dqpfdjuln3j60?imageView2/2/w/540/format/jpg/q/75,2,0.955078125,0.371963944762666,0.23130263605819754,0.24338025250506934,0.2822156111086443,黑马,544
6a2856bb0000000021009757,637f253e12def30001a8fffb,颐之宜养生的店,6934f6fb02483f00010e8cb8,goods_seller,784,24,5,1,424.15,541.0076530612245,3.06122448979592,0.723061,0.879403,1.2463767528533936,中,B,0.116483,中,中,中,中,,,正常,2,125.0,10076,4,B6,稳定期,http://sns-img-qn.xhscdn.com/1040g00832172opii7a005okgoas5aq8rmlr74e0?imageView2/2/w/540/format/jpg/q/75,2,0.9482421875,0.3653256960170507,0.25727839201930053,0.7236801207761645,0.44876140293750527,黑马,545
69a10c710000000015030d70,637df39580e3750001657093,胡子叔的餐盘的店,683e548953e72e000155f88d,goods_seller,837,120,100,5,452.69999999999993,540.8602150537633,14.33691756272401,0.711265,0.891991,16.59491729736328,中,B,0.212808,中,低,中,中,,,正常,4,378.0,105995,107,B5,稳定期,http://sns-img-qn.xhscdn.com/spectrum/1040g0k031t2uteq15e005n7ieo2lnifgb1qvme0?imageView2/2/w/540/format/jpg/q/75,2,0.87744140625,0.49373917676834955,0.3149282891523467,0.5215206547962642,0.4433960402389869,黑马,546
69f16e7c0000000035029534,663dfe45c7b2730001d9246c,台湾饮品的店,694e5f3e110a7f0001fa28c5,goods_seller,1108,62,13,4,598.33,540.0090252707581,5.59566787003610,0.681436,0.909603,42.967002868652344,中,B,0.07587,中,中,高,中,,,正常,4,37.0,6463,46,B3,稳定期,http://sns-img-qn.xhscdn.com/notes_pre_post/1040g3k831vhc34gojmd05pgedh7iphgb6ungik8?imageView2/2/w/540/format/jpg/q/75,1,0.9453125,0.726470109379394,0.48446634992525495,0.18505690984710566,0.46533112305058494,黑马,547
69e1b471000000002200fd65,63db749042138f00019aef6a,不混咖啡圈卖瑰夏的胡老板的店,698341867db7d20001e4515d,goods_seller,867,68,49,1,468.0,539.7923875432526,7.84313725490196,0.690451,0.89534,55.518856048583984,高,B,0.07917,中,低,中,中,,,正常,4,29.0,13276,58,B3,稳定期,http://sns-img-qn.xhscdn.com/spectrum/1040g0k031v23ekd82s005n8vbfu5i124j16fr10?imageView2/2/w/540/format/jpg/q/75,2,0.9453125,0.5343383212705178,0.4287849858650445,0.09264686292793393,0.3519233900211654,黑马,548
68cd2d6a000000001300b4a8,642a638e6fdda100018a9e20,雪八两茶叶旗舰店,66f52a9a5b73330001371fa3,goods_seller,2720,175,230,9,1466.6,539.1911764705883,6.43382352941176,0.76403,0.91459,35.53063201904297,中,B,0.044931,中,中,中,中,,,正常,2,394.0,162379,268,B5,稳定期,http://sns-img-qn.xhscdn.com/1040g00831mk1rdqiks005n9rn7e40cdrq626un8?imageView2/2/w/540/format/jpg/q/75,1,0.7626953125,0.8053520417980256,0.10458386986960319,0.27865843731036216,0.39619811632599694,黑马,549
69b0076e000000002203092f,62a1b89e43b3640001f2bd03,BRUTO WINES的店,69a3e46b85eac80001e11d75,goods_seller,708,37,12,1,381.65,539.0536723163842,5.22598870056497,0.664059,0.835606,49.392662048339844,高,B,0.196281,中,中,中,中,,,正常,2,32.0,15122,96,B3,稳定期,http://sns-img-qn.xhscdn.com/1040g00831thirtg4l60048lqr8p26vhmc4ktn28?imageView2/2/w/540/format/jpg/q/75,1,0.72265625,0.12328493406154256,0.6030297648121012,0.1303820138241345,0.28556557089925944,黑马,550
69f9f27e000000003601fbd6,620e11934a9f4d000123b28f,HolidayWine假日酒馆的店,684546fe93d07800018c8923,goods_seller,3901,172,78,5,2100.0,538.3235067931299,4.40912586516278,0.67665,0.855466,18.6536922454834,中,B,0.090102,中,中,高,中,,,正常,4,25.0,20400,40,B6,稳定期,http://sns-img-qn.xhscdn.com/notes_uhdr/1040g3qo31vpp30hsiq7040l3lhehtd14qoj90fo?imageView2/2/w/540/format/jpg/q/75,2,0.95361328125,0.19901425336352738,0.5158888740878883,0.49135621568017995,0.4020864477105319,黑马,551
6a2ceebc000000000702e62b,618cdb35014f060001dab980,留膳瓜妈食养的店,64a8ce1d3f699600017158f5,goods_seller,1264,40,8,1,680.0,537.9746835443038,3.16455696202532,0.650727,0.855307,26.67974281311035,中,B,0.063896,中,中,高,中,,,正常,4,2.0,173539,1,B3,成长期,http://sns-img-qn.xhscdn.com/1040g2sg321beanqnnab05nm38gf0bv86qihs880?imageView2/2/w/540/format/jpg/q/75,2,0.4638671875,0.19825200183532407,0.6983704098397052,0.38103695809836746,0.4258864565911322,黑马,552
68945d7e000000000400399a,6781d13db544570015574431,CoffeeBuff旗舰店,68901083e019f200018cd112,goods_seller,807,129,42,4,433.94,537.7199504337051,15.98513011152416,0.706051,0.876337,50.710655212402344,高,B,0.063765,中,中,高,中,,,正常,4,143.0,14959,311,B3,稳定期,http://sns-img-qn.xhscdn.com/notes_pre_post/1040g3k031ksb3kff345g5ng3b4qg8ar9o4krjrg?imageView2/2/w/540/format/jpg/q/75,2,0.9091796875,0.3380548525080295,0.34205852315616536,0.12190844101061232,0.26734060555826905,黑马,553
69b290500000000022030c24,64426227f59230000155ca11,疆进酒少庄主精选葡萄酒的店,68c134b3721a4700010b4721,goods_seller,3609,6,61,8,1938.0,536.9908561928512,0.16625103906899,0.69232,0.874667,5.713983058929443,中,B,0.584011,中,中,高,中,,,正常,2,69.0,5716,94,B4,稳定期,http://sns-img-qn.xhscdn.com/1040g00831tju0bsuno105odj2va41t509s7mho0?imageView2/2/w/540/format/jpg/q/75,1,0.91748046875,0.32434912600091764,0.41786184746088834,0.670892352323017,0.47103444192827437,黑马,554
69ca5eb0000000001a02f772,67d38eb29f157e00150e8a3c,Cheese More的店,6880db71a7c1e3000104ce2b,goods_seller,1487,75,77,6,798.1400000000001,536.745124411567,5.04371217215871,0.663317,0.882044,68.11554718017578,高,B,0.068679,中,低,中,中,,,正常,4,164.0,7626,76,B4,稳定期,http://sns-img-qn.xhscdn.com/1040g2sg31uceba7nige04btk3raq6jpje8lopj0?imageView2/2/w/540/format/jpg/q/75,2,0.955078125,0.3893255184050442,0.608099107499667,0.03469354528366118,0.34403939039612413,黑马,555
69e8bca1000000001a0283bc,6278fb55b1999c0001ecbf50,Patchi旗舰店,69e8bb853aa96f0001e30dfa,goods_seller,1448,67,20,4,777.06,536.6436464088398,4.62707182320442,0.679911,0.736519,7.594381332397461,中,B,0.125602,中,低,中,中,,,正常,2,1844.0,96008,53,B5,稳定期,http://sns-img-qn.xhscdn.com/notes_pre_post/1040g3k031v8tegd3ig5g5ohgcb6od0u6e4bdot0?imageView2/2/w/540/format/jpg/q/75,1,0.958984375,0.013121086985480219,0.4942720127880645,0.6450054023651999,0.3841328340462482,黑马,556
688dd2940000000023033d9a,64101ba4d485a1000174190f,妈妈很忙旗舰店,6816023caca44900011c450c,goods_seller,548,63,13,2,294.0,536.4963503649635,11.49635036496350,0.71081,0.873399,14.839186668395996,中,B,0.057009,中,中,高,中,,,正常,2,51.0,59566,315,B5,稳定期,http://sns-img-qn.xhscdn.com/1040g2sg31km60p4dj0705nmbauh0blboeqcoq70?imageView2/2/w/540/format/jpg/q/75,2,0.9208984375,0.31392182111510736,0.3173186507407901,0.5448766336604355,0.39203903517211103,黑马,557
6943aa35000000001e006329,61d56826c16c8f0001edc8a8,子乐宅旗舰店,692fdb4f4977f3000177e794,goods_seller,676,57,13,1,362.35,536.0207100591716,8.43195266272189,0.68176,0.896747,39.37286376953125,中,B,0.068392,中,低,高,中,,,正常,4,63.0,20656,178,B3,稳定期,http://sns-img-qn.xhscdn.com/1040g2sg31q7p3diong7g5o60gul084ssmii3i4o?imageView2/2/w/540/format/jpg/q/75,1,0.96044921875,0.55170729541317,0.4824016103488596,0.2311324245518997,0.4217471101046431,黑马,558
6a1ed6810000000007029640,683da884daa7580015725385,紫云祥王伟的店,6a1ecbbca7733a00015d5f16,goods_seller,1460,116,71,5,782.0,535.6164383561644,7.94520547945205,0.743798,0.925043,40.54669189453125,中,B,0.124997,中,低,中,中,,,正常,4,1.0,2308,11,B3,稳定期,http://sns-img-qn.xhscdn.com/spectrum/1040g34o320tps99en0105pv3de73i12ojodm3qg?imageView2/2/w/540/format/jpg/q/75,2,0.95947265625,0.9476562615632816,0.17050012580850465,0.2186181785888726,0.4455915219868863,黑马,559
6a2130fa0000000036002622,66a1b6b8a6d8460016697971,食葡专卖店,69e71fd252316e0001120cca,goods_seller,1001,56,41,2,536.0,535.4645354645355,5.59440559440559,0.690803,0.881569,25.319459915161133,中,B,0.244903,中,中,中,中,,,正常,4,16.0,8452,10,B4,稳定期,http://sns-img-qn.xhscdn.com/1040g00832101ovdc6u005oaai3mnuifkvne7m38?imageView2/2/w/540/format/jpg/q/75,2,0.9404296875,0.3850036262451342,0.4266314402853633,0.4028610334058582,0.40483203331211853,黑马,560
69e371e5000000002301c8e1,6503ca6100efc800012aed9e,茶理十八的店,66befbfef33c4700015be751,goods_seller,841,42,14,1,450.0,535.077288941736,4.99405469678954,0.821044,0.86063,37.594783782958984,中,B,0.185344,中,中,中,中,,,正常,2,35.0,38623,57,B4,稳定期,http://sns-img-qn.xhscdn.com/1040g2sg31v3pslh1iie05oru2q67rkntklujh70?imageView2/2/w/540/format/jpg/q/75,2,0.95703125,0.22678833089116823,0.013750129508754792,0.2563163269837041,0.16561826246120903,黑马,561
6a0c007f000000003501e7d1,673ec222ccacbd00154e25a7,迪克小馆的店,6a0c01ede1e1370001ef5af5,goods_seller,4230,457,173,5,2262.8199999999997,534.9456264775413,10.80378250591017,0.623908,0.898884,69.74658203125,高,B,0.20391,中,中,中,中,,,正常,4,31.0,1350,26,B4,稳定期,http://sns-img-qn.xhscdn.com/1040g2sg320bd3guh5ke05oho0vo41aua4lmer4g?imageView2/2/w/540/format/jpg/q/75,2,0.79638671875,0.5774832378668798,0.8584580317629472,0.029979426609238784,0.4886402320796886,黑马,562
6a0719d20000000036001026,63e7bb68384ae90001e78245,山野小青滋补的店,69de2ada4dd26e00013c7ffa,goods_seller,560,51,9,1,299.0,533.9285714285714,9.10714285714286,0.73768,0.891538,14.424476623535156,中,B,0.054337,中,低,中,中,,,正常,4,8.0,17930,30,B4,稳定期,http://sns-img-qn.xhscdn.com/notes_pre_post/1040g3k032069jse15k505omv4di7jvn27r8cio0?imageView2/2/w/540/format/jpg/q/75,2,0.94287109375,0.48850702307475985,0.1941965276852715,0.55292837795835,0.41187730957279384,黑马,563
69be48bc000000001d01edb5,65e57cddbf7fb600014b21bf,阿莹麦茶的店,662e582cc6bc7e0001714ef2,goods_seller,2187,164,68,8,1167.0,533.60768175583,7.49885688157293,0.726205,0.91171,46.373329162597656,中,B,0.093202,中,中,中,中,,,正常,2,101.0,101410,85,B6,稳定期,http://sns-img-qn.xhscdn.com/1040g00831tud7lcs18105ova9gt9gui69qech10?imageView2/2/w/540/format/jpg/q/75,1,0.11322021484375,0.7594097360981602,0.2428844189867235,0.15430783120938976,0.38553399543142447,黑马,564
69dca186000000001a0293ec,620675253451ea000139f451,可梵茶事的店,69883ab71b200000019b05fc,goods_seller,1275,131,45,1,680.0,533.3333333333334,10.27450980392157,0.747327,0.899857,69.59500885009766,高,B,0.084262,中,低,中,中,,,正常,4,26.0,29333,62,B5,稳定期,http://sns-img-qn.xhscdn.com/1040g2sg31ut4qkec2q005ni6hgt0837467ltf28?imageView2/2/w/540/format/jpg/q/75,2,0.323974609375,0.5898938768260734,0.15771206133534627,0.03074907863771591,0.25945167226637855,黑马,565
692c23d0000000001e009205,616e7d5ccb9bda0001df0536,葛之味的店,61a8b0bb163edf00011245e3,goods_seller,1461,85,42,8,779.0,533.1964407939768,5.81793292265572,0.701427,0.910952,36.84762191772461,中,B,0.040011,中,低,中,低,,,正常,2,157.0,5913,196,B3,稳定期,http://sns-img-qn.xhscdn.com/1040g00831pgpec8d3k6g5nt6jseg81qlnuu8ffg?imageView2/2/w/540/format/jpg/q/75,1,0.93017578125,0.7477835501679914,0.3674274380948152,0.2653227358169412,0.4601779080265826,黑马,566
69b3c4b6000000001d01a18b,637df39580e3750001657093,胡子叔的餐盘的店,686238fdb93d4100015237c5,goods_seller,1597,128,29,6,850.89,532.8052598622417,8.01502817783344,0.763922,0.834786,16.59491729736328,中,B,0.120044,中,中,中,中,,,正常,4,65.0,105995,92,B5,稳定期,http://sns-img-qn.xhscdn.com/110/0/01e9b3c3b4c602700010000000019ce6348732_0.jpg?imageView2/2/w/540/format/jpg/q/75,2,0.8076171875,0.12097597797611119,0.10485768837973447,0.5215206547962642,0.24911810705070328,黑马,567
68e5f63a000000000300f019,5fe1dd217a15a300018e9fe3,茶人老郑的店,68d78a4ec67e4700011d6dbd,goods_seller,670,39,23,4,356.0,531.3432835820895,5.82089552238806,0.809421,0.871677,8.931184768676758,中,B,0.147747,中,中,中,中,,,正常,2,32.0,28029,249,B4,稳定期,http://sns-img-qn.xhscdn.com/notes_pre_post/1040g3k031nc8hk4v6gag5n1depp1i8q75djfbm0?imageView2/2/w/540/format/jpg/q/75,2,0.9560546875,0.30062312212305553,0.02314136435623048,0.6278436422302147,0.3172027095698336,黑马,568
6878acda0000000012031fa5,65129e7aae36980001a989ee,泓美堂的店,673ad10aef36300001d5afad,goods_seller,701,121,33,3,372.15,530.8844507845935,17.26105563480742,0.778215,0.897747,-2.568983554840088,中,B,0.060102,低,低,中,低,,,正常,2,178.0,6722,332,B1,成长期,http://sns-img-qn.xhscdn.com/1040g2sg31k16uvdbj2f05p8gpflln8f7uvqbk6o?imageView2/2/w/540/format/jpg/q/75,2,0.042083740234375,0.5635036928496366,0.06925388156239362,0.7642200612761423,0.46565921189605747,黑马,569
69fc0457000000003502628e,63e7bb68384ae90001e78245,山野小青滋补的店,68e3da3dc192ac000195ad94,goods_seller,545,20,6,1,289.0,530.2752293577981,3.66972477064220,0.715387,0.855432,14.424476623535156,中,B,0.073849,中,低,高,中,,,正常,2,20.0,17930,38,B4,稳定期,http://sns-img-qn.xhscdn.com/notes_pre_post/1040g3k831vrnck3d2s8g5omv4di7jvn2jng43a8?imageView2/2/w/540/format/jpg/q/75,2,0.94970703125,0.1988588428577772,0.2943474978908574,0.55292837795835,0.3487115729023282,黑马,570
69abbcef0000000023038d5e,65e57cddbf7fb600014b21bf,阿莹麦茶的店,6650a724c0d6440001319780,goods_seller,505,38,24,3,267.78,530.2574257425742,7.52475247524752,0.650601,0.899608,46.373329162597656,中,B,0.070329,中,中,高,中,,,正常,2,46.0,101410,99,B6,稳定期,http://sns-img-qn.xhscdn.com/1040g00831tdcoi9a580g5ova9gt9gui6lfbj3ro?imageView2/2/w/540/format/jpg/q/75,1,0.1480712890625,0.5867190622086053,0.6992510693722895,0.15430783120938976,0.48009265426342823,黑马,571
68a0e71e000000001c035449,64f57047a5c63e000149558c,新疆尼勒克黑蜂蜂蜜的店,66c1a6d2acee800001002968,goods_seller,2085,205,149,10,1105.1100000000001,530.0287769784173,9.83213429256595,0.682401,0.914102,49.57783126831055,高,B,0.086116,中,低,中,中,,,正常,4,720.0,67803,301,B6,稳定期,http://sns-img-qn.xhscdn.com/1040g2sg31li54vio50005nikfbu087h78pfgha8?imageView2/2/w/540/format/jpg/q/75,1,0.48974609375,0.7972632949987419,0.4782203276941521,0.12787324423131002,0.467785622308068,黑马,572
688b3c07000000002203be34,610bb928ef24650001c28dae,橙路蛋糕TRUEONLY旗舰店,685be26f48753b0001e7ef5f,goods_seller,810,22,10,1,429.0,529.6296296296297,2.71604938271605,0.65971,0.879254,59.090782165527344,高,B,0.067408,中,中,高,中,,,正常,2,110.0,47147,318,B4,稳定期,http://sns-img-qn.xhscdn.com/spectrum/1040g34o31kjl55nf36304a0ihh7idonvd70maro?imageView2/2/w/540/format/jpg/q/75,2,0.76708984375,0.36408241197104924,0.6336382339446146,0.07046756360729986,0.3560627365076545,黑马,573
68102d660000000009017aa8,61ef6bef1ff2ce00010ad572,梅老白茶馆的店,6386c3b1f7c6ac000144301d,goods_seller,788,51,47,1,416.68,528.7817258883249,6.47208121827411,0.720762,0.90562,32.571495056152344,中,B,0.054899,中,低,中,中,,,正常,2,4.0,18403,411,B3,稳定期,http://sns-img-qn.xhscdn.com/1040g2sg31gqhc1o0juf05oa0j307v8pa86qcbjg?imageView2/2/w/540/format/jpg/q/75,1,0.958984375,0.6664150496573569,0.26817192842236137,0.3123677160576055,0.41565156471244125,黑马,574
68394cfc000000001101ce4e,637df39580e3750001657093,胡子叔的餐盘的店,67b2cbaadb1dc10001fed529,goods_seller,1560,173,80,9,824.6,528.5897435897435,11.08974358974359,0.767479,0.907793,16.59491729736328,中,B,0.095176,中,中,中,中,,,正常,4,303.0,105995,380,B5,稳定期,http://sns-img-qn.xhscdn.com/spectrum/1040g34o31i3ks8u26q0g5n7ieo2lnifg38kqsu0?imageView2/2/w/540/format/jpg/q/75,2,0.038909912109375,0.6987552358539437,0.0951556325207584,0.5215206547962642,0.43847717439032213,黑马,575
69cb3f2400000000230210bb,694370d8fc2dfd0015725b8d,桂浩说茶的店,69b79a1619f8df0015df704f,goods_seller,568,36,35,2,300.0,528.169014084507,6.33802816901408,0.718035,0.919666,41.49089431762695,中,B,0.277719,中,中,中,中,,,正常,4,28.0,12694,74,B2,成长期,http://sns-img-qn.xhscdn.com/spectrum/1040g34o31uc5lnro1u105ovlgef43lls85uc80g?imageView2/2/w/540/format/jpg/q/75,2,0.9453125,0.8831535011766796,0.2816260379201634,0.20743602267513284,0.45740518725732526,黑马,576
69f16c2c000000003502887b,637df39580e3750001657093,胡子叔的餐盘的店,65fe8d6396b9a1000133f760,goods_seller,638,83,15,3,336.9,528.0564263322884,13.00940438871473,0.73835,0.886569,16.59491729736328,中,B,0.171174,中,低,中,中,,,正常,4,50.0,105995,46,B5,稳定期,http://sns-img-qn.xhscdn.com/spectrum/1040g34o31vhemaag48105n7ieo2lnifg6ogpcc0?imageView2/2/w/540/format/jpg/q/75,2,0.039794921875,0.4337655225493243,0.1916211535899827,0.5215206547962642,0.38230244364519034,黑马,577
691551e5000000000702324b,6618e73056541c0001322b26,WINE有引力的店,68cebc6655f59b000132d0e7,goods_seller,1492,141,57,2,787.65,527.9155495978553,9.45040214477212,0.740496,0.918733,54.10243225097656,高,B,0.102984,中,中,中,中,,,正常,2,305.0,138375,213,B4,稳定期,http://sns-img-qn.xhscdn.com/1040g2sg31oqgeunu0ue05obeifc7up14gp1ocio?imageView2/2/w/540/format/jpg/q/75,2,0.955078125,0.8697141926794252,0.18325118778029395,0.10623418143066471,0.38639985396346127,黑马,578
69ae24e1000000000d00943b,5e79b3cfbc0ef5000113ec72,橙子快跑 ORANGE RUN零食旗舰店,65fa9721fcf75d00015b8584,goods_seller,1528,285,68,5,806.5999999999999,527.8795811518324,18.65183246073298,0.69087,0.893859,14.147629737854004,中,B,0.118471,中,低,高,中,,,正常,4,180.0,33983,97,B3,稳定期,http://sns-img-qn.xhscdn.com/note_pre_post_uhdr/1040g3r031tfo3ucglm2049vvs5seg24ik4stmc0?imageView2/2/w/540/format/jpg/q/75,1,0.95947265625,0.5162811006024007,0.4262392137708509,0.5567988396015571,0.49977305132493627,黑马,579
69c652fa000000001a028888,637f253e12def30001a8fffb,颐之宜养生的店,64c8b8cdc9f72f000119e59e,goods_seller,529,18,4,3,279.2,527.7882797731569,3.40264650283554,0.732965,0.902588,10.211000442504883,中,B,0.101228,中,中,中,中,,,正常,2,122.0,3254,77,B6,稳定期,http://sns-img-qn.xhscdn.com/1040g00831u7bagsq2a4g5piunkg3ckj3d8bfsro?imageView2/2/w/540/format/jpg/q/75,1,0.060882568359375,0.6252386661338306,0.21326761689090182,0.6143969332326865,0.4843010720858063,黑马,580
689558790000000023034cf6,67122770e0e86f0015e34500,味多多零食的店,6731b2547ec1440001805952,goods_seller,2403,9,50,8,1267.0,527.257594673325,0.37453183520599,0.687258,0.874613,8.714864730834961,中,B,0.059778,中,低,中,中,,,正常,2,126.0,35859,310,B3,稳定期,http://sns-img-qn.xhscdn.com/spectrum/1040g34o31l0hkocr3q0g5pn32hkne54l7l6mkgg?imageView2/2/w/540/format/jpg/q/75,2,0.95947265625,0.3239865014875006,0.4481816970827228,0.6298047748027766,0.46732432445766664,黑马,581
69d4bdd3000000001a02c202,64d5f55b6bd5b600012b371e,瘦龙的店,67074c6ca522a9000134ec98,goods_seller,753,70,31,3,397.0,527.2244355909695,9.29614873837981,0.701902,0.844444,11.839089393615723,中,B,0.060073,中,中,中,中,,,正常,4,18.0,71471,67,B3,稳定期,http://sns-img-qn.xhscdn.com/spectrum/1040g34o31ulecbuf1m0g4a34nnfvfgqgqrf1qa8?imageView2/2/w/540/format/jpg/q/75,1,0.93603515625,0.1523985021387446,0.36485206399952635,0.5900048843301807,0.36908515015615057,黑马,582
6a28fc4d0000000035027986,64db41bab806f80001c66b43,鑫鑫嘟妈教你瘦的店,6a264c0f14e0a00001634a26,goods_seller,509,34,17,2,268.0,526.5225933202357,6.67976424361493,0.776068,0.888469,59.30793380737305,高,B,0.063567,中,中,中,中,,,正常,4,5.0,3195,4,B2,成长期,http://sns-img-qn.xhscdn.com/1040g0083217mvb0vn0004a72dc62pgkjr4b8a08?imageView2/2/w/540/format/jpg/q/75,1,0.2470703125,0.4549679558338144,0.07387179373325636,0.07001613309059693,0.19961862755255588,黑马,583
699f84190000000022033452,6230023896e3340001ac76ab,平阴玫瑰的店,6879b3e8eab7930001182d6c,goods_seller,659,34,15,2,346.8,526.2518968133536,5.15933232169954,0.741313,0.874369,7.163928508758545,中,B,0.067734,中,中,中,中,,,正常,2,189.0,62676,108,B4,稳定期,http://sns-img-qn.xhscdn.com/1040g00831t1eh53gl81g5ogq865oc9ls1092vu8?imageView2/2/w/540/format/jpg/q/75,2,0.96044921875,0.3220549709160339,0.1798839601557065,0.6509850065864452,0.38430797921939525,黑马,584
6a228c50000000003601a161,64fb1bfb8265a10001b22697,罗昇号丨罗掌柜的有趣茶的店,67d822460144270001ebff9d,goods_seller,1705,94,42,2,895.33,525.1202346041056,5.51319648093842,0.700042,0.732665,48.59272766113281,中,B,0.181825,中,中,中,中,,,正常,4,21.0,4712,9,B3,稳定期,http://sns-img-qn.xhscdn.com/1040g0083211dr6nnnk0g5o0ase008k4502et0d8?imageView2/2/w/540/format/jpg/q/75,1,0.044525146484375,0.012210825451800541,0.37496854787383627,0.13594719003004604,0.17437552111856094,黑马,585
69e6e04a000000001d01d393,6401ef31338c4600010b463a,家乡古月的店,6603c964f8b8cd00018dfaa5,goods_seller,667,28,15,3,350.0,524.7376311844077,4.19790104947526,0.787396,0.890466,33.469329833984375,中,B,0.05167,中,低,低,低,,,正常,4,49.0,65029,54,B4,稳定期,http://sns-img-qn.xhscdn.com/1040g2sg31v74voi8k0005nn8s3ag8u8ibod34l0?imageView2/2/w/540/format/jpg/q/75,2,0.303466796875,0.47656261563281677,0.05159628790906265,0.3006897266255199,0.2762828767224665,黑马,586
697c044b0000000021032b19,62ff6d8b6c7ba80001250a7a,葡小皮的店,68c43259e8b4ad000143b198,goods_seller,5901,368,328,8,3093.0,524.1484494153533,6.23623114726318,0.685071,0.898422,72.49688720703125,高,B,0.060631,中,低,中,中,,,正常,2,701.0,82615,135,B4,稳定期,http://sns-img-qn.xhscdn.com/spectrum/1040g0k031rupa5ai240047k66aahghpn5ctqa7g?imageView2/2/w/540/format/jpg/q/75,2,0.90869140625,0.5717552506549443,0.4612731820671077,0.023170966357325753,0.3520664663597926,黑马,587
69ca2d52000000001e00ee9c,659d244a60b4ac00010229ee,杯中兽小酒铺的店,68726885f7fa4e0001d56970,goods_seller,1864,222,96,5,977.0,524.1416309012875,11.90987124463519,0.67417,0.868471,36.45841598510742,中,B,0.093734,中,中,中,中,,,正常,4,40.0,2610,76,B4,稳定期,http://sns-img-qn.xhscdn.com/notes_pre_post/1040g3k031ub46a9jig105n6qr6qkniivs2tqur0?imageView2/2/w/540/format/jpg/q/75,2,0.89599609375,0.27684531474327667,0.5331172387253378,0.26968903097849417,0.35988386148236956,黑马,588
6628d02300000000040180b3,60d690dfe84ffd00018f6146,阿尔帝旗舰店,650bb80948c79b0001ceed27,goods_seller,840,34,6,3,440.23,524.0833333333334,4.04761904761905,0.636539,0.83369,29.394010543823242,中,B,0.048069,中,中,高,中,,,正常,2,9536.0,10746,781,B3,稳定期,http://sns-img-qn.xhscdn.com/1040g2sg311vhkro42u005n277le47jjskn4sf60?imageView2/2/w/540/format/jpg/q/75,1,0.958984375,0.11777896185782159,0.7923123603155573,0.34828974438672056,0.41946035552003313,黑马,589
66acb97d0000000027010955,62a1b89e43b3640001f2bd03,BRUTO WINES的店,67ee5478ab6a3e0001aaaa9a,goods_seller,1064,30,25,1,557.11,523.5996240601504,2.81954887218045,0.64279,0.673508,49.392662048339844,高,B,0.691492,中,中,高,中,,,正常,2,182.0,15122,681,B3,稳定期,http://sns-img-qn.xhscdn.com/spectrum/1040g34o3160b94fdhc0g48lqr8p26vhm2u35810?imageView2/2/w/540/format/jpg/q/75,2,0.62646484375,0.003744653138552166,0.7529639003596643,0.1303820138241345,0.29569685577411703,黑马,590
69c3a77e000000001b00273e,6536171159c59b0001973bc2,HARNEY&SONS海外旗舰店,655448f71996a50001194d6f,goods_seller,1097,33,36,4,574.24,523.4639927073838,3.00820419325433,0.725585,0.883247,20.93271827697754,中,B,0.054882,中,中,高,中,,,正常,4,42.0,12751,81,B3,稳定期,http://sns-img-qn.xhscdn.com/spectrum/1040g34o31u4o5rca2s4g4a5oph3qgau9jd2u3m0?imageView2/2/w/540/format/jpg/q/75,2,0.958984375,0.40020425380755736,0.24570400959104835,0.45972647750987966,0.3685449136361618,黑马,591
6449bfeb0000000013037af1,637df39580e3750001657093,胡子叔的餐盘的店,642a33ba4b147c00011897e0,goods_seller,571,26,5,2,298.52,522.8021015761822,4.55341506129597,0.760449,0.898087,16.59491729736328,中,B,,中,低,中,中,,,正常,2,2551.0,105995,1144,B5,稳定期,http://sns-img-qn.xhscdn.com/1000g0082derkobuh40005n7ieo2lnifg21qrieo?imageView2/2/w/540/format/jpg/q/75,2,0.956186,0.5675591669996892,0.11472255524473454,0.5215206547962642,0.4012674590135627,黑马,592
69e04eea0000000023004a3a,62b4209f14b93b000180da6e,Soileta旗舰店,68a835a78f531300015685f1,goods_seller,893,9,15,4,466.28999999999996,522.161254199328,1.00783874580067,0.697496,0.854753,5.337485313415527,中,B,0.05911,中,中,高,中,,,正常,2,32.0,7544,59,B6,稳定期,http://sns-img-qn.xhscdn.com/spectrum/1040g34o31v0nqd1ihu105ng5eqg081ertpvjnb8?imageView2/2/w/540/format/jpg/q/75,1,0.9375,0.1954694137323683,0.3890665008954605,0.6749922294747125,0.41984271470084716,黑马,593
6a28fdd400000000060325ab,65e590f50d7eaa000186e811,Louis优选玖的店,69d1232110b42d0001abc363,goods_seller,633,21,4,1,330.0,521.3270142180095,3.31753554502370,0.742752,0.833487,35.46834182739258,中,B,0.05636,中,中,中,中,,,正常,4,12.0,11776,4,B3,成长期,http://sns-img-qn.xhscdn.com/notes_pre_post/1040g3k83217n78mknk004b58qhet6p6kopgilj0?imageView2/2/w/540/format/jpg/q/75,2,0.95068359375,0.11726832733892811,0.17440758995308084,0.27949469384130365,0.19039020371110418,黑马,594
692eee2f000000001b027f69,66de9b426283a200162e969d,韩要强现烤坚果的店,66dee783f63d3900013b7837,goods_seller,1101,46,77,10,573.4999999999999,520.8900999091734,4.17801998183470,0.627809,0.868975,45.658180236816406,中,B,0.145609,中,低,中,中,,,正常,4,1081.0,56069,194,B6,稳定期,http://sns-img-qn.xhscdn.com/1040g00831pjgniht4a005nfo2etg82c7svdelno?imageView2/2/w/540/format/jpg/q/75,1,0.9482421875,0.280501161878543,0.8405044180986635,0.16204875449580391,0.4276847781576702,黑马,595
6961f5de000000001a020001,6874d1a05bb5eb0015854e76,闲吉MATCHA的店,6961f0bd5739d500013817b4,goods_seller,704,53,14,3,365.85,519.6732954545455,7.52840909090909,0.677519,0.906922,65.49440002441406,高,B,0.173804,中,中,中,中,,,正常,4,178.0,2772,155,B3,稳定期,http://sns-img-qn.xhscdn.com/notes_pre_post/1040g3k831r5be2kgg0005nibhil08a19gsfpjeo?imageView2/2/w/540/format/jpg/q/75,0,0.95068359375,0.6853603303583322,0.5104051033849888,0.04276749108239717,0.4128443082752394,黑马,596
66794d54000000001c0208b4,644a32b3ebbcb2000135d097,醒醒来喝茶的店,66649442646d150001d49122,goods_seller,519,68,40,4,269.70000000000005,519.6531791907515,13.10211946050096,0.691396,0.864344,74.34223937988281,高,B,0.062644,中,低,中,中,,,正常,2,3536.0,205603,720,B4,稳定期,http://sns-img-qn.xhscdn.com/1040g008314e4tsq3m85g4a4r3pifngu7mg4r4bo?imageView2/2/w/540/format/jpg/q/75,2,0.93603515625,0.24910083921673104,0.4231680061572162,0.020795405769430012,0.23102141704779244,黑马,597
6899d7bd0000000025021775,63441c8b5b41a200012b5698,南旗的店,6836a1d9f078780001cc6d38,goods_seller,836,60,27,2,433.9,519.0191387559809,7.17703349282297,0.688382,0.91049,86.56961059570312,高,B,0.066243,中,中,中,中,,,正常,2,59.0,10663,307,B5,稳定期,http://sns-img-qn.xhscdn.com/notes_pre_post/1040g3k831l1t723tia305og0edok10mosu94i4o?imageView2/2/w/540/format/jpg/q/75,1,0.86865234375,0.7404496543966372,0.44136583633053594,0.005209952192768231,0.39567514763998046,黑马,598
69e46a9c000000001d01e7e9,64c0c493421de40001754bce,小妖儿酒馆的店,69e06d018c762b0001554599,goods_seller,1016,87,45,1,527.0,518.7007874015748,8.56299212598425,0.762678,0.920304,58.30400085449219,高,B,0.059808,中,低,中,中,,,正常,4,36.0,2490,56,B3,稳定期,http://sns-img-qn.xhscdn.com/notes_pre_post/1040g3k031v4l6b9dhu3g4b08agql8qlknii8b5g?imageView2/2/w/540/format/jpg/q/75,2,0.57421875,0.892470731021417,0.10828412000651244,0.07485606026967423,0.3585369704325346,黑马,599
69d3833300000000230160f6,620e11934a9f4d000123b28f,HolidayWine假日酒馆的店,66cae1b04e4f280001f6e09e,goods_seller,5327,301,71,8,2758.0,517.7398160315374,5.65045992115637,0.660644,0.813699,18.6536922454834,中,B,0.108248,中,中,中,中,,,正常,4,25.0,20400,69,B6,稳定期,http://sns-img-qn.xhscdn.com/spectrum/1040g34o31uk7tb90hm6g40l3lhehtd14u20d100?imageView2/2/w/540/format/jpg/q/75,2,0.95263671875,0.0737607862291491,0.6273774107129642,0.49135621568017995,0.3974981375407644,黑马,600
69b2942c000000001d0118d7,64ed654348a43f00018298d4,朴道仁智的店,6705e4164ae1870001964e4c,goods_seller,1074,93,23,3,556.0,517.6908752327747,8.65921787709497,0.619747,0.874787,62.8764533996582,高,B,0.050785,中,中,中,中,,,正常,2,68.0,2101,94,B3,稳定期,http://sns-img-qn.xhscdn.com/spectrum/1040g34o31tk1uii7mo0g5oak6u1gkg5abuvuf9o?imageView2/2/w/540/format/jpg/q/75,2,0.9404296875,0.32537779553897844,0.8759972174118971,0.05592558056924648,0.41910019784004066,黑马,601
6a1034d500000000380223d2,64b37e57fdff9300018ec74d,酒类手账的店,64d094e720e9ff0001b0cf69,goods_seller,3045,125,50,5,1573.57,516.7717569786536,4.10509031198686,0.660712,0.853933,33.075286865234375,中,B,0.085888,中,中,中,中,,,正常,4,14.0,7854,23,B4,稳定期,http://sns-img-qn.xhscdn.com/spectrum/1040g0k0320fgjp2jmk205oe5oj6ocpggh76ctbg?imageView2/2/w/540/format/jpg/q/75,1,0.958984375,0.1915841510886136,0.6269703831979042,0.3042937702588695,0.3742827681817958,黑马,602
69da0896000000001a02e460,6503ca6100efc800012aed9e,茶理十八的店,69402ca55e8e270015b5b752,goods_seller,785,29,13,1,405.51,516.5732484076433,3.69426751592357,0.788601,0.866805,37.594783782958984,中,B,0.272836,中,低,中,低,,,正常,2,34.0,38623,64,B4,稳定期,http://sns-img-qn.xhscdn.com/1040g00831uq81k212q1g5oru2q67rkntjqf058g?imageView2/2/w/540/format/jpg/q/75,2,0.9580078125,0.2651155218092743,0.04952414783239347,0.2563163269837041,0.19031866554179064,黑马,603
6a0528c1000000003502ad62,673ec222ccacbd00154e25a7,迪克小馆的店,682292c3a68756000115cc22,goods_seller,4229,376,136,5,2183.86,516.4010404350911,8.89099077796169,0.607192,0.893663,69.74658203125,高,B,0.229501,中,中,中,中,,,正常,4,57.0,1350,31,B4,稳定期,http://sns-img-qn.xhscdn.com/1040g2sg3204n8vbr1m005oho0vo41aua3kq5f30?imageView2/2/w/540/format/jpg/q/75,1,0.64892578125,0.5136687240057428,0.9164187499074937,0.029979426609238784,0.48668896684082513,黑马,604
6870b64e000000001203f4c0,62ff6d8b6c7ba80001250a7a,葡小皮的店,6502dfa15013b90001c7db30,goods_seller,6769,463,270,6,3493.0,516.028955532575,6.84000590929236,0.722563,0.897488,72.49688720703125,高,B,0.061495,中,中,中,中,,,正常,2,2151.0,82615,338,B4,稳定期,http://sns-img-qn.xhscdn.com/spectrum/1040g0k031jpo8rhbia0047k66aahghpn6jpc5ig?imageView2/2/w/540/format/jpg/q/75,2,0.955078125,0.5605434927401093,0.25957254710418426,0.023170966357325753,0.2810956687338731,黑马,605
68c3d5b4000000001d02f972,62ff6d8b6c7ba80001250a7a,葡小皮的店,68c3d07034db2a000138ffc8,goods_seller,6357,360,291,19,3270.66,514.4974044360547,5.66304860783388,0.814913,0.880363,72.49688720703125,高,B,0.121319,中,中,高,中,,,正常,2,715.0,82615,275,B4,稳定期,http://sns-img-qn.xhscdn.com/spectrum/1040g0k031mau0nre500047k66aahghpnrp50ge0?imageView2/2/w/540/format/jpg/q/75,2,0.939453125,0.37363645782454896,0.018086822669212438,0.023170966357325753,0.1382980822836957,黑马,606
69fbfb5e000000003701e4b7,658aac609c3f2f0001a7d17b,五常大米陈红的店,66096be6d391df000194fa15,goods_seller,620,23,11,1,318.75,514.1129032258065,3.70967741935484,0.707678,0.823388,25.798574447631836,中,B,0.078577,中,低,中,中,,,正常,4,129.0,5798,38,B3,稳定期,http://sns-img-qn.xhscdn.com/note_pre_post_uhdr/1040g3r031vro57ft2a9g5pbc9v0ma4rp586j17o?imageView2/2/w/540/format/jpg/q/75,2,0.96044921875,0.09205482290602844,0.33337033583470244,0.39467608010301497,0.27336707961458195,黑马,607
695fa2fc0000000009039706,676b80d74079990015d31180,王大皮的店的店,686e2b2c7398810001f389f3,goods_seller,1504,129,110,14,772.9499999999999,513.9295212765957,8.57712765957447,0.741738,0.901228,10.69481086730957,中,B,0.045604,中,中,低,低,,,正常,4,281.0,8572,157,B3,稳定期,http://sns-img-qn.xhscdn.com/1040g2sg31r32rugt6ul05pjijht1ont5lcpi8kg?imageView2/2/w/540/format/jpg/q/75,1,0.57666015625,0.607692079984607,0.17830765359738318,0.6065154004410698,0.46417171134102,黑马,608
69ddc1cc000000002200d5b3,64d21070884d8e0001428e24,九窝颜食社旗舰店,6878a994e58d0700011e68c3,goods_seller,1692,72,28,1,869.16,513.6879432624113,4.25531914893617,0.733394,0.896012,8.307894706726074,中,B,0.053591,中,低,中,低,,,正常,2,28.0,17348,61,B4,稳定期,http://sns-img-qn.xhscdn.com/spectrum/1040g34o31uu846ib3m104bj365t3inr6bv6nccg?imageView2/2/w/540/format/jpg/q/75,1,0.2264404296875,0.5425010730725397,0.21159510382901883,0.6346669034826754,0.4629210267947446,黑马,609
69fc77f7000000003701ec81,67ee36f24c9b210015ebd032,饮真堂茶生活的店,69d5d2a6ccba710001c0c7d6,goods_seller,4191,188,223,6,2148.7,512.6938678119781,4.48580291099976,0.761092,0.929499,83.97535705566406,高,B,0.069435,中,低,中,低,,,正常,4,76.0,15832,38,B3,稳定期,http://sns-img-qn.xhscdn.com/spectrum/1040g34o31vs7r8rvis105nh70h4085rldjlpv68?imageView2/2/w/540/format/jpg/q/75,1,0.281982421875,0.9784867457040096,0.11291683317792282,0.0076817192842236134,0.36636176605538534,黑马,610
66dc2bb70000000027007cc9,63fc9bcd74492600015487ae,向阳山下地道滋补小铺的店,66725a71646d150001244e2b,goods_seller,973,92,39,6,498.8,512.6413155190133,9.45529290853032,0.686801,0.866914,35.04185104370117,中,B,0.051553,中,低,中,中,,,正常,2,1701.0,22522,645,B3,稳定期,http://sns-img-qn.xhscdn.com/1040g008317emijbck6005ove6kqjq42n990u51g?imageView2/2/w/540/format/jpg/q/75,1,0.958984375,0.2657075618311798,0.4509864866865,0.28507467104776285,0.33392290652181417,黑马,611
697e04c5000000002801f0f6,5fe48f2a8b8c750001fd2f88,So Acai旗舰店,662f5c2f3bf0c50001494f31,goods_seller,1161,66,20,3,593.9,511.541774332472,5.68475452196382,0.736071,0.652539,-13.745989799499512,中,B,0.09374,中,中,中,中,,,正常,2,178.0,182253,134,B6,稳定期,http://sns-img-qn.xhscdn.com/notes_pre_post/1040g3k831s0nehl64cq05nd2v16086498h6al18?imageView2/2/w/540/format/jpg/q/75,1,0.900390625,0.0023533590870742863,0.20032414191199324,0.8575551707295413,0.35341089057620295,黑马,612
67d3fc50000000001d02514b,62a1b89e43b3640001f2bd03,BRUTO WINES的店,638ede1c3dd2ad00013c043e,goods_seller,2096,188,31,4,1071.21,511.07347328244276,8.96946564885496,0.650676,0.691316,49.392662048339844,高,B,0.064583,中,中,中,中,,,正常,2,130.0,15122,457,B3,稳定期,http://sns-img-qn.xhscdn.com/notes_pre_post/1040g3k831f0mb6g6mqag48lqr8p26vhmp6mi100?imageView2/2/w/540/format/jpg/q/75,1,0.378662109375,0.005380163699066057,0.6986960318517532,0.1303820138241345,0.2781527364583179,黑马,613
68367f00000000001101fe58,66e53bf6d43a4b0015ab6076,gurunie咕噜妮烘焙旗舰店,6706a90b4cd28900010961e6,goods_seller,726,104,62,6,370.25,509.9862258953168,14.32506887052342,0.730504,0.925342,63.439815521240234,高,B,0.129867,低,低,中,中,,,正常,4,136.0,7229,382,B4,稳定期,http://sns-img-qn.xhscdn.com/spectrum/1040g34o31i0s0bno6s005p3mu487omdojftjst8?imageView2/2/w/540/format/jpg/q/75,1,0.9375,0.9504536506667851,0.22390953628465285,0.051892307920015396,0.40875183162381773,黑马,614
67cac3810000000028028c7b,62ff6d8b6c7ba80001250a7a,葡小皮的店,66bda0eb5a1fe600014beea6,goods_seller,5672,473,244,8,2892.0,509.87306064880113,8.33921015514810,0.71789,0.903301,72.49688720703125,高,B,0.094594,,,,,,,正常,2,739.0,82615,464,B4,稳定期,http://sns-img-qn.xhscdn.com/spectrum/1040g0k031enmhlr05o0047k66aahghpnsjpoe80?imageView2/2/w/540/format/jpg/q/75,2,0.91015625,0.6345706969791158,0.28244009295028344,0.023170966357325753,0.3133939187622417,黑马,615
69f5df900000000035020209,61ef6bef1ff2ce00010ad572,梅老白茶馆的店,69f5aeed0511b500015c50ad,goods_seller,781,32,9,1,398.0,509.60307298335465,4.09731113956466,0.760243,0.901509,32.571495056152344,中,B,0.089593,中,中,高,中,,,正常,2,6.0,18403,42,B3,稳定期,http://sns-img-qn.xhscdn.com/spectrum/1040g0k031vlpkd6q2s005oa0j307v8pa5tudfco?imageView2/2/w/540/format/jpg/q/75,2,0.96044921875,0.611236919615766,0.11537379926883057,0.3123677160576055,0.346326144980734,黑马,616
69b6c675000000002103b625,666d19a9265430000186d97b,阿班长（收山货）的店,666dd2950f78be00010b56a1,goods_seller,967,45,36,3,492.0,508.79007238883145,4.65356773526370,0.745744,0.92519,39.73691940307617,中,B,0.054573,中,中,高,中,,,正常,4,170.0,57600,91,B2,成长期,http://sns-img-qn.xhscdn.com/1040g00831to5sqbfmu005ohu1puk13jkvafrvn0?imageView2/2/w/540/format/jpg/q/75,1,0.80322265625,0.9491807646196883,0.16328463804153162,0.22470138981395144,0.44572226415839045,黑马,617
6a063477000000000702b36d,659d244a60b4ac00010229ee,杯中兽小酒铺的店,68726885f7fa4e0001d56970,goods_seller,1531,146,36,2,775.31,506.407576747224,9.53625081645983,0.702976,0.838149,36.45841598510742,中,B,0.095015,中,中,高,中,,,正常,4,8.0,2610,30,B4,稳定期,http://sns-img-qn.xhscdn.com/notes_pre_post/1040g3k03205nevddiq605n6qr6qkniiv2f9kaco?imageView2/2/w/540/format/jpg/q/75,2,0.89111328125,0.13094445184494471,0.3589908677826621,0.26968903097849417,0.2532081168687003,黑马,618
697f1d4f000000000d00b906,64ce222ca2578000012c05ce,Perry佩利酒饮馆的店,64d9d148ce5dbd0001bda60e,goods_seller,532,92,9,2,269.4,506.390977443609,17.29323308270677,0.724746,0.8629,5.581294536590576,中,B,0.057943,中,低,中,中,,,正常,4,8.0,1907,133,B2,成长期,http://sns-img-qn.xhscdn.com/spectrum/1040g0k031s1q7p8bju705p5tted56ui51sc4pn8?imageView2/2/w/540/format/jpg/q/75,2,0.8857421875,0.24005742788212484,0.2495596702337078,0.673260512410639,0.3876258701754905,黑马,619
6909f2020000000005031de9,635b9f9ae0d2240001ffa35f,上英山旗舰店,68ef095529904900011db5a9,goods_seller,652,66,45,4,330.1,506.28834355828224,10.12269938650307,0.730155,0.887597,41.3848762512207,中,B,0.05078,中,低,中,中,,,正常,4,204.0,31035,222,B4,稳定期,http://sns-img-qn.xhscdn.com/1040g2sg31ofcpr4gmm7g5nigmisg87ieev980s0?imageView2/2/w/540/format/jpg/q/75,1,0.357666015625,0.4449624794636117,0.2252564273344878,0.20902713023400382,0.29308201234403447,黑马,620
69e1a5f3000000001a0370b0,64a2a16de916d0000181cd86,兔总的葡萄酒买手店的店,6847915b9d4a550001abacd8,goods_seller,1406,69,19,3,711.0,505.68990042674255,4.90753911806543,0.681952,0.674319,43.1324577331543,中,B,0.080843,中,中,高,中,,,正常,4,17.0,8030,58,B4,稳定期,http://sns-img-qn.xhscdn.com/spectrum/1040g0k031v21ljf6is205ovsrf5jq95ucrj6f08?imageView2/2/w/540/format/jpg/q/75,2,0.95263671875,0.0038482601423856255,0.48110652280094135,0.1830809762739961,0.2226785864057744,黑马,621
6a2287ff000000000603157c,655d96959665fd00016d9b61,小婷婷滋补礼盒批发的店,6a1810ac6bc69c0001ea39bc,goods_seller,1063,49,15,2,537.2,505.36218250235186,4.60959548447789,0.641425,0.858525,37.836856842041016,中,B,0.093755,中,中,高,中,,,正常,4,92.0,28531,9,B3,成长期,http://sns-img-qn.xhscdn.com/1040g0083211danjgne004a5ajbfh0g25g0lplgo?imageView2/2/w/540/format/jpg/q/75,1,0.95947265625,0.21496973195388008,0.7616890901824963,0.25350413687965306,0.41005431967200984,黑马,622
69ed76fd00000000360305b9,620a5e5e5e3c4500018b6468,一颗马卡龙的店,69b140253026640001f56faa,goods_seller,879,57,19,3,444.0,505.1194539249147,6.48464163822526,0.693749,0.904759,67.53907012939453,高,B,0.07559,中,低,中,中,,,正常,4,33.0,26163,49,B2,成长期,http://sns-img-qn.xhscdn.com/1040g00831vdikine3q005ng6id4g9cevg8mjhv8?imageView2/2/w/540/format/jpg/q/75,1,0.83984375,0.6544928437162352,0.41006172017228365,0.036565871852937255,0.36704014524715206,黑马,623
6a071989000000003700fb94,686cb420464b280015ba10a9,堂姐的杏南堂的店,687cca43e58d0700016ab9ec,goods_seller,1102,60,20,2,556.0,504.5372050816697,5.44464609800363,0.811401,0.911536,29.780237197875977,中,B,0.195549,中,中,中,中,,,正常,2,19.0,32751,30,B3,成长期,http://sns-img-qn.xhscdn.com/1040g2sg3206jt11262k05nqollbg90i0qd3kc1g?imageView2/2/w/540/format/jpg/q/75,1,0.220947265625,0.7569009665053358,0.021254236786406762,0.3444266832437873,0.37419396217851,黑马,624
68c40de3000000001c03f998,6618e73056541c0001322b26,WINE有引力的店,682ed33fd5fe8c00011e7bd2,goods_seller,2626,63,63,4,1322.3600000000001,503.5643564356437,2.39908606245240,0.730831,0.91834,54.10243225097656,高,B,0.1202,中,中,中,中,,,正常,2,1575.0,138375,273,B4,稳定期,http://sns-img-qn.xhscdn.com/1040g2sg31mb4tn7v50705obeifc7up141rsp0io?imageView2/2/w/540/format/jpg/q/75,2,0.95703125,0.8633941654455841,0.2225330432337226,0.10623418143066471,0.39738713003665715,黑马,625
63771213000000002301b36d,62a1a1e2b25d7e000184eb86,妈妈很忙手工美食的店,6364bcfda7a4f1000115f895,goods_seller,513,54,23,1,258.0,502.92397660818716,10.52631578947368,0.695893,0.825141,14.73381519317627,中,B,,中,中,高,中,,,正常,2,13648.0,35134,1304,B4,稳定期,http://sns-img-qn.xhscdn.com/0302bi01ko2cgh01ufq010or84d1zixkhq?imageView2/2/w/540/format/jpg/q/75,2,0.958538,0.09634711306484318,0.39811731273034057,0.546970975237926,0.3471451336777032,黑马,626
69f70d44000000003502e792,67bfcd938e336c0015d6cdf3,老乔说的店,67e90ac9c90d830001c74972,goods_seller,793,47,18,1,398.0,501.89155107187895,5.92686002522068,0.788156,0.927364,50.93510818481445,高,B,0.081308,中,中,中,中,,,正常,4,33.0,20974,42,B3,稳定期,http://sns-img-qn.xhscdn.com/spectrum/1040g34o31vmug6f7jm105o5n618g9ftfr0kbacg?imageView2/2/w/540/format/jpg/q/75,2,0.0938720703125,0.9664091292571377,0.050353003863061144,0.11988070393558604,0.3788809456852616,黑马,627
69fc4a570000000036001024,62ecfcb2d855f30001c7975d,妈妈很忙轻养的店,63f70d65f0913a000189ab18,goods_seller,771,29,19,3,386.76,501.6342412451362,3.76134889753567,0.74458,0.895526,8.988424301147461,中,B,0.118259,中,中,高,中,,,正常,4,20.0,29134,37,B4,稳定期,http://sns-img-qn.xhscdn.com/1040g2sg31vs25sl61me05on8maenqhm26ku2rbo?imageView2/2/w/540/format/jpg/q/75,1,0.45556640625,0.5364252623477347,0.16757692820034634,0.6264671491792845,0.4434897799091218,黑马,628
6a190208000000000702cfd6,64d21070884d8e0001428e24,九窝颜食社旗舰店,69b3cc421b6b3f0001d33d07,goods_seller,3152,96,75,4,1578.9,500.9200507614213,3.04568527918782,0.717769,0.868211,8.307894706726074,中,B,0.047334,中,低,中,低,,,正常,2,92.0,17348,16,B4,稳定期,http://sns-img-qn.xhscdn.com/spectrum/1040g34o320o3neht5i104bj365t3inr65dls9e0?imageView2/2/w/540/format/jpg/q/75,2,0.319580078125,0.2750025901750958,0.28304693397273656,0.6346669034826754,0.3975721425435026,黑马,629
69e47a65000000001f002728,66f3bf3f72275e00155475c7,兔吉酒太甜的店,69c8b6e3d95b5a00014fa766,goods_seller,1029,67,44,1,515.0,500.48590864917395,6.51117589893100,0.748783,0.880002,35.32285690307617,中,B,0.071939,中,中,高,中,,,正常,2,12.0,1676,56,B4,稳定期,http://sns-img-qn.xhscdn.com/spectrum/1040g34o31v4q58lrhu105pb850h86aaj4r50248?imageView2/2/w/540/format/jpg/q/75,2,0.89892578125,0.37055784971064043,0.15254651214422094,0.28117460740346045,0.26809298975277396,黑马,630
6a14d0e7000000003701dc1b,61ef6bef1ff2ce00010ad572,梅老白茶馆的店,64890a78f835e70001909d35,goods_seller,716,39,12,1,358.0,500.0,5.44692737430168,0.707057,0.903991,32.571495056152344,中,B,0.055798,中,低,中,中,,,正常,4,2.0,18403,19,B3,稳定期,http://sns-img-qn.xhscdn.com/1040g008320k0ln9b6e2g5oa0j307v8pajj07lp0?imageView2/2/w/540/format/jpg/q/75,0,0.93701171875,0.643614108313722,0.3366265559551826,0.3123677160576055,0.4308694601088367,黑马,631
669792d30000000025014073,6498003e3bb0f90001991edc,广东省中药研究所旗舰店,658fb885c76db100011586af,goods_seller,584,48,24,3,291.6,499.3150684931507,8.21917808219178,0.713642,0.860839,-13.400150299072266,中,B,0.109207,中,低,中,中,,,正常,2,581.0,50275,697,B3,成长期,http://sns-img-qn.xhscdn.com/spectrum/1040g0k0315bmqlh5gk005othidh9t29des4bd30?imageView2/2/w/540/format/jpg/q/75,1,0.9326171875,0.22796501043470538,0.30272486420081995,0.8553572221482172,0.4620156989279141,黑马,632
69e331d200000000220007e9,65826e17c98601000168e592,以味坊健康日记的店,68986734e08d4d00014112d2,goods_seller,1474,100,11,10,735.84,499.21302578019,6.78426051560380,0.690104,0.876791,38.548118591308594,中,B,0.219646,中,低,中,中,,,正常,4,1457.0,31947,57,B5,稳定期,http://sns-img-qn.xhscdn.com/1040g2sg31v3hlb7t2q7g5nhu55b09feeu2tq74o?imageView2/2/w/540/format/jpg/q/75,1,0.83544921875,0.3421177271583559,0.43101253644746385,0.24198155795331763,0.33837060718637907,黑马,633
6a1a9908000000000702d89d,650fc5e6796c030001e1f55c,翔说茶（单丛茶）的店,682415e43aa6a60015d755df,goods_seller,1881,72,32,5,938.98,499.19191919191917,3.82775119617225,0.705294,0.904722,39.183528900146484,中,B,0.064482,中,低,中,中,,,正常,4,6.0,43523,15,B5,稳定期,http://sns-img-qn.xhscdn.com/spectrum/1040g34o320pjn72ali105oncfjqnjqei0f1cvco?imageView2/2/w/540/format/jpg/q/75,1,0.947265625,0.6537823956899487,0.3463508133149801,0.2342036321655344,0.4114456137234877,黑马,634
669cefed00000000250173ac,62a1a1e2b25d7e000184eb86,妈妈很忙手工美食的店,648964eb14c5df00018ce29a,goods_seller,1631,10,35,11,814.1500000000001,499.17228694052733,0.61312078479460,0.661765,0.859781,32.02019500732422,中,B,0.050349,中,中,中,中,,,正常,2,251.0,8228,692,B4,稳定期,http://sns-img-qn.xhscdn.com/1040g2sg315guh1hmgo705o7h81k08lqjig8bq7g?imageView2/2/w/540/format/jpg/q/75,1,0.95947265625,0.2220520107159244,0.6195106789218952,0.31695602622737296,0.3861729052883975,黑马,635
6a11474500000000380204f2,620675253451ea000139f451,可梵茶事的店,6a06ebf59f495c0001cbfcc3,goods_seller,6553,691,148,1,3270.0,499.0080878986724,10.54478864642149,0.709981,0.889385,69.59500885009766,高,B,0.098212,中,中,高,中,,,正常,4,63.0,29333,22,B5,稳定期,http://sns-img-qn.xhscdn.com/1040g2sg320gi3d11lm705ni6hgt083742h9k9f8?imageView2/2/w/540/format/jpg/q/75,1,0.7666015625,0.46470701419415955,0.3215517368974143,0.03074907863771591,0.27233594324309657,黑马,636
6a291504000000001702db2b,65d5da675fd0a0000107821a,NATURECARE.LIFE海外旗舰店,6913f8551b78790001e6e941,goods_seller,1529,100,24,1,762.45,498.6592544146501,6.54022236756050,0.831539,0.873482,-15.690291404724121,中,B,0.075949,中,中,高,中,,,正常,4,15.0,11788,4,B4,稳定期,http://sns-img-qn.xhscdn.com/1040g2sg3217ptcfanae05o0c0m8g94hipvt43c0?imageView2/2/w/540/format/jpg/q/75,2,0.9580078125,0.3145656646389296,0.0075559107795686985,0.873717863327561,0.39861314624868643,黑马,637
6a2be9d70000000017029f39,62b28d9a14b93b000180d481,林间盏旗舰店,62b52d2b6ab36e0001a65e21,goods_seller,1810,146,45,4,901.8,498.23204419889504,8.06629834254144,0.82699,0.885866,-14.31854248046875,中,B,0.086504,低,低,中,中,,,正常,4,2.0,4762,2,B6,稳定期,http://sns-img-qn.xhscdn.com/spectrum/1040g34o321aidqvf74605o7nr910bnjfj7b6boo?imageView2/2/w/540/format/jpg/q/75,2,0.939453125,0.42648343027988694,0.010020277370750263,0.8615366398768557,0.4326801158424976,黑马,638
6a1bea05000000003701f9a0,66f3bf3f72275e00155475c7,兔吉酒太甜的店,6a06c387273c7d00016ded16,goods_seller,4244,229,55,3,2114.0,498.11498586239395,5.39585296889727,0.766249,0.887832,35.32285690307617,中,B,0.138006,中,低,中,中,,,正常,4,41.0,1676,14,B4,稳定期,http://sns-img-qn.xhscdn.com/spectrum/1040g34o320quh8fu5k105pb850h86aaj0q1vnmo?imageView2/2/w/540/format/jpg/q/75,2,0.96044921875,0.44776726906738895,0.098271243136036,0.28117460740346045,0.27573770653562846,黑马,639
689c5082000000001d039c84,63205b896c7ba8000125a68e,燕鸣春燕窝工厂旗舰店,632330ac6ebb770001ed84f7,goods_seller,601,85,11,1,299.0,497.50415973377704,14.14309484193012,0.764071,0.852412,10.758713722229004,中,B,0.061966,中,低,中,低,,,正常,4,182.0,8509,305,B4,稳定期,http://sns-img-qn.xhscdn.com/1040g2sg31l4d53u7j2604al2dsmubbo54j2fe3g?imageView2/2/w/540/format/jpg/q/75,2,0.927734375,0.18478309133697438,0.10449506386631736,0.6053313203972589,0.2982031585335169,黑马,640
69f2f2470000000038020728,656dbc4fdbc3590001e46ae8,真方心丨方心生活的店,65e4b598927ba20001c63ab8,goods_seller,778,80,24,1,387.0,497.4293059125964,10.28277634961440,0.755091,0.867429,6.1104278564453125,中,B,0.094425,中,低,中,低,,,正常,2,27.0,26154,45,B5,稳定期,http://sns-img-qn.xhscdn.com/spectrum/1040g34o31viu8ucv48105o9porcgk37m3t18248?imageView2/2/w/540/format/jpg/q/75,1,0.169677734375,0.26932640646507705,0.1316919023726004,0.6649571511034146,0.35532515331369735,黑马,641
69c887d2000000002200fb4b,66348b0a6cc6f90001eb9e2a,暖馨姐的店,697e0382eb0d9a00014ae72f,goods_seller,844,158,59,6,419.4,496.9194312796209,18.72037914691943,0.703029,0.920963,40.85533142089844,中,B,0.08146,中,低,中,中,,,正常,4,225.0,8089,77,B1,成长期,http://sns-img-qn.xhscdn.com/1040g00831u9gptt1hus05pdv5hjjfr87f5kkvm8?imageView2/2/w/540/format/jpg/q/75,1,0.05438232421875,0.9015437443571186,0.35870224827198316,0.21591699598892886,0.4920543295393436,黑马,642
69451749000000001e03b32a,63930f34d6c9400001b3f02b,每日乔安旗舰店,6752e48bada6590001f3f172,goods_seller,2564,51,6,1,1274.0,496.8798751950078,1.98907956318253,0.727693,0.830104,-23.810924530029297,中,B,0.142162,,,,,,,正常,2,192.0,84496,176,B6,稳定期,http://sns-img-qn.xhscdn.com/spectrum/1040g34o31q95a09jn0105om54rr0vth3h9gnp8g?imageView2/2/w/540/format/jpg/q/75,1,0.810546875,0.10805470449802407,0.23601675473261993,0.9211624705830114,0.4217446432712184,黑马,643
69bd237b00000000230120b8,62b28d9a14b93b000180d481,林间盏旗舰店,69a7f11470850a0001a0fa79,goods_seller,738,26,3,2,366.3,496.3414634146341,3.52303523035230,0.764828,0.908789,38.14682388305664,中,B,0.079207,中,低,中,中,,,正常,2,167.0,534935,85,B6,稳定期,http://sns-img-qn.xhscdn.com/spectrum/1040g0k031tucni55ha005nblu32gb5udn4k23no?imageView2/2/w/540/format/jpg/q/75,2,0.919921875,0.7137042464070571,0.10240072228882673,0.24794636117401536,0.3546837766232997,黑马,644
6856408d000000002203f9f9,62545513c450940001520980,温县子璋垆土怀山药的店,6473f6bbad5cef00010312a9,goods_seller,5829,585,327,57,2892.4000000000005,496.2086121118546,10.03602676273803,0.780151,0.886243,7.300812244415283,中,B,0.102179,中,低,中,中,,,正常,2,56.0,28292,358,B3,稳定期,http://sns-img-qn.xhscdn.com/notes_pre_post/1040g3k031ivtjvi614605odbunlk0r66762i1uo?imageView2/2/w/540/format/jpg/q/75,2,0.95166015625,0.4303982949247369,0.06519840741234108,0.6498305285437296,0.38180907696026917,黑马,645
6a0142400000000007020346,672b34e0ef81e60015144c0d,巫小蛮零食旗舰店,68ba417f8f53130001a0ccd5,goods_seller,643,39,17,1,319.0,496.11197511664074,6.06531881804044,0.739085,0.889333,19.76605796813965,中,B,0.184388,低,低,中,中,,,正常,4,52.0,5375,34,B4,稳定期,http://sns-img-qn.xhscdn.com/notes_pre_post/1040g3k83200td2g9ia705nq71bjg8a1c8e6e0h0?imageView2/2/w/540/format/jpg/q/75,1,0.95947265625,0.46409277267143256,0.18875715998401493,0.47666622263665026,0.3765053850973659,黑马,646
680c21570000000007034a17,61ab5b271156ae000128181a,闽熙元菌菇的店,668f4d7f7221e10001597c15,goods_seller,782,68,50,8,387.6,495.6521739130435,8.69565217391304,0.675786,0.914248,44.616676330566406,中,B,0.14589,中,中,中,中,,,正常,2,1265.0,34450,414,B4,稳定期,http://sns-img-qn.xhscdn.com/notes_pre_post/1040g3k031gnh9n3d3s004918qd8i7e8r2lltf08?imageView2/2/w/540/format/jpg/q/75,1,0.875,0.7996758580880068,0.5216390628006453,0.16870180424196676,0.4966722417102063,黑马,647
6801a180000000001d01d890,64a52f59a16b9b00013bd62f,阿飞的甜蜜的店,67c324813298ba000159fcd9,goods_seller,995,71,23,2,492.74,495.21608040201005,7.13567839195980,0.758637,0.917876,43.362674713134766,中,B,0.287838,中,低,低,低,,,正常,2,54.0,22097,422,B5,稳定期,http://sns-img-qn.xhscdn.com/1040g00831gd96m7k3o0046odjtt35asishletqg?imageView2/2/w/540/format/jpg/q/75,2,0.95703125,0.8566227076950402,0.12056895046105116,0.18069061468555275,0.38596075761388143,黑马,648
68424c920000000003039f48,6825da050ea9880015bb2271,上海国际饭店蝴蝶酥专购店的店,68285b8d82d86e000171942c,goods_seller,521,28,5,1,258.0,495.2015355086372,5.37428023032630,0.696793,0.912959,39.57172775268555,中,B,0.081194,低,低,中,中,,,正常,2,138.0,9714,373,B4,稳定期,http://sns-img-qn.xhscdn.com/notes_pre_post/1040g3k031ice2t9r0c605q15r7njjh5acbo1cq0?imageView2/2/w/540/format/jpg/q/75,1,0.9453125,0.7794946938413037,0.39314417654633455,0.2292156949809807,0.467284855122873,黑马,649
68b01316000000001d00106e,64426227f59230000155ca11,疆进酒少庄主精选葡萄酒的店,68496072e874f200014d8cfe,goods_seller,4681,299,169,12,2318.0,495.19333475753047,6.38752403332621,0.719676,0.855711,41.33094787597656,中,B,0.084631,中,中,中,中,,,正常,2,1013.0,102918,290,B4,稳定期,http://sns-img-qn.xhscdn.com/spectrum/1040g0k031lnke87k52005o0ejrg08vqf2jb2em8?imageView2/2/w/540/format/jpg/q/75,2,0.8984375,0.20019833340733834,0.27360389562334414,0.2095377647528973,0.22777999792785994,黑马,650
6a1801960000000038020106,64794b0b937a2b0001591324,禹鸿物予YHOWU的店,67f4e5f604afe30001db45c0,goods_seller,6092,280,113,9,3014.0,494.747209455023,4.59619172685489,0.637613,0.777373,24.951244354248047,中,B,0.0729,中,中,高,中,,,正常,4,91.0,16047,17,B4,成长期,http://sns-img-qn.xhscdn.com/spectrum/1040g0k0320n4c0anmo005ovj87v51tgfb7v43o0?imageView2/2/w/540/format/jpg/q/75,2,0.96044921875,0.032147773189467606,0.7857703180735017,0.407885973091781,0.40860135478491677,黑马,651
6a27ceda000000001503f69b,64b37e57fdff9300018ec74d,酒类手账的店,66dac2fb6837ef0001593c33,goods_seller,664,29,5,1,328.0,493.9759036144578,4.36746987951807,0.637924,0.818351,33.075286865234375,中,B,0.142194,中,中,高,中,,,正常,4,1.0,7854,5,B4,稳定期,http://sns-img-qn.xhscdn.com/spectrum/1040g0k03216hqq86ms005oe5oj6ocpggba2r0ig?imageView2/2/w/540/format/jpg/q/75,1,0.95703125,0.08164971952103962,0.7839497950061424,0.3042937702588695,0.38996442826201716,黑马,652
68a9930e000000001d02b36f,61c67177581a9c0001315c2c,阿豪Melon（滋补养生）的店,65f40de85c4d1000017182fc,goods_seller,533,35,23,1,263.0,493.43339587242025,6.56660412757974,0.746654,0.895342,35.39727020263672,中,B,0.06107,中,中,中,中,,,正常,2,91.0,27264,295,B3,稳定期,http://sns-img-qn.xhscdn.com/1040g2sg31lh9b70bl8e04a784f884e685at7gn0?imageView2/2/w/540/format/jpg/q/75,2,0.219970703125,0.5343605227713394,0.16022823142844456,0.2802125423678641,0.3249337655225493,黑马,653
6854f6d30000000011003ebd,6230023896e3340001ac76ab,平阴玫瑰的店,69344a09daf9270001123ce7,goods_seller,1216,107,67,1,600.0,493.42105263157896,8.79934210526316,0.708787,0.8246,7.163928508758545,中,B,0.044846,中,低,中,中,,,正常,4,2750.0,62676,358,B4,稳定期,http://sns-img-qn.xhscdn.com/1040g00831iujqbgjgo805ogq865oc9lscnq56m0?imageView2/2/w/540/format/jpg/q/75,1,0.95947265625,0.09486701301007948,0.32755354261948105,0.6509850065864452,0.3578018540720019,黑马,654
6a04988f0000000038023ff3,662787ab3bf50b00017d02de,小鑫滋补的店,68145d83cd029e0001e1c88b,goods_seller,1730,163,20,4,852.9,493.0057803468208,9.42196531791908,0.758821,0.791942,-32.99369812011719,中,B,0.101508,中,低,中,中,,,正常,2,82.0,11929,31,B3,稳定期,http://sns-img-qn.xhscdn.com/1040g0083203n9v372g305pae9rni02dsuii5r3g?imageView2/2/w/540/format/jpg/q/75,1,0.9560546875,0.04445480514482779,0.11983630093394314,0.9653138552166126,0.37653498709846117,黑马,655
6a254937000000003501fb65,620e11934a9f4d000123b28f,HolidayWine假日酒馆的店,6973e57943eb760001d10c80,goods_seller,1603,78,15,1,790.0,492.82595134123517,4.86587648159701,0.691262,0.827066,18.6536922454834,中,B,0.109346,中,中,中,中,,,正常,4,11.0,20400,7,B6,稳定期,http://sns-img-qn.xhscdn.com/spectrum/1040g34o3213tpdlon20040l3lhehtd14ahhrs5o?imageView2/2/w/540/format/jpg/q/75,2,0.90380859375,0.1007504107277652,0.42397466068706247,0.49135621568017995,0.33869376236500254,黑马,656
69cf6a6b000000002200c457,6808b8963e8d02001547a8c6,漫仔说茶（满杯笑茶业）的店,69b75e937c9c8f0001eb9427,goods_seller,508,33,18,1,250.0,492.12598425196853,6.49606299212598,0.763104,0.86986,50.19681930541992,高,B,0.340307,中,低,中,中,,,正常,4,37.0,59982,71,B3,稳定期,http://sns-img-qn.xhscdn.com/spectrum/1040g34o31ug7umj3hu105pne3penecor6rn610o?imageView2/2/w/540/format/jpg/q/75,2,0.9208984375,0.28715421162470584,0.10711484096324912,0.12395097908618623,0.17274001055804708,黑马,657
69b3e29e000000001f0003a6,65fa96317916650001282160,苏农科JAAS的店,698177dc1b20000001edd4e6,goods_seller,674,30,13,5,331.66,492.07715133531156,4.45103857566766,0.649448,0.868714,23.155567169189453,中,B,0.242092,中,中,高,中,,,正常,4,12.0,139820,93,B5,稳定期,http://sns-img-qn.xhscdn.com/notes_pre_post/1040g3k831tlbffdan8705o3c84009agof5qoig8?imageView2/2/w/540/format/jpg/q/75,1,0.9150390625,0.27848082530379054,0.7073398161715732,0.4282299483445081,0.47135019660662386,黑马,658
67547104000000000103f919,625b9f542855550001d3bab6,老张的茶园的店,65e74507a03c0d000122f5e5,goods_seller,8952,773,187,6,4404.48,492.0107238605898,8.63494191242181,0.707531,0.919403,51.434043884277344,高,B,0.085544,中,低,中,中,,,正常,2,1037.0,19880,553,B4,稳定期,http://sns-img-qn.xhscdn.com/note_pre_post_uhdr/1040g3r831ud35vp62qag4a70pf3fb7asi8a126g?imageView2/2/w/540/format/jpg/q/75,2,0.95947265625,0.8796900670485325,0.33413258736290574,0.11649127481017717,0.44343797640720517,黑马,659
697c8bac000000000a02a93f,68ba477c272f5d0015710ca7,慕酪思特旗舰店,6925a09847579d0001262adb,goods_seller,1756,140,86,12,863.6099999999999,491.80523917995436,7.97266514806378,0.638118,0.875014,29.12482452392578,中,B,0.286407,中,低,中,中,,,正常,2,487.0,2390,135,B3,稳定期,http://sns-img-qn.xhscdn.com/notes_pre_post/1040g3k831rva692442005q55c1r6aknpcedolc0?imageView2/2/w/540/format/jpg/q/75,0,0.958984375,0.327109512603052,0.7828397199650696,0.3532258780693575,0.4877250368791597,黑马,660
69f846e1000000001b0237c3,6504375600efc800012af06a,肥猫鲜森手工美食的店,69ed725ed4c111000137ae95,goods_seller,1388,117,67,9,682.3,491.57060518731987,8.42939481268012,0.661304,0.892767,28.15248680114746,中,B,0.068623,中,中,中,中,,,正常,2,49.0,22477,41,B4,稳定期,http://sns-img-qn.xhscdn.com/1040g00831vntoa1vii105p8163jh4gqj60ub5j8?imageView2/2/w/540/format/jpg/q/75,1,0.90869140625,0.5031378121160991,0.6227965010434705,0.36460044699021654,0.4968449200499287,黑马,661
6a0bd44f0000000006030bcb,62b5867ef233e70001569e53,平阴玫瑰～姚姚的店,6745dab6996a2c0001931d05,goods_seller,1175,57,18,2,577.0,491.06382978723406,4.85106382978723,0.751993,0.77224,-5.659576416015625,中,B,0.0561,中,中,高,中,,,正常,2,28.0,10959,26,B4,稳定期,http://sns-img-qn.xhscdn.com/spectrum/1040g0k0320b7qejclk2g5ntso55g9eqehqaohto?imageView2/2/w/540/format/jpg/q/75,2,0.958984375,0.028440122552284536,0.14211180675813684,0.7920385418054261,0.32086349037194917,黑马,662
69eaeb44000000002202a474,62b98b750d601800010dc853,酒云网的店,69e5e20a21dc630001004fb6,goods_seller,1632,118,35,3,801.0,490.80882352941177,7.23039215686275,0.694376,0.852488,48.76265335083008,高,B,0.099091,中,中,高,中,,,正常,4,29.0,21152,51,B4,稳定期,http://sns-img-qn.xhscdn.com/spectrum/1040g0k031vb34tdfis004a5r7q3qe88q3td93ho?imageView2/2/w/540/format/jpg/q/75,2,0.9580078125,0.1851531163506653,0.40661308704468424,0.13472610748486596,0.24216410362673849,黑马,663
696d924a000000002203870a,66794f0001336c0001b9b7e6,健哥甄选陈皮的店,67b2d3799716990001e2bee5,goods_seller,3292,442,45,2,1614.0,490.2794653705954,13.42648845686513,0.673877,0.915777,62.23263168334961,高,B,0.08772,中,低,中,中,,,正常,2,166.0,12670,146,B4,稳定期,http://sns-img-qn.xhscdn.com/notes_pre_post/1040g3k031rgm9c33ng005nm37qj08pl2qepnp40?imageView2/2/w/540/format/jpg/q/75,0,0.9560546875,0.8243343250003701,0.5352189808031023,0.05857495966727351,0.47270942182358194,黑马,664
69eb0b880000000013030802,66a1b6b8a6d8460016697971,食葡专卖店,6932510514f9d800013de7ca,goods_seller,1295,88,32,2,634.8399999999999,490.22393822393815,6.79536679536680,0.667168,0.797525,25.319459915161133,中,B,0.07336,中,中,高,中,,,正常,2,30.0,8452,50,B4,稳定期,http://sns-img-qn.xhscdn.com/1040g00831vgi2t7vis105oaai3mnuifki9790vo?imageView2/2/w/540/format/jpg/q/75,2,0.95166015625,0.05061942187291861,0.5811612865029676,0.4028610334058582,0.3448805805939148,黑马,665
6712803c000000001b0125df,61ef6bef1ff2ce00010ad572,梅老白茶馆的店,63636c23ccd4c30001c3eb24,goods_seller,2797,255,160,3,1370.0,489.8105112620665,9.11691097604576,0.760271,0.914601,32.571495056152344,中,B,0.059646,中,低,中,低,,,正常,2,1279.0,18403,603,B3,稳定期,http://sns-img-qn.xhscdn.com/1040g00831930a9fe4u2g5oa0j307v8pa641nb3g?imageView2/2/w/540/format/jpg/q/75,2,,0.8056110593076092,0.1153441972677353,0.3123677160576055,0.41110765754431666,黑马,666
69d4a95d000000002103aae7,6441ecdfa3c2d90001dcd892,美华志美的店,65ec629c6ba0cc00015fa45f,goods_seller,717,71,38,5,351.15,489.7489539748954,9.90237099023710,0.793554,0.872936,11.75451946258545,中,B,0.061641,中,中,中,中,,,正常,2,61.0,21718,68,B3,稳定期,http://sns-img-qn.xhscdn.com/1040g2sg31ulbqd2vioe05n171ekhj62rq889o38?imageView2/2/w/540/format/jpg/q/75,2,0.7880859375,0.31039178248449595,0.04165741604132439,0.5909003448633128,0.31431651446304437,黑马,667
69c24fa1000000001a0248ee,66f3bf3f72275e00155475c7,兔吉酒太甜的店,682444b86aec030015270212,goods_seller,856,4,39,1,419.0,489.4859813084112,0.46728971962617,0.700234,0.879111,35.32285690307617,中,B,0.233615,中,中,中,中,,,正常,2,20.0,1676,82,B4,稳定期,http://sns-img-qn.xhscdn.com/spectrum/1040g34o31u3e6smfho105pb850h86aaj062ecu0?imageView2/2/w/540/format/jpg/q/75,2,0.1610107421875,0.36293533442860737,0.37403608483933515,0.28117460740346045,0.3393820088904677,黑马,668
69eb5d280000000035033983,645a010a275ad100017c97ac,艾老板爱微醺的店,6765351567b3ca00013ee5e2,goods_seller,1837,210,44,1,899.0,489.3848666303756,11.43168209036473,0.708527,0.821372,32.44458770751953,中,B,0.053648,中,中,高,中,,,正常,4,26.0,16437,51,B4,稳定期,http://sns-img-qn.xhscdn.com/spectrum/1040g0k031vbh763i2s005oqg5p6m5cria36mg98?imageView2/2/w/540/format/jpg/q/75,2,0.96044921875,0.08773293074611843,0.32893003567041135,0.31461746814084635,0.2437601448524587,黑马,669
6a220a59000000003703794e,63d618c3e517cf00016ff358,长白山小吴的店,69e478344dd26e0001cc7e7d,goods_seller,562,30,4,1,275.0,489.3238434163701,5.33807829181495,0.752215,0.852316,-25.863346099853516,中,B,0.235064,中,中,中,中,,,正常,2,122.0,5086,9,B3,稳定期,http://sns-img-qn.xhscdn.com/1040g008320vtv2tr7e2g5ojr0cd8c644bprn2go?imageView2/2/w/540/format/jpg/q/75,2,0.564453125,0.18432426031999763,0.14134215472965972,0.9315157704660835,0.41906072850524695,黑马,670
6a2a5585000000002201bbc5,637f253e12def30001a8fffb,颐之宜养生的店,69fc0e8f98ac430001e9dc9d,goods_seller,1960,92,37,2,958.8,489.18367346938777,4.69387755102041,0.649366,0.83475,12.161897659301758,中,B,0.104791,中,中,中,中,,,正常,2,31.0,81167,3,B6,稳定期,http://sns-img-qn.xhscdn.com/1040g008321820vjb6u0g5oc4kvfodan6cbcb8r0?imageView2/2/w/540/format/jpg/q/75,0,0.56103515625,0.12083536847090863,0.7080058611962169,0.5856163876678063,0.47148587244497725,黑马,671
69abca9c000000002801f2b3,6891a36a5b17cd00154f2873,尚恰旗舰店,68fb1766ae1c170001e94890,goods_seller,583,8,29,5,284.5,487.99313893653516,1.37221269296741,0.677568,0.753387,32.825111389160156,中,B,0.107212,中,低,中,中,,,正常,2,17.0,8772,98,B4,稳定期,http://sns-img-qn.xhscdn.com/spectrum/1040g0k031tdemqvpme005nvj16ag8gtikukc4qg?imageView2/2/w/540/format/jpg/q/75,2,0.958984375,0.018782469694951377,0.5100794813729408,0.3094075159480781,0.2794231556719901,黑马,672
69b79a0f000000001b0032c7,6188ec75dcd9710001815018,老吴与酒的店,63c4fc067f905b000155bb1a,goods_seller,734,58,20,1,358.0,487.7384196185286,7.90190735694823,0.689981,0.91294,60.06044387817383,高,B,0.176809,中,低,中,低,,,正常,4,150.0,19779,90,B4,稳定期,http://sns-img-qn.xhscdn.com/1040g00831tosiimf08m05oarlnu7vsrqgflsmhg?imageView2/2/w/540/format/jpg/q/75,2,0.88671875,0.7792060743306247,0.4318783949795006,0.0668117164720335,0.4259653952607196,黑马,673
6a0438b5000000003601cac9,6315d26693f5a600019660e8,李景秀的店,631808956e29da000146ccbf,goods_seller,523,27,6,3,255.0,487.5717017208413,5.16252390057361,0.621662,0.865245,34.2443962097168,中,B,0.061738,中,中,中,中,,,正常,4,1.0,8259,32,B1,成长期,http://sns-img-qn.xhscdn.com/spectrum/1040g0k03203phg0ul4705ni286ug9e00gi9t968?imageView2/2/w/540/format/jpg/q/75,2,0.94287109375,0.2552062519426313,0.8681600876219232,0.2898035907227329,0.47105664342909587,黑马,674
69c695420000000023014c28,628a1772430f2900017220e2,小宋茶叶的店,699af6531dbf920001f890d5,goods_seller,539,38,15,1,262.65,487.291280148423,7.05009276437848,0.723284,0.798226,58.43416213989258,高,B,0.100284,中,低,中,中,,,正常,2,107.0,41098,79,B3,稳定期,http://sns-img-qn.xhscdn.com/notes_pre_post/1040g3k831u7j8nq3ib5g5o3aj0gg849lp4pb7so?imageView2/2/w/540/format/jpg/q/75,1,0.958984375,0.0514556784038601,0.2562201204801445,0.07427142074804256,0.12731573987734904,黑马,675
69115c310000000004016145,6613e159f0b53500018cd02b,札萨旗舰店,688b18c299631f0001b82c16,goods_seller,1178,136,43,8,573.16,486.553480475382,11.54499151103565,0.751312,0.874264,41.690799713134766,中,B,0.155418,中,低,中,低,,,正常,4,693.0,130099,216,B6,稳定期,http://sns-img-qn.xhscdn.com/1040g00831omjvmh46g0g5nlo8fp08algqkd1flo?imageView2/2/w/540/format/jpg/q/75,2,0.94189453125,0.3211225078815328,0.14437635984192532,0.20578571111407132,0.22376152627917648,黑马,676
68c2ba56000000001c035f1b,6440b299e4da120015f30baa,小羊森林旗舰店,653b795dfc9f6800013c2496,goods_seller,4712,530,126,15,2291.67,486.347623089983,11.24787775891341,0.834526,0.865914,-50.921348571777344,低,B,0.083904,中,中,高,中,,,正常,2,254.0,26598,276,B5,稳定期,http://sns-img-qn.xhscdn.com/spectrum/1040g34o31m9r70r7kq105p0p4bs4i1l6t4i4nco?imageView2/2/w/540/format/jpg/q/75,2,0.451416015625,0.2592543255924101,0.006275624232198096,0.9951674733211965,0.42023247438193484,黑马,677
69feb4cf000000003700ded0,6278fb55b1999c0001ecbf50,Patchi旗舰店,69ef2a5939916f000180dd0e,goods_seller,857,24,7,2,416.5,485.99766627771294,2.80046674445741,0.687069,0.802496,7.594381332397461,中,B,0.061829,中,低,高,中,,,正常,2,101.0,96008,36,B5,稳定期,http://sns-img-qn.xhscdn.com/1040g2sg31vtbq94eiaag5ohgcb6od0u6q8tabso?imageView2/2/w/540/format/jpg/q/75,1,0.95947265625,0.05665823009635451,0.44940277962790287,0.6450054023651999,0.38368880402981914,黑马,678
69c79d16000000001a0272cd,643216776d06a200010fa2b7,茶小禾的店,67d1a0d15fc3f70001eb33c2,goods_seller,717,33,18,2,348.0,485.35564853556485,4.60251046025105,0.664136,0.891501,39.65827941894531,中,B,0.084424,中,中,高,中,,,正常,4,124.0,46090,78,B4,稳定期,http://sns-img-qn.xhscdn.com/spectrum/1040g0k031u8jr0aghs005os66h6nrrce3f3uah0?imageView2/2/w/540/format/jpg/q/75,1,0.95947265625,0.4880407915575093,0.6024747272915649,0.2259668753607744,0.4388274647366162,黑马,679
68be324e000000001b0319e0,64356e7951d42b0001c2ebaf,有悦旗舰店,658932b718def20001dd1578,goods_seller,711,93,5,1,344.38,484.36005625879045,13.08016877637131,0.758223,0.858569,-17.582977294921875,中,B,0.092299,低,低,中,中,,,正常,2,41.0,20716,279,B5,稳定期,http://sns-img-qn.xhscdn.com/spectrum/1040g34o31m5dr6ru4s2g5oo9hsc5bh10591qq70?imageView2/2/w/540/format/jpg/q/75,1,0.08648681640625,0.21533975696757102,0.12194544351198142,0.8858546837766234,0.4077132947520586,黑马,680
67bea854000000001201ce45,62a038bf7d5491000148c870,SUPERICH富得牛油的店,67b71d23eef182000136f0a2,goods_seller,551,42,32,3,266.46,483.5934664246824,7.62250453720508,0.693399,0.874103,49.09496307373047,高,B,0.061144,中,中,高,中,,,正常,2,2479.0,20535,473,B2,稳定期,http://sns-img-qn.xhscdn.com/spectrum/1040g34o31ei9h5ca0e0g5oh8dduocta5l7f51b0?imageView2/2/w/540/format/jpg/q/75,0,0.958984375,0.3197756168316978,0.4119562482423812,0.13206932788656514,0.28793373098688135,黑马,681
6a0d1143000000000803cab5,6763b5706190b600159cb67c,失重森林旗舰店,68d3b9fb4daabe00014183bb,goods_seller,2656,38,38,7,1284.0,483.43373493975906,1.43072289156627,0.669157,0.814481,25.403745651245117,中,B,0.046512,中,中,中,中,,,正常,2,13.0,2166,24,B4,稳定期,http://sns-img-qn.xhscdn.com/1040g008320cegi6gme005n5gi8vkdtpn85ed9bg?imageView2/2/w/540/format/jpg/q/75,1,0.9560546875,0.07509287627843642,0.5673667539925699,0.40037446531385523,0.3476113651949538,黑马,682
69edaa39000000003503a304,60ddd879b4d8a200010fe351,小草与酒的店,6957f40dc43df90001cdc472,goods_seller,617,26,7,1,297.44,482.0745542949757,4.21393841166937,0.699373,0.875915,-3.6863620281219482,中,B,0.078459,中,低,中,中,,,正常,4,27.0,220638,49,B4,稳定期,http://sns-img-qn.xhscdn.com/spectrum/1040g34o31vdp7k5248104bpkfg4lo09b6bhunt0?imageView2/2/w/540/format/jpg/q/75,2,0.958984375,0.3343990053727632,0.37867619851101936,0.7732782736112961,0.4954511591650262,黑马,683
6876020c000000000b02dd91,64f57047a5c63e000149558c,新疆尼勒克黑蜂蜂蜜的店,673afb86ef36300001d7db5f,goods_seller,3557,318,218,23,1714.71,482.06634804610627,8.94011807703121,0.727769,0.918801,49.57783126831055,高,B,0.109466,中,低,中,中,,,正常,4,524.0,67803,334,B6,稳定期,http://sns-img-qn.xhscdn.com/1040g2sg31jutqaediae05nikfbu087h74ds7a8o?imageView2/2/w/540/format/jpg/q/75,1,0.90283203125,0.8707576632180335,0.2357725382235839,0.12787324423131002,0.41146781522430914,黑马,684
69eaf92a000000002202a148,60ddd879b4d8a200010fe351,小草与酒的店,6912ea17b270430001365a22,goods_seller,997,56,17,2,480.0,481.44433299899697,5.61685055165496,0.715579,0.851042,-3.6863620281219482,中,B,0.16543,中,中,高,中,,,正常,4,111.0,220638,51,B4,稳定期,http://sns-img-qn.xhscdn.com/spectrum/1040g34o31vb53ufdhud04bpkfg4lo09bi0fihag?imageView2/2/w/540/format/jpg/q/75,1,0.9404296875,0.1787442831135385,0.29348163935882066,0.7732782736112961,0.4151680653612184,黑马,685
686282b2000000002400e06f,6498455cbbb4180001cad90f,养生富贵儿 专注沙棘的店,655c6dde52ae0b00019e0f21,goods_seller,1565,271,27,5,752.69,480.9520766773163,17.31629392971246,0.688292,0.869438,11.881709098815918,中,B,0.056612,中,低,中,中,,,正常,2,256.0,14247,349,B4,稳定期,http://sns-img-qn.xhscdn.com/notes_pre_post/1040g3k031jboi93kj2805o6s63hgbk2aqht61l0?imageView2/2/w/540/format/jpg/q/75,1,0.80810546875,0.2839867975075115,0.4418320678477865,0.5895016503115611,0.438440171888953,黑马,686
69f949ba000000003502a3fa,6540ad54368edf00013dba24,燕香御食养的店,683e3484b68cf8000188d032,goods_seller,1141,92,23,1,548.0,480.2804557405784,8.06310254163015,0.689449,0.885743,38.481475830078125,中,B,0.075398,中,低,高,中,,,正常,4,17.0,17476,40,B4,稳定期,http://sns-img-qn.xhscdn.com/note_pre_post_uhdr/1040g3r831vp3hfal1m8g5of7v0k8crg9ge3i0r0?imageView2/2/w/540/format/jpg/q/75,1,0.927734375,0.42513653923005196,0.4350310080961473,0.24369847401684352,0.36795534044768097,黑马,687
6a25551a00000000070254a0,669618e5db6f410001b46000,JoshyWine的店,6a240979fad5a4000161c113,goods_seller,2721,278,103,2,1305.1100000000001,479.64351341418603,10.21683204704153,0.661017,0.862539,19.824716567993164,中,B,0.046084,中,中,中,中,,,正常,4,3.0,2081,7,B4,稳定期,http://sns-img-qn.xhscdn.com/spectrum/1040g34o32144l8djms105pj7tvi1oikfh0sv13o?imageView2/2/w/540/format/jpg/q/75,1,0.9541015625,0.23787428030134838,0.6249056436215088,0.4756449535988633,0.4461416258405735,黑马,688
6876758c0000000020018031,63243b8f93f5a6000196bdf3,皮皮滴的宝藏茶的店,685e4cbd47fd8b000127f157,goods_seller,726,36,30,5,348.19,479.60055096418733,4.95867768595041,0.652631,0.88185,55.99430465698242,高,B,0.127093,,,,,,,正常,2,387.0,59034,334,B5,稳定期,http://sns-img-qn.xhscdn.com/1040g2sg31jvb9atsj07g5ohulic8c9mti70cn38?imageView2/2/w/540/format/jpg/q/75,2,0.96044921875,0.38766040584343503,0.6848644968399864,0.09005668783209744,0.3875271968385063,黑马,689
69eaf9140000000022026e06,62a1a1e2b25d7e000184eb86,妈妈很忙手工美食的店,645a38c9301a420001b2fe37,goods_seller,1934,33,50,7,927.1200000000001,479.3795243019649,1.70630816959669,0.649902,0.820541,14.73381519317627,中,B,0.082028,中,中,高,中,,,正常,2,16.0,35134,51,B4,稳定期,http://sns-img-qn.xhscdn.com/spectrum/1040g0k031vb54onf1m005o0l7fog8d2m679mrbo?imageView2/2/w/540/format/jpg/q/75,1,0.81640625,0.0860012136820449,0.7042390065568432,0.546970975237926,0.4457370651589381,黑马,690
68bfa72c000000001c012328,65fbcab5dbd5d90001f869be,小攀家旗舰店,6767b406b1267e0001bb55fd,goods_seller,2880,114,65,15,1380.5,479.34027777777777,3.95833333333333,0.606206,0.73656,72.2505111694336,高,B,0.233074,中,中,高,中,,,正常,4,631.0,105427,278,B3,稳定期,http://sns-img-qn.xhscdn.com/1040g2sg31m6rbqmh68e05nvleps08vmf17714hg?imageView2/2/w/540/format/jpg/q/75,1,0.95703125,0.013128487485754037,0.9189571215014135,0.023770406879505053,0.31861867195555754,黑马,691
66330733000000001e038af3,637df39580e3750001657093,胡子叔的餐盘的店,642a33ba4b147c00011897e0,goods_seller,1635,59,60,6,783.12,478.9724770642202,3.60856269113150,0.79169,0.910881,16.59491729736328,中,B,0.060945,中,低,中,中,,,正常,2,167.0,105995,773,B5,稳定期,http://sns-img-qn.xhscdn.com/1040g0083129gruifho005n7ieo2lnifg6ak90c0?imageView2/2/w/540/format/jpg/q/75,2,0.82177734375,0.7465550671225375,0.044632417151399435,0.5215206547962642,0.43756937969006704,黑马,692
6a2128d50000000022026156,6225b991417a3a0001981050,酒零后根据地的店,636b201032eeb60001770113,goods_seller,9183,425,119,1,4398.0,478.9284547533486,4.62811717303713,0.714083,0.890734,51.30328369140625,高,B,0.101476,中,中,中,中,,,正常,4,64.0,94624,10,B6,稳定期,http://sns-img-qn.xhscdn.com/spectrum/1040g34o32102dp3hms105n980pblgpns4pn36q0?imageView2/2/w/540/format/jpg/q/75,2,0.8037109375,0.47951541524207036,0.3004233086156624,0.1171425188342732,0.2990270808973353,黑马,693
6856c03f000000002400b845,65813f70c98601000168dc76,旬山缶XunShan的店,6842eec72dd29c00017d65b6,goods_seller,572,15,5,1,273.8,478.6713286713287,2.62237762237762,0.68296,0.885078,64.15646362304688,高,B,0.084605,中,中,高,中,,,正常,2,281.0,23355,358,B4,稳定期,http://sns-img-qn.xhscdn.com/1040g00831j0d6oprh4005pb0da9h764mlmbn9u8?imageView2/2/w/540/format/jpg/q/75,1,0.95947265625,0.4189201190000444,0.47479389606737415,0.047563015259831566,0.31375901010908336,黑马,694
69c38494000000001f002caa,655d9192165c740001b8257a,展博士养生糕的店,655dfd9852ae0b0001f24696,goods_seller,515,17,9,4,246.5,478.6407766990291,3.30097087378641,0.561935,0.786448,31.815134048461914,中,B,0.076024,中,中,高,中,,,正常,4,101.0,88915,81,B4,稳定期,http://sns-img-qn.xhscdn.com/spectrum/1040g34o31u4jog1nhs105p8kuhpp5taoaqii8jg?imageView2/2/w/540/format/jpg/q/75,1,0.95361328125,0.039407663958083566,0.9816393588206562,0.3191613753089709,0.44673613269590357,黑马,695
69fc2e90000000003701f1cf,6763b5706190b600159cb67c,失重森林旗舰店,69d4a7f998fb930001d71633,goods_seller,1179,6,17,3,564.0,478.37150127226465,0.50890585241730,0.637312,0.80715,16.573904037475586,中,B,0.202189,中,中,高,中,,,正常,2,23.0,7083,37,B4,稳定期,http://sns-img-qn.xhscdn.com/spectrum/1040g0k031vrus9mlk8005oci0a58cfidimv2ak8?imageView2/2/w/540/format/jpg/q/75,1,0.9580078125,0.06299305833074316,0.7877758536477066,0.5243772479019582,0.4583820532934693,黑马,696
69de4b64000000001a02ddd4,669618e5db6f410001b46000,JoshyWine的店,66f549a69cb1040001714c6f,goods_seller,3800,400,93,4,1813.0,477.10526315789474,10.52631578947368,0.692773,0.872138,19.824716567993164,中,B,0.076377,中,中,高,中,,,正常,4,117.0,2081,61,B4,稳定期,http://sns-img-qn.xhscdn.com/spectrum/1040g34o31uuormoejm105pj7tvi1oikfpahku8g?imageView2/2/w/540/format/jpg/q/75,2,0.91259765625,0.3042937702588695,0.41546408537217117,0.4756449535988633,0.3984676030766347,黑马,697
69f463af0000000038021af5,62b98b750d601800010dc853,酒云网的店,69b8f56a180bf400017efca3,goods_seller,503,14,3,2,239.87,476.87872763419483,2.78330019880716,0.690817,0.821811,48.76265335083008,高,B,0.126953,中,中,高,中,,,正常,4,27.0,21152,44,B4,稳定期,http://sns-img-qn.xhscdn.com/spectrum/1040g34o31vkb8mnlk80g4a5r7q3qe88qa2p2buo?imageView2/2/w/540/format/jpg/q/75,2,0.94189453125,0.08857658777733375,0.42654263428207745,0.13472610748486596,0.2166151098480924,黑马,698
6a156004000000003703736c,5fc8e24c382d3400012e53a5,理想燃料旗舰店,6a0ad67be1e137000140b509,goods_seller,2313,151,51,3,1103.0,476.8698659749243,6.52831820146995,0.731372,0.898779,8.258050918579102,中,B,0.06225,低,低,中,中,,,正常,4,8.0,14328,19,B4,稳定期,http://sns-img-qn.xhscdn.com/spectrum/1040g0k0320ki3tralc004b3js6dqapvus68hhmg?imageView2/2/w/540/format/jpg/q/75,1,0.9541015625,0.5760845433151282,0.22006127614226723,0.6357991800245697,0.4773149998273217,黑马,699
69f38a7a000000001f0044d9,685e4c9b5c02210015bef00b,酒梦富的店,69eb3f6dfaf0020001a2aebb,goods_seller,1676,74,50,1,798.0,476.13365155131265,4.41527446300716,0.753438,0.901529,49.686336517333984,高,B,0.124615,中,中,高,中,,,正常,2,61.0,2401,41,B4,稳定期,http://sns-img-qn.xhscdn.com/spectrum/1040g0k031vjge59548005pse12th5kj6ltqb5ro?imageView2/2/w/540/format/jpg/q/75,2,0.79443359375,0.6115255391264449,0.13726447907878572,0.1270665897014638,0.2919522026355648,黑马,700
69f083f4000000002003b3ff,65798517e8c3210001a4e77b,合为养旗舰店,67ff1088ec1374000135b9b1,goods_seller,589,39,8,2,280.06,475.48387096774195,6.62139219015280,0.744221,0.825209,-8.752756118774414,中,B,0.168084,中,低,中,中,,,正常,2,17.0,154383,47,B6,稳定期,http://sns-img-qn.xhscdn.com/spectrum/1040g34o31vgi7raqk8105o8v0980amn555bcano?imageView2/2/w/540/format/jpg/q/75,1,0.88037109375,0.0965913295738792,0.16893862025072895,0.8195165993221142,0.3616821830489074,黑马,701
69db0ece000000001b002fa2,64fed9b6ae36980001e13d02,秋极晟禾晶有稻五常大米稻花香二号专卖店,64fff55813d99800015c5b26,goods_seller,915,105,20,1,435.0,475.40983606557376,11.47540983606557,0.723848,0.917291,32.578914642333984,中,B,0.068514,中,中,中,中,,,正常,2,146.0,5770,63,B3,稳定期,http://sns-img-qn.xhscdn.com/note_pre_post_uhdr/1040g3r031urjorcf3m005opdkiiosi99p0t00pg?imageView2/2/w/540/format/jpg/q/75,1,0.9404296875,0.8480381273774107,0.2534375323771887,0.3122863105545935,0.4712539901030643,黑马,702
691be968000000001b033917,64b3780c4177e5000111ae34,奶酪猴子Cheese Monkey的店,681f62279653670001f16812,goods_seller,871,31,27,3,413.74,475.01722158438577,3.55912743972445,0.678085,0.925589,68.18297576904297,高,B,0.070375,中,中,高,中,,,正常,2,5042.0,86977,208,B5,稳定期,http://sns-img-qn.xhscdn.com/1040g2sg31p0ub3kb2se05n44us0453rau0btj10?imageView2/2/w/540/format/jpg/q/75,1,0.88037109375,0.9525109897429066,0.5062682237319243,0.03387208975326732,0.49755043440936614,黑马,703
69f9ab17000000001f007b66,645a010a275ad100017c97ac,艾老板爱微醺的店,67b2e64b97592600019ac5ea,goods_seller,840,62,14,1,399.0,475.0,7.38095238095238,0.771002,0.869227,32.44458770751953,中,B,0.144308,中,中,高,中,,,正常,4,11.0,16437,39,B4,稳定期,http://sns-img-qn.xhscdn.com/spectrum/1040g0k031vpg611vhm705oqg5p6m5cri7mao638?imageView2/2/w/540/format/jpg/q/75,2,0.96044921875,0.2823142844456285,0.08586800467711617,0.31461746814084635,0.22759991908786367,黑马,704
697c7224000000000e00c2f6,62cd4db84d694d000169c095,了不起的匠人的店,694baf0def368800014e8639,goods_seller,621,75,21,3,294.0,473.42995169082127,12.07729468599034,0.661897,0.868103,47.26428985595703,中,B,0.117804,中,中,高,中,,,正常,2,141.0,1045317,134,B5,稳定期,http://sns-img-qn.xhscdn.com/spectrum/1040g34o31rv6t81sjm105o5fk66gbgd0osvtp98?imageView2/2/w/540/format/jpg/q/75,1,0.958984375,0.2742403386468925,0.6183932033805485,0.14754377395911963,0.3467257719955202,黑马,705
69ddf6df0000000023020ca0,62b1706a7d5491000148f841,酒類美術館Wine Gallery的店,6785ca4303b5e400014cfd4b,goods_seller,1028,0,31,2,486.0,472.7626459143969,0.00000000000000,0.710999,0.867573,13.902393341064453,中,B,0.074814,中,中,中,中,,,正常,2,42.0,111197,61,B6,稳定期,http://sns-img-qn.xhscdn.com/1040g00831uuei4a42s0g5ocbipgk0jccll4jgo8?imageView2/2/w/540/format/jpg/q/75,2,0.96044921875,0.2703846780042331,0.31639358820656277,0.5604028832349067,0.3823937164819009,黑马,706
69fc4d9000000000360181a5,656dbc4fdbc3590001e46ae8,真方心丨方心生活的店,66743f3b7d94b2000111c776,goods_seller,1305,103,25,1,616.54,472.44444444444446,7.89272030651341,0.767873,0.883695,6.1104278564453125,中,B,0.085675,中,中,中,中,,,正常,4,76.0,26154,38,B5,稳定期,http://sns-img-qn.xhscdn.com/spectrum/1040g34o31vs2m0csl60g5o9porcgk37m18j7ah8?imageView2/2/w/540/format/jpg/q/75,2,0.87890625,0.4047999644775987,0.0939123484747569,0.6649571511034146,0.38788982135192335,黑马,707
6868aedc0000000010013aea,6108aea4f1dc3b0001596c73,白房子咖啡的店,6867694f5b41e80001fa38a6,goods_seller,686,60,28,2,324.0,472.30320699708454,8.74635568513120,0.666278,0.908309,54.67173767089844,高,B,0.075548,中,低,高,中,,,正常,4,295.0,142601,344,B6,稳定期,http://sns-img-qn.xhscdn.com/notes_pre_post/1040g3k031jht91t12g004a7jurmgggu553ekc78?imageView2/2/w/540/format/jpg/q/75,1,0.96044921875,0.7063185471337863,0.5875257167384516,0.10011396770421681,0.4646527438588182,黑马,708
68c806b2000000001c03fde0,65e57cddbf7fb600014b21bf,阿莹麦茶的店,672cc4b94a9865000160fbd3,goods_seller,2103,195,55,6,993.0,472.1825962910128,9.27246790299572,0.720432,0.913871,46.373329162597656,中,B,0.096964,中,低,中,中,,,正常,2,207.0,101410,272,B6,稳定期,http://sns-img-qn.xhscdn.com/1040g00831mevmofaku105ova9gt9gui6p08nii8?imageView2/2/w/540/format/jpg/q/75,1,0.0994873046875,0.7939996743779879,0.26984444148424436,0.15430783120938976,0.406050649023874,黑马,709
69dcc80b0000000023013acf,6108aea4f1dc3b0001596c73,白房子咖啡的店,693599fd02483f000117fe8b,goods_seller,1288,72,14,3,607.75,471.8555900621118,5.59006211180124,0.652533,0.907554,54.67173767089844,高,B,0.057497,中,中,中,中,,,正常,4,49.0,142601,62,B6,稳定期,http://sns-img-qn.xhscdn.com/notes_pre_post/1040g3k031ut9gbg3j4404a7jurmgggu55k3hp78?imageView2/2/w/540/format/jpg/q/75,1,0.88330078125,0.695114189719225,0.6855675443659991,0.10011396770421681,0.49359856726314705,黑马,710
68e8728600000000070173c1,62a1a1e2b25d7e000184eb86,妈妈很忙手工美食的店,67b98865f6588900010b5e4f,goods_seller,1671,165,54,6,788.0,471.573907839617,9.87432675044883,0.738748,0.847484,14.73381519317627,中,B,0.038161,中,中,中,中,,,正常,2,4.0,35134,246,B4,稳定期,http://sns-img-qn.xhscdn.com/spectrum/1040g34o31nem6dbbks105o0l7fog8d2mtju0di0?imageView2/2/w/540/format/jpg/q/75,1,0.77734375,0.16385447656261562,0.1899042375264568,0.546970975237926,0.30024322977566614,黑马,711
68c7fe45000000001c00b730,6350c072814e2d00019e44f0,侍酒猫SommCat的店,687f6349417c3f0001f1eac8,goods_seller,4818,231,107,6,2265.0,470.1120797011208,4.79452054794521,0.670359,0.751217,36.92054748535156,中,B,0.073783,中,中,中,中,,,正常,2,263.0,30282,272,B6,稳定期,http://sns-img-qn.xhscdn.com/notes_pre_post/1040g3k831mevl23ql8705o9s23pgk9ekvo3jfo0?imageView2/2/w/540/format/jpg/q/75,1,0.81396484375,0.017983215665378978,0.5589523851812382,0.2643014667791543,0.28041235587525715,黑马,712
67372d14000000001d03be06,628b5d55d6b4360001958de1,富临行鱼胶滋补的店,64d3bc8e8044400001e78b99,goods_seller,849,76,13,2,399.0,469.96466431095405,8.95170789163722,0.700209,0.776803,48.04304504394531,中,B,0.076931,中,低,中,中,,,正常,2,6224.0,19965,576,B4,稳定期,http://sns-img-qn.xhscdn.com/1040g2sg31a7ifqum727049tm9gag8p8hd2ppgf0?imageView2/2/w/540/format/jpg/q/75,1,0.958984375,0.03169634267276468,0.3741692938442639,0.13898879564258543,0.18161814405320467,黑马,713
69e18f53000000001a0223b1,64356e7951d42b0001c2ebaf,有悦旗舰店,658932b718def20001dd1578,goods_seller,2294,150,44,4,1078.05,469.9433304272014,6.53879686137751,0.815732,0.881637,-31.343183517456055,中,B,0.067194,中,中,高,中,,,正常,2,116.0,88478,58,B5,稳定期,http://sns-img-qn.xhscdn.com/spectrum/1040g0k031v1ur59tjm005nv06dfg82lmr2qhu1o?imageView2/2/w/540/format/jpg/q/75,2,0.0943603515625,0.38567707177005167,0.01745037964566405,0.957757944437044,0.4536284652842532,黑马,714
69ca364d000000001b020223,668f6c25ebc29500014b55fc,八锦养旗舰店,66b575ec52b3a10001f0b772,goods_seller,613,18,14,1,288.0,469.8205546492659,2.93637846655791,0.822854,0.843789,-7.405166149139404,中,B,0.207387,中,中,中,中,,,正常,2,49.0,1297,76,B5,稳定期,http://sns-img-qn.xhscdn.com/spectrum/1040g34o31ub5bse0hs105pmvp4tjcpo3jte2b5g?imageView2/2/w/540/format/jpg/q/75,2,0.89208984375,0.14999333954975355,0.012566049464943831,0.8074833858768853,0.32334759163052756,黑马,715
68ca2ec9000000000e023063,672b34e0ef81e60015144c0d,巫小蛮零食旗舰店,674413b9ea1070000181ee58,goods_seller,679,18,1,1,319.0,469.80854197349043,2.65095729013255,0.712355,0.858633,19.76605796813965,中,B,0.060646,中,低,中,中,,,正常,2,227.0,5375,270,B4,稳定期,http://sns-img-qn.xhscdn.com/notes_pre_post/1040g3k831mh2n88sli9g5nq71bjg8a1ce5lv7f0?imageView2/2/w/540/format/jpg/q/75,2,0.95703125,0.21576898598345248,0.30945931944999483,0.47666622263665026,0.3339648426900325,黑马,716
69aac867000000002800a059,62b28d9a14b93b000180d481,林间盏旗舰店,62b5302e776dfb000148a067,goods_seller,743,34,12,4,348.2,468.6406460296097,4.57604306864065,0.76345,0.890014,38.14682388305664,中,B,0.095426,中,低,中,中,,,正常,2,4943.0,534935,100,B6,稳定期,http://sns-img-qn.xhscdn.com/spectrum/1040g0k031tcf5eklla005nblu32gb5udoblgt40?imageView2/2/w/540/format/jpg/q/75,2,0.7900390625,0.4716486834510013,0.10616017642792652,0.24794636117401536,0.27525174035098104,黑马,717
690c1a6c0000000004006955,63e5b67f783b7900019486da,桔妈中式食补的店,68f9e4820dfa750001e9f803,goods_seller,1871,53,60,2,876.0,468.19882415820416,2.83270978086585,0.75718,0.847796,-2.2744784355163574,中,B,0.097912,中,低,中,中,,,正常,2,114.0,47072,220,B3,稳定期,http://sns-img-qn.xhscdn.com/1040g2sg31ohbt4pog6eg5n4j625k0pns1gv0vpg?imageView2/2/w/540/format/jpg/q/75,1,0.07781982421875,0.16513476310998623,0.124979648624247,0.7619259061912586,0.3506801059751639,黑马,718
69c282b2000000002200f611,6350c072814e2d00019e44f0,侍酒猫SommCat的店,69b274c9ca64b30001aeeca0,goods_seller,2555,114,27,4,1196.0,468.1017612524462,4.46183953033268,0.703566,0.839152,36.92054748535156,中,B,0.075989,中,中,高,中,,,正常,4,38.0,30282,82,B6,稳定期,http://sns-img-qn.xhscdn.com/spectrum/1040g34o31u3jhhgd1o105o9s23pgk9ekcgm9f9o?imageView2/2/w/540/format/jpg/q/75,2,0.947265625,0.13407486346076994,0.3558678566671107,0.2643014667791543,0.2514147289690116,黑马,719
69dc51370000000023014645,5a260bb077e3082948679c69,养瑞和旗舰店,6711d47f56c6a60001c93d89,goods_seller,579,25,5,2,271.0,468.0483592400691,4.31778929188256,0.782145,0.881583,24.458223342895508,中,B,0.067724,中,中,高,中,,,正常,2,113.0,22958,62,B6,稳定期,http://sns-img-qn.xhscdn.com/notes_pre_post/1040g3k831usr2gn42g7045hegc4vila4ianhkt0?imageView2/2/w/540/format/jpg/q/75,2,0.1422119140625,0.3851072332489676,0.06126134126666963,0.41394698281603837,0.28677185244389186,黑马,720
6731e0cf000000001b0295f0,6350c072814e2d00019e44f0,侍酒猫SommCat的店,64db4878df033e000142a6f0,goods_seller,577,21,4,1,270.0,467.9376083188908,3.63951473136915,0.687466,0.818382,36.92054748535156,中,B,0.070577,中,中,高,中,,,正常,2,53.0,30282,580,B6,稳定期,http://sns-img-qn.xhscdn.com/spectrum/1040g34o31a2cl7qu6o0g5o9s23pgk9ekud99ns8?imageView2/2/w/540/format/jpg/q/75,2,0.9384765625,0.08170892352323017,0.4469754155380904,0.2643014667791543,0.26432860194682495,黑马,721
682b2c37000000002300edfe,616e7d5ccb9bda0001df0536,葛之味的店,61a8b0bb163edf00011245e3,goods_seller,669,64,12,4,313.0,467.8624813153961,9.56651718983558,0.828588,0.908327,36.84762191772461,中,B,0.089405,中,中,中,中,,,正常,2,595.0,5913,391,B3,稳定期,http://sns-img-qn.xhscdn.com/110/0/01e82b2b90492ded00100000000196e8a4bee3_0.jpg?imageView2/2/w/540/format/jpg/q/75,1,0.5458984375,0.7065479626422746,0.009073013335701494,0.2653227358169412,0.32698123726497247,黑马,722
6971ec63000000000e03e2d5,65813f70c98601000168dc76,旬山缶XunShan的店,69726bc48a6b8a000105f5b4,goods_seller,1683,23,52,4,787.27,467.77777777777777,1.36660724896019,0.673636,0.916262,64.15646362304688,高,B,0.060424,中,中,高,中,,,正常,2,156.0,23355,143,B4,稳定期,http://sns-img-qn.xhscdn.com/1040g2sg31rku5k522acg5pb0da9h764mn5cg9c8?imageView2/2/w/540/format/jpg/q/75,1,0.95703125,0.8321196512884271,0.5368988943652591,0.047563015259831566,0.47219385363783933,黑马,723
68ba7313000000001c032a9e,67f72daec6eb9f0016803306,合于道漢方的店,6858cdd18b7d6f0001e03d49,goods_seller,943,62,18,2,440.5,467.12619300106047,6.57476139978791,0.777795,0.827566,28.200408935546875,中,B,0.070302,中,低,中,中,,,正常,2,169.0,5281,282,B3,稳定期,http://sns-img-qn.xhscdn.com/notes_pre_post/1040g3k831m1okhfuli7g5oum0eg9ic3gr27s718?imageView2/2/w/540/format/jpg/q/75,2,0.955078125,0.10180128176664742,0.07017894409662093,0.36408241197104924,0.17868754594477254,黑马,724
69e766ba0000000021004d19,67ee36f24c9b210015ebd032,饮真堂茶生活的店,69c79724c6fcf5000157bc25,goods_seller,2128,166,96,2,994.0,467.10526315789474,7.80075187969925,0.722912,0.930533,83.97535705566406,高,B,0.086125,中,中,中,低,,,正常,4,79.0,15832,54,B3,稳定期,http://sns-img-qn.xhscdn.com/1040g2sg31v7ldvg93m605nh70h4085rllh3qnuo?imageView2/2/w/540/format/jpg/q/75,1,0.697265625,0.9832674688808963,0.2578778325414798,0.0076817192842236134,0.4162756735688666,黑马,725
69899a1c000000001b01c97f,63870c8280e375000165b9c9,漩涡嘴里的店,6980feb7ab9b88000133d56e,goods_seller,1297,98,67,3,605.76,467.04703161141094,7.55589822667695,0.715614,0.62698,33.82542037963867,中,B,0.078282,中,中,中,中,,,正常,4,530.0,570094,125,B5,稳定期,http://sns-img-qn.xhscdn.com/spectrum/1040g34o31sc25ini5c1040kr5gv8c8qjkku48po?imageView2/2/w/540/format/jpg/q/75,2,0.95947265625,0.0013690925506564245,0.2932966268519752,0.2961014164557524,0.19692237861946135,黑马,726
689072f8000000002301aea2,6613e159f0b53500018cd02b,札萨旗舰店,67f74726e8f2430001c71637,goods_seller,1711,201,127,12,798.4099999999999,466.6335476329631,11.74751607247224,0.662852,0.885095,41.690799713134766,中,B,0.278028,中,低,中,低,,,正常,4,237.0,130099,314,B6,稳定期,http://sns-img-qn.xhscdn.com/1040g2sg31kol3p1gj4fg5nlo8fp08algqpevlko?imageView2/2/w/540/format/jpg/q/75,2,0.056243896484375,0.41909773100661607,0.6116217456300046,0.20578571111407132,0.41216839591689736,黑马,727
69d07aa0000000001b001215,63f8d665744926000154706c,茶农王大鹏的店,69cf8634069e7b00017f1f9d,goods_seller,772,48,19,1,360.0,466.32124352331607,6.21761658031088,0.746524,0.911318,66.31233215332031,高,B,0.037349,中,中,中,中,,,正常,2,55.0,26473,71,B4,稳定期,http://sns-img-qn.xhscdn.com/spectrum/1040g0k031uh965ip3g005o577r6gbm38hb7bdto?imageView2/2/w/540/format/jpg/q/75,1,0.95947265625,0.7536817488862247,0.16069446294569512,0.039304056954250106,0.3178934229287233,黑马,728
6a06dd420000000035022036,6225b991417a3a0001981050,酒零后根据地的店,6722fafc7e48070001651464,goods_seller,7601,334,84,1,3539.0,465.59663202210237,4.39415866333377,0.798461,0.902548,51.30328369140625,高,B,0.063214,中,中,高,中,,,正常,4,44.0,94624,29,B6,稳定期,http://sns-img-qn.xhscdn.com/spectrum/1040g0k03206bnim5le1g5n980pblgpnscm9m3h0?imageView2/2/w/540/format/jpg/q/75,2,0.92919921875,0.6248686411201397,0.035374391308852476,0.1171425188342732,0.25912851708775514,黑马,729
683e9686000000002202e35b,64f57047a5c63e000149558c,新疆尼勒克黑蜂蜂蜜的店,6765290b5677c9000130f2ce,goods_seller,1069,75,30,4,496.70000000000005,464.63985032740885,7.01590271281572,0.774327,0.924257,49.57783126831055,高,B,0.064533,中,低,中,中,,,正常,2,772.0,67803,376,B6,稳定期,http://sns-img-qn.xhscdn.com/1040g00831i8q3pe4mo005nikfbu087h715oqn50?imageView2/2/w/540/format/jpg/q/75,2,0.955078125,0.9402113582878202,0.07781626037920164,0.12787324423131002,0.38196695429944394,黑马,730
670932b0000000001b0224be,62908336466aa00001a4e35c,天添妈妈的敏宝美食的店,6596c27e4cbf000001e30a37,goods_seller,603,44,19,1,280.0,464.3449419568823,7.29684908789386,0.664471,0.902694,89.2730484008789,高,B,0.073649,中,低,中,中,,,正常,2,621.0,5069,611,B2,成长期,http://sns-img-qn.xhscdn.com/110/0/01e708faa1a5083e001000000001927b1311a7_0.jpg?imageView2/2/w/540/format/jpg/q/75,1,0.255126953125,0.6266891641874991,0.6000103607003834,0.003293222621849237,0.40999758250324386,黑马,731
6a2d1afe0000000022008faf,6548bef8368edf00013df609,全食物日记食品专卖店,6a23b7152c7daf0001a4d0cc,goods_seller,644,57,18,1,299.0,464.2857142857143,8.85093167701863,0.743496,0.825918,-12.325575828552246,中,B,0.16329,中,低,中,中,,,正常,4,9.0,6898,1,B3,稳定期,http://sns-img-qn.xhscdn.com/spectrum/1040g0k0321blvrie6u005podpv67e5bvqm85r7o?imageView2/2/w/540/format/jpg/q/75,2,0.07501220703125,0.09816023563192872,0.17156579784793452,0.8478901173719343,0.3725387169505992,黑马,732
69ab8656000000001503927d,65effeac0d7eaa000120ec83,正心滋补养生小铺的店,67877b79e741df0001224da0,goods_seller,535,49,27,2,248.0,463.5514018691589,9.15887850467290,0.750441,0.921394,28.955795288085938,中,B,0.111375,低,低,中,中,,,正常,2,124.0,9018,99,B3,稳定期,http://sns-img-qn.xhscdn.com/notes_pre_post/1040g3k031td67il8ls6g5pdr9igjkn5jb7olh08?imageView2/2/w/540/format/jpg/q/75,1,0.95703125,0.9073753385728875,0.14718114944570254,0.35549783165341975,0.4700181065573366,黑马,733
69511af4000000001e03334d,63243b8f93f5a6000196bdf3,皮皮滴的宝藏茶的店,6939338065055f00014ee55b,goods_seller,555,28,19,3,257.26,463.5315315315315,5.04504504504505,0.65649,0.883276,55.99430465698242,高,B,0.050933,中,低,中,中,,,正常,4,169.0,59034,168,B5,稳定期,http://sns-img-qn.xhscdn.com/1040g2sg31qko7gdgg0b05ohulic8c9mt0le2aa8?imageView2/2/w/540/format/jpg/q/75,2,0.94384765625,0.40055947782070067,0.6565131802909877,0.09005668783209744,0.38237644864792864,黑马,734
6a2661670000000020039d57,667ba913e87bc4000181b25d,茗庐老刘的店,6a1800269a00d300014de25b,goods_seller,8523,649,371,12,3950.35,463.4929015604834,7.61468966326411,0.76915,0.906676,99.31361389160156,高,B,0.058892,中,低,中,中,,,正常,2,191.0,7523,6,B3,稳定期,http://sns-img-qn.xhscdn.com/1040g2sg32155gqsjna005o7at1009f97o4ih780?imageView2/2/w/540/format/jpg/q/75,2,0.36669921875,0.6816896822225182,0.0905525213504433,0.00042182851560765506,0.2575546773628564,黑马,735
69914e6a000000001d02786f,63d618c3e517cf00016ff358,长白山小吴的店,64671a16db9efc00011142c7,goods_seller,600,37,9,1,278.0,463.3333333333333,6.16666666666667,0.784481,0.77504,-25.863346099853516,中,B,0.054634,中,低,中,中,,,正常,2,30.0,5086,119,B3,稳定期,http://sns-img-qn.xhscdn.com/notes_pre_post/1040g3k031sjipiehlk305ojr0cd8c6442ppak1o?imageView2/2/w/540/format/jpg/q/75,1,0.958984375,0.03043825762621553,0.056806240101830885,0.9315157704660835,0.33958675606470995,黑马,736
69ecc2bc0000000035032b2a,67ee36f24c9b210015ebd032,饮真堂茶生活的店,69e59735ca7f7f0001e1c6a2,goods_seller,514,27,13,1,238.0,463.0350194552529,5.25291828793774,0.719477,0.928816,83.97535705566406,高,B,0.125894,中,低,中,中,,,正常,4,39.0,15832,50,B3,稳定期,http://sns-img-qn.xhscdn.com/1040g2sg31vcsvan61mk05nh70h4085rlhb47p3g?imageView2/2/w/540/format/jpg/q/75,1,0.73291015625,0.975126918579696,0.2745955626600358,0.0076817192842236134,0.41913473350798514,黑马,737
68aef81a000000001b036125,65e6a890f0b53500010ee7c6,茯苓硕士返乡创业记的店,65ea8ab4f86a630001430fb6,goods_seller,7971,577,642,84,3688.2500000000005,462.7085685610338,7.23874043407352,0.751817,0.862403,80.4247055053711,高,B,0.228747,中,中,高,中,,,正常,2,445.0,33493,291,B4,稳定期,http://sns-img-qn.xhscdn.com/1040g00831lmhllh85i0g5ohf08940nkdi86mhd8?imageView2/2/w/540/format/jpg/q/75,1,0.95068359375,0.23719343427615708,0.14265944377839943,0.012499444962479464,0.1307841076723453,黑马,738
6951f1cf000000001f00e7b6,6267d4b0de1f690001e31c62,广禾堂旗舰店,69257472dd329c0001c5000e,goods_seller,619,44,26,1,286.0,462.0355411954766,7.10823909531502,0.70226,0.830577,-26.275468826293945,中,B,0.76484,中,低,中,中,,,正常,2,37.0,15626,167,B4,稳定期,http://sns-img-qn.xhscdn.com/spectrum/1040g34o31qlmijfd721049ra1iom2u3fh3lblq0?imageView2/2/w/540/format/jpg/q/75,0,0.94482421875,0.10923878454183503,0.362950135429155,0.9337285200479553,0.4686391466729818,黑马,739
6a1ef0c20000000035028e93,649ea2a28c06ac0001b952d9,酒心派的店,68cd002d9c4f880001e50b30,goods_seller,1003,47,10,2,462.1,460.71784646061815,4.68594217347956,0.664194,0.807643,14.108809471130371,中,B,0.101909,中,中,高,中,,,正常,4,43.0,7577,12,B4,稳定期,http://sns-img-qn.xhscdn.com/notes_pre_post/1040g3k8320tqki7k6s905p3f4ad7ovf8hn4kbq8?imageView2/2/w/540/format/jpg/q/75,2,0.038482666015625,0.0637701108594941,0.602023296774862,0.5570948596125098,0.407629422415622,黑马,740
69e19b91000000001f007cd7,6304ac4add5384000178a058,小师姐评茶的店,69df07f1792662000112d2a8,goods_seller,1194,82,23,1,550.0,460.63651591289783,6.86767169179229,0.761851,0.837224,50.74624252319336,高,B,0.132885,低,低,中,中,,,正常,2,37.0,115361,58,B6,稳定期,http://sns-img-qn.xhscdn.com/spectrum/1040g34o31v206pu7jm1045pvh6922qvblfks1t8?imageView2/2/w/540/format/jpg/q/75,2,0.9091796875,0.12807305773870314,0.11071888459659873,0.12094637597501591,0.11991277277010592,黑马,741
6a15c79d00000000080023ed,637f253e12def30001a8fffb,颐之宜养生的店,6934f6fb02483f00010e8cb8,goods_seller,7856,154,44,5,3618.03,460.543533604888,1.96028513238289,0.691545,0.87695,1.2463767528533936,中,B,0.134369,中,中,中,中,,,正常,2,154.0,10076,18,B6,稳定期,http://sns-img-qn.xhscdn.com/1040g2sg320kulr2bm2f05okgoas5aq8rbis471o?imageView2/2/w/540/format/jpg/q/75,1,0.93603515625,0.3433684117046312,0.422279946124358,0.7236801207761645,0.4964428262017179,黑马,742
69dc9b30000000001e00fad0,64d5f55b6bd5b600012b371e,瘦龙的店,682e892b6aec030015414c93,goods_seller,2250,120,53,7,1036.0,460.44444444444446,5.33333333333333,0.762579,0.893415,11.839089393615723,中,B,0.172719,中,低,中,低,,,正常,4,27.0,71471,60,B3,稳定期,http://sns-img-qn.xhscdn.com/spectrum/1040g0k031ut44ta0hul04a34nnfvfgqgih429ao?imageView2/2/w/540/format/jpg/q/75,1,0.89111328125,0.51093053890443,0.10851353551500081,0.5900048843301807,0.4031496529165371,黑马,743
69d9ac9a000000001a02f86a,62b28d9a14b93b000180d481,林间盏旗舰店,62b52d2b6ab36e0001a65e21,goods_seller,2423,105,22,5,1115.5,460.37969459347914,4.33347090383822,0.779676,0.907598,38.14682388305664,中,B,0.072671,中,低,中,中,,,正常,2,86.0,534935,64,B6,稳定期,http://sns-img-qn.xhscdn.com/spectrum/1040g0k031uq8dn0u3m005nblu32gb5udrppuc3g?imageView2/2/w/540/format/jpg/q/75,2,0.9375,0.6956618267394876,0.06626407945177094,0.24794636117401536,0.336624089121758,黑马,744
68e885b40000000005012647,6437890951d42b0001c2febd,A星空零售店的店,68f3045cae1c1700019d1fac,goods_seller,1185,206,42,2,545.0,459.915611814346,17.38396624472574,0.663268,0.671671,40.243350982666016,中,B,0.147468,中,中,中,中,,,正常,4,109.0,33924,247,B3,稳定期,http://sns-img-qn.xhscdn.com/notes_pre_post/1040g3k831neoc6j4l8cg5oao9to0kh8napvuel8?imageView2/2/w/540/format/jpg/q/75,2,0.95947265625,0.003596643133075796,0.6084765330136317,0.22174118970442402,0.2779381219503772,黑马,745
68b6d4f4000000001d009dc9,643eb29aa3c2d90001dcbbf2,小行家经源本草的店,66b9b2866bf36b0001896b63,goods_seller,2267,141,21,5,1041.0,459.19717688575207,6.21967357741509,0.808412,0.904065,38.81421661376953,中,B,0.152027,中,低,中,中,,,正常,2,648.0,9682,285,B3,稳定期,http://sns-img-qn.xhscdn.com/1040g00831lu7ji4uku005p187fcki4hu7vusipg?imageView2/2/w/540/format/jpg/q/75,2,0.06488037109375,0.6445465713482231,0.024073827390731613,0.23954679336323134,0.30272239736739537,黑马,746
69e21ffe000000001a020081,620e11934a9f4d000123b28f,HolidayWine假日酒馆的店,63a3e8f74596520001945b39,goods_seller,1163,87,17,2,533.73,458.9251934651763,7.48065348237317,0.634522,0.816776,18.6536922454834,中,B,0.085931,中,低,中,中,,,正常,4,20.0,20400,58,B6,稳定期,http://sns-img-qn.xhscdn.com/spectrum/1040g0k031v2gfk5b3u0040l3lhehtd14fqj37ao?imageView2/2/w/540/format/jpg/q/75,0,0.8974609375,0.07877092491452423,0.8048266062785844,0.49135621568017995,0.45831791562442953,黑马,747
68fb8a6e000000000303b884,66de9b426283a200162e969d,韩要强现烤坚果的店,68fb4ba4c192ac0001b8085c,goods_seller,1399,103,52,6,641.46,458.5132237312366,7.36240171551108,0.62361,0.861178,45.658180236816406,中,B,0.145875,中,低,中,中,,,正常,4,1392.0,56069,233,B6,稳定期,http://sns-img-qn.xhscdn.com/1040g00831o1aldcm58005nfo2etg82c7o6f992g?imageView2/2/w/540/format/jpg/q/75,2,0.95947265625,0.22981513550316002,0.8596865148084011,0.16204875449580391,0.4171834682691216,黑马,748
68d2a23a000000000e025e09,66588c3400444d0001e072e5,农村老于头的店,66596ac2c417b300019c2057,goods_seller,1731,113,57,10,793.51,458.4113229347198,6.52801848642403,0.735861,0.890198,55.65113067626953,高,B,0.044758,中,低,中,中,,,正常,4,798.0,99264,264,B3,稳定期,http://sns-img-qn.xhscdn.com/1040g00831mpcgvefmm005oj4sqg8ct0d7hv45qg?imageView2/2/w/540/format/jpg/q/75,1,0.94482421875,0.47367642052602754,0.20103458993827983,0.09203262140520699,0.25558121062317146,黑马,749
6a26ec7700000000170281ad,65700ec68411900001f8c298,老七粽子的店,6570b9b0ded0e90001e09dc3,goods_seller,2247,127,23,6,1030.0,458.38896306186024,5.65198041833556,0.71399,0.87644,55.53518295288086,高,B,0.084429,中,低,中,中,,,正常,4,129.0,24212,5,B4,稳定期,http://sns-img-qn.xhscdn.com/1040g2sg3215mhv9tnos05o0dtv4g8gfa2uhehng?imageView2/2/w/540/format/jpg/q/75,1,0.63818359375,0.3390613205452689,0.30096354513565116,0.0923952459186241,0.24414003719984803,黑马,750
695098630000000022020544,666665f36f2d8b00019491b4,依子妈妈食养记的店,677f9c4671bc78000127eaf9,goods_seller,7837,972,472,62,3590.8900000000003,458.19701416358305,12.40270511675386,0.761561,0.874314,20.189842224121094,中,B,0.049355,中,低,中,中,,,正常,2,606.0,11767,168,B4,稳定期,http://sns-img-qn.xhscdn.com/1040g2sg31qkastmaga005o4jf8a093p9j3pfgk0?imageView2/2/w/540/format/jpg/q/75,2,0.95947265625,0.321522134896319,0.11156994212808787,0.46990216538638013,0.30099808080359564,黑马,751
69f7f2460000000036019ae0,5fe1dd217a15a300018e9fe3,茶人老郑的店,68d78a4ec67e4700011d6dbd,goods_seller,1447,79,47,6,662.22,457.65031098825153,5.45957152729786,0.738826,0.860091,8.931184768676758,中,B,0.112619,中,低,高,中,,,正常,4,62.0,28029,41,B4,稳定期,http://sns-img-qn.xhscdn.com/notes_pre_post/1040g3k031vnqfaph2g6g5n1depp1i8q7gnht2b0?imageView2/2/w/540/format/jpg/q/75,2,0.91015625,0.22375412577890266,0.1896304190163255,0.6278436422302147,0.3470760623418143,黑马,752
696891db000000000d00b288,637df39580e3750001657093,胡子叔的餐盘的店,6937df3e81a79500014d9d0e,goods_seller,652,71,15,1,298.0,457.0552147239264,10.88957055214724,0.795602,0.909943,16.59491729736328,中,B,0.109115,中,中,中,中,,,正常,2,245.0,105995,150,B5,稳定期,http://sns-img-qn.xhscdn.com/spectrum/1040g34o31rbpju9p70105n7ieo2lnifg9esag40?imageView2/2/w/540/format/jpg/q/75,2,0.041412353515625,0.7319094770806507,0.038889628938916274,0.5215206547962642,0.4307732536052771,黑马,753
69ef4144000000003701ed30,644a6076ebbcb2000135d31c,重庆丽晶酒店的店,69f018f66eeaf70001447c0e,goods_seller,2509,223,45,3,1146.6,456.99481865284974,8.88800318852132,0.716658,0.874925,74.37964630126953,高,B,0.316482,中,低,高,中,,,正常,4,66.0,13699,48,B2,成长期,http://sns-img-qn.xhscdn.com/notes_pre_post/1040g3k031vfaui72ia005nkk6drg82tsm6nv7u8?imageView2/2/w/540/format/jpg/q/75,2,0.642578125,0.3263990645767654,0.28848630167399314,0.020336574752453266,0.21174064700107062,黑马,754
69b91950000000002200d941,6677ef6f8fb024000136a9c4,晓梦久不醒食养的店,66826833c8f3fa0001d444a8,goods_seller,700,75,36,5,319.79999999999995,456.8571428571428,10.71428571428571,0.756721,0.901591,-1.6355135440826416,中,B,0.078709,中,中,高,中,,,正常,2,120.0,28884,88,B3,稳定期,http://sns-img-qn.xhscdn.com/notes_pre_post/1040g3k031tqef8mk6o104a7fqsn8gg97sqnln50?imageView2/2/w/540/format/jpg/q/75,2,0.1356201171875,0.6122507881532792,0.12631173867353432,0.757093379512455,0.49855196877975616,黑马,755
6a06869b0000000037036f62,63329de801ba120001859768,皇太后御食生活的店,69eda657c4fc820001a17831,goods_seller,759,57,16,4,346.0,455.86297760210806,7.50988142292490,0.651613,0.866343,20.633384704589844,中,B,0.075216,中,低,高,中,,,正常,4,4.0,36857,30,B3,稳定期,http://sns-img-qn.xhscdn.com/note_pre_post_uhdr/1040g3r0320622ipqig004a6gv0s6blbr3s42pf8?imageView2/2/w/540/format/jpg/q/75,1,0.94287109375,0.26216272220002074,0.6921613901099715,0.46471441469443336,0.4730128423348085,黑马,756
68a3f3a9000000001b034d20,62ecfcb2d855f30001c7975d,妈妈很忙轻养的店,6307629bbec183000175c52a,goods_seller,3859,251,140,25,1758.3799999999999,455.6569059341798,6.50427571909821,0.768012,0.900945,8.988424301147461,中,B,0.153458,中,中,高,中,,,正常,2,135.0,29134,298,B4,稳定期,http://sns-img-qn.xhscdn.com/spectrum/1040g34o31lbpnind4q105on8maenqhm2icpghf8?imageView2/2/w/540/format/jpg/q/75,2,0.94189453125,0.6035181978301734,0.09357932596243507,0.6264671491792845,0.4411882243239644,黑马,757
69f18dae000000001a0367a1,62ecfcb2d855f30001c7975d,妈妈很忙轻养的店,62ed18810a79e90001c348c0,goods_seller,775,16,12,2,353.0,455.48387096774195,2.06451612903226,0.761051,0.885406,1.3208484649658203,中,B,0.153733,中,中,高,中,,,正常,2,69.0,12311,44,B4,稳定期,http://sns-img-qn.xhscdn.com/spectrum/1040g34o31vhiov2s480g5oo61qgkger4ajqvrsg?imageView2/2/w/540/format/jpg/q/75,1,0.94970703125,0.4220579311161434,0.11304264168257774,0.7228660657460444,0.4193222128482552,黑马,758
6a0173f0000000000803fc3b,6763b5706190b600159cb67c,失重森林旗舰店,67a6f647b23f7c0001ca4694,goods_seller,1706,36,14,4,776.97,455.4337631887456,2.11019929660023,0.687115,0.838209,16.573904037475586,中,B,0.06102,中,中,中,中,,,正常,2,108.0,7083,31,B4,稳定期,http://sns-img-qn.xhscdn.com/spectrum/1040g34o32013iucfl4105oci0a58cfidq69cd60?imageView2/2/w/540/format/jpg/q/75,1,0.95947265625,0.1311442653523378,0.4490549561150334,0.5243772479019582,0.36819215645644315,黑马,759
693656060000000019024011,656dbc4fdbc3590001e46ae8,真方心丨方心生活的店,692685759562430001421b70,goods_seller,672,67,25,1,306.0,455.35714285714283,9.97023809523810,0.706985,0.82764,6.1104278564453125,中,B,0.084932,中,低,中,中,,,正常,2,44.0,26154,188,B5,稳定期,http://sns-img-qn.xhscdn.com/spectrum/1040g0k031pqn3r9340005o9porcgk37mf6quj68?imageView2/2/w/540/format/jpg/q/75,1,0.79248046875,0.10195669227239762,0.33698177996832585,0.6649571511034146,0.36796520778137937,黑马,760
69b942c70000000023011829,6230023896e3340001ac76ab,平阴玫瑰的店,6879b3e8eab7930001182d6c,goods_seller,961,54,34,2,437.40000000000003,455.1508844953174,5.61914672216441,0.741872,0.845148,7.163928508758545,中,B,0.11476,中,低,中,中,,,正常,4,183.0,62676,89,B4,稳定期,http://sns-img-qn.xhscdn.com/notes_pre_post/1040g3k031tqi8urc7u005ogq865oc9lsvn8rq5o?imageView2/2/w/540/format/jpg/q/75,1,0.9580078125,0.1548776697304738,0.17780441957876353,0.6509850065864452,0.3278890319652275,黑马,761
69d722c3000000001a037263,6350c072814e2d00019e44f0,侍酒猫SommCat的店,6534ee6c797cb3000188333f,goods_seller,1536,93,21,1,699.0,455.078125,6.05468750000000,0.716787,0.857098,36.92054748535156,中,B,0.103101,中,中,中,中,,,正常,4,19.0,30282,66,B6,稳定期,http://sns-img-qn.xhscdn.com/notes_pre_post/1040g3k031unpmvq3ia005o9s23pgk9ekttamsl0?imageView2/2/w/540/format/jpg/q/75,2,0.93505859375,0.20751742817814484,0.28775365214688514,0.2643014667791543,0.2531908490347281,黑马,762
689d9623000000001c0069b9,6440d01909cecd0001011491,三关六码头旗舰店,6896b362f9d7c80001be3ac1,goods_seller,865,64,24,4,393.56000000000006,454.9826589595376,7.39884393063584,0.721116,0.891359,49.15988540649414,高,B,0.086909,中,低,中,中,,,正常,2,20.0,66981,304,B5,稳定期,http://sns-img-qn.xhscdn.com/notes_pre_post/1040g3k031l5iahujiu005o8m15go5j92jcc1qg8?imageView2/2/w/540/format/jpg/q/75,1,0.9404296875,0.48641268149726924,0.266432810858014,0.1318917158799935,0.29491240274509223,黑马,763
688b36440000000023031b7b,63e5b67f783b7900019486da,桔妈中式食补的店,66c8a128b1e57600018a39c5,goods_seller,644,74,10,1,293.0,454.96894409937886,11.49068322981366,0.768489,0.831353,-2.2744784355163574,中,B,0.061145,中,中,中,中,,,正常,2,41.0,47072,316,B3,稳定期,http://sns-img-qn.xhscdn.com/1040g2sg31kjjn98uj4eg5n4j625k0pnsplqpdf0?imageView2/2/w/540/format/jpg/q/75,2,0.03717041015625,0.11151813862617113,0.09228423841451683,0.7619259061912586,0.3219094277439822,黑马,764
67555993000000000103e26a,66f6440fff158e0015b55b45,御膳房富华斋旗舰店,6704ef5d4ae1870001912477,goods_seller,1065,91,18,3,483.65000000000003,454.1314553990611,8.54460093896714,0.664714,0.88028,23.465421676635742,中,B,0.107772,高,中,高,中,,,正常,2,427.0,8012,553,B3,稳定期,http://sns-img-qn.xhscdn.com/1040g2sg31b5713mjne405pjqfcb1ok4hbjsdpl8?imageView2/2/w/540/format/jpg/q/75,1,0.05645751953125,0.3728668057960718,0.5983822506401433,0.42469250921362284,0.46531385521661267,黑马,765
69e071f2000000001a034b86,66fb892572275e001554d486,SOGOOD蛮好的店,67459acf342aea0001fdfee5,goods_seller,1005,39,16,2,456.0,453.7313432835821,3.88059701492537,0.714307,0.856905,27.591140747070312,中,B,0.066239,中,中,中,中,,,正常,2,13.0,4438,59,B3,稳定期,http://sns-img-qn.xhscdn.com/notes_pre_post/1040g3k831v0rha2p2q805oaet530j9cuf9qhg5g?imageView2/2/w/540/format/jpg/q/75,1,0.9208984375,0.2065405621420008,0.29937243757678017,0.3708760712224146,0.2922630236470652,黑马,766
69ecb005000000003501dda6,62c7f653c0ace30001e0ba92,法国酒农酒庄指南的店,63a75c658a0b50000120db0f,goods_seller,737,19,13,1,334.16,453.4056987788331,2.57801899592944,0.756299,0.767877,63.7989387512207,高,B,0.064234,中,低,中,中,,,正常,4,39.0,18689,50,B4,稳定期,http://sns-img-qn.xhscdn.com/1040g00831vcqjj4ck00g5o4dap6g8o946o3cm5g?imageView2/2/w/540/format/jpg/q/75,1,0.939453125,0.02573153945206696,0.12760682622145256,0.05038260586415642,0.06790699051255865,黑马,767
6a1969c2000000003503b76a,66a1b6b8a6d8460016697971,食葡专卖店,69d61969a57e4e0001cf486d,goods_seller,2638,114,51,3,1196.0,453.3737680060652,4.32145564821835,0.657258,0.862173,25.319459915161133,中,B,0.808524,中,中,中,低,,,正常,2,119.0,8452,16,B4,稳定期,http://sns-img-qn.xhscdn.com/1040g2sg320oe689blcf05oaai3mnuifkqv8ddvo?imageView2/2/w/540/format/jpg/q/75,2,0.958984375,0.23575033672276247,0.6509702055858976,0.4028610334058582,0.4298605252381728,黑马,768
6967667a000000000a02c33f,66c70bb6777979001546350d,三兔船长的店,6880c9d079bc47000156df59,goods_seller,6076,485,309,35,2751.9200000000014,452.9163923633972,7.98222514812377,0.720823,0.88647,67.81156158447266,高,B,0.055433,中,低,高,中,,,正常,4,906.0,24394,151,B5,稳定期,http://sns-img-qn.xhscdn.com/notes_pre_post/1040g3k031rak9jftgm005o4lvtng8ehjq3cgfd8?imageView2/2/w/540/format/jpg/q/75,2,0.703125,0.43287746251646614,0.2678315054097657,0.03560380681734085,0.2454375915811909,黑马,769
687e2651000000001c033243,620e11934a9f4d000123b28f,HolidayWine假日酒馆的店,6770c93bd048b700017c901d,goods_seller,1426,106,74,2,645.0,452.3141654978962,7.43338008415147,0.714491,0.702407,91.15003204345703,高,B,0.072367,中,中,中,中,,,正常,2,1358.0,65427,328,B6,稳定期,http://sns-img-qn.xhscdn.com/1040g2sg31k6rkinuj4e0400sfed3355c7uohtpg?imageView2/2/w/540/format/jpg/q/75,2,0.9462890625,0.006727054748901026,0.29855098204638636,0.0024865680920030196,0.1025882016290968,黑马,770
697dca08000000001a021cae,637df39580e3750001657093,胡子叔的餐盘的店,6958df42110a7f0001ee0b5c,goods_seller,669,31,18,5,302.5,452.1674140508221,4.63378176382661,0.666061,0.820664,16.59491729736328,中,B,0.163804,中,低,中,中,,,正常,2,65.0,105995,133,B5,稳定期,http://sns-img-qn.xhscdn.com/spectrum/1040g0k031s0h4pkq3u005n7ieo2lnifgmdmlrb8?imageView2/2/w/540/format/jpg/q/75,1,0.939453125,0.0862380296908071,0.5889466127910247,0.5215206547962642,0.39890176575936537,黑马,771
6a1adf4f000000000800155a,6342d4c7756074000199c295,OREIN喝了讨喜的店,6a10378eca8f41000140dc6e,goods_seller,573,31,5,1,259.0,452.0069808027923,5.41012216404887,0.675113,0.859636,21.232141494750977,中,B,0.092176,中,中,高,中,,,正常,4,2.0,4680,15,B3,稳定期,http://sns-img-qn.xhscdn.com/notes_pre_post/1040g3k8320pttq9pmee05nhq7rm088r97d9i308?imageView2/2/w/540/format/jpg/q/75,0,0.93017578125,0.22117135118334,0.5261829699687699,0.45231857673578735,0.3998909659626324,黑马,772
69c0e679000000002102d5da,65e57cddbf7fb600014b21bf,阿莹麦茶的店,660d4fde88aa5c0001c9a1f8,goods_seller,2856,271,86,15,1290.68,451.9187675070028,9.48879551820728,0.718722,0.913294,46.373329162597656,中,B,0.051092,中,低,中,中,,,正常,4,132.0,101410,83,B6,稳定期,http://sns-img-qn.xhscdn.com/spectrum/1040g34o31u22aogi1g105ova9gt9gui6hmhvtjo?imageView2/2/w/540/format/jpg/q/75,1,0.91943359375,0.7848452555392744,0.2783920193005047,0.15430783120938976,0.4058483686830563,黑马,773
6a0f34680000000007010f01,628b5d55d6b4360001958de1,富临行鱼胶滋补的店,67204f8075e23c000141137d,goods_seller,3677,159,107,2,1661.0,451.7269513190101,4.32417731846614,0.654117,0.898225,48.04304504394531,中,B,0.08324,中,低,中,中,,,正常,4,32.0,19965,23,B4,稳定期,http://sns-img-qn.xhscdn.com/1040g2sg320egkcvvme7049tm9gag8p8hfvdjbjo?imageView2/2/w/540/format/jpg/q/75,1,0.96044921875,0.5694092920681438,0.6736897414265204,0.13898879564258543,0.46069594304574996,黑马,774
66612fd9000000000600678c,637df39580e3750001657093,胡子叔的餐盘的店,665e802fc417b30001b9ce01,goods_seller,2479,185,107,14,1119.47,451.5812827753126,7.46268656716418,0.741723,0.88065,16.59491729736328,中,B,0.351424,中,低,中,低,,,正常,2,1579.0,105995,738,B5,稳定期,http://sns-img-qn.xhscdn.com/110/0/01e6612fb56848a00010000000018feba264c1_0.jpg?imageView2/2/w/540/format/jpg/q/75,2,0.87158203125,0.3760638219143614,0.17836685759957374,0.5215206547962642,0.35865044477006647,黑马,775
67c05aa2000000000602b3de,661e4d64f0b5350001a34a73,千里一杯MilesOneCup的店,67bd92203298ba0001251f17,goods_seller,1296,89,52,8,585.0,451.3888888888889,6.86728395061728,0.702401,0.84366,-4.510975360870361,中,B,0.056815,中,低,中,中,,,正常,2,261.0,30953,472,B5,稳定期,http://sns-img-qn.xhscdn.com/1040g00831edh9kaggm105p039s2k4j3te000hjo?imageView2/2/w/540/format/jpg/q/75,2,0.89453125,0.149527108032503,0.36212867989876113,0.778991459822684,0.43021574925131606,黑马,776
69ea4b080000000020003800,613197daad6c8000017134c8,安安助农的店,680448654336c4000192dfc7,goods_seller,669,39,21,4,301.8,451.1210762331838,5.82959641255605,0.720256,0.917904,43.782318115234375,中,B,0.059858,中,低,中,中,,,正常,4,7.0,18467,51,B4,稳定期,http://sns-img-qn.xhscdn.com/1040g00831va4b0sgiq105n9q7k14biaj0oon1p0?imageView2/2/w/540/format/jpg/q/75,1,0.9580078125,0.8571407427142075,0.2707177005165549,0.17640572502701182,0.4347547227525914,黑马,777
69f1a009000000002301d115,6350c072814e2d00019e44f0,侍酒猫SommCat的店,68551364b93d4100019ff031,goods_seller,6903,312,187,8,3113.8,451.0792409097494,4.51977401129944,0.711951,0.808175,36.92054748535156,中,B,0.069425,中,中,高,中,,,正常,4,31.0,30282,46,B6,稳定期,http://sns-img-qn.xhscdn.com/notes_pre_post/1040g3k831vhkojbf2q705o9s23pgk9ek8mvm788?imageView2/2/w/540/format/jpg/q/75,2,0.93408203125,0.06461376789070941,0.3116498675310451,0.2643014667791543,0.2135217007336363,黑马,778
69e301bd000000001f00496a,659b72038a22bc0001ecf2d8,翔说茶的店,66efe18a86a6ff00016145a8,goods_seller,600,55,13,2,270.61,451.01666666666665,9.16666666666667,0.789219,0.838515,13.384176254272461,中,B,0.105306,低,低,中,低,,,正常,4,123.0,25601,57,B3,稳定期,http://sns-img-qn.xhscdn.com/spectrum/1040g0k031v3c5ao83u005oopipa8vhdkahbb3fo?imageView2/2/w/540/format/jpg/q/75,2,0.94189453125,0.13199532288382695,0.04842887379186833,0.568832053046786,0.2497520832408271,黑马,779
6a1fde9500000000350308cb,62b41e24b25d7e0001851fa9,康小养的店,674547378a6cc500015daf62,goods_seller,906,48,31,4,408.54,450.92715231788077,5.29801324503311,0.731957,0.881787,22.23487091064453,中,B,0.070795,中,中,高,中,,,正常,4,82.0,14981,11,B3,稳定期,http://sns-img-qn.xhscdn.com/notes_pre_post/1040g3k0320upvvdm6s005ni7odjg925khclso4g?imageView2/2/w/540/format/jpg/q/75,1,0.95166015625,0.3870609653212557,0.21728608853958528,0.4398191317733079,0.34805539521138296,黑马,780
6833107f000000002100f812,63870c8280e375000165b9c9,漩涡嘴里的店,672b12f6175dab00018bc3fc,goods_seller,2229,152,47,5,1005.0,450.8748317631225,6.81920143562135,0.709053,0.734004,33.82542037963867,中,B,0.087893,中,中,中,中,,,正常,2,4255.0,570094,385,B5,稳定期,http://sns-img-qn.xhscdn.com/1040g2sg31hti08k1jol040kr5gv8c8qj84s0nu8?imageView2/2/w/540/format/jpg/q/75,2,0.92333984375,0.012492044462205644,0.32629545757293194,0.2961014164557524,0.2116296394969633,黑马,781
6a2d261c000000002100ab69,6350c072814e2d00019e44f0,侍酒猫SommCat的店,69fc4ee56bdc380001532c54,goods_seller,2258,87,19,2,1018.0,450.8414526129318,3.85296722763508,0.713298,0.853853,36.92054748535156,中,B,0.07906,中,低,中,中,,,正常,4,8.0,30282,1,B6,稳定期,http://sns-img-qn.xhscdn.com/spectrum/1040g0k0321boplj26u005o9s23pgk9ekleniuf0?imageView2/2/w/540/format/jpg/q/75,2,0.93505859375,0.19122152657519648,0.3045231857673579,0.2643014667791543,0.2533487263739029,黑马,782
6a2b936d000000001702ff36,658aac609c3f2f0001a7d17b,五常大米陈红的店,66096be6d391df000194fa15,goods_seller,833,35,16,1,375.53,450.81632653061223,4.20168067226891,0.740457,0.90072,25.798574447631836,中,B,0.1146,中,低,中,中,,,正常,4,116.0,5798,2,B3,稳定期,http://sns-img-qn.xhscdn.com/notes_pre_post/1040g3k8321a6u94fnomg5pbc9v0ma4rp4aftrho?imageView2/2/w/540/format/jpg/q/75,1,0.95947265625,0.6006246022231103,0.18337699628494886,0.39467608010301497,0.39289255953702473,黑马,783
68cd7009000000001003ca9f,628b5d55d6b4360001958de1,富临行鱼胶滋补的店,6894661099631f0001177577,goods_seller,750,142,40,1,338.0,450.6666666666667,18.93333333333333,0.704645,0.894602,48.04304504394531,中,B,0.076325,中,低,中,中,,,正常,2,68.0,19965,268,B4,稳定期,http://sns-img-qn.xhscdn.com/notes_pre_post/1040g3k831mka1ho95m8049tm9gag8p8h4brobh8?imageView2/2/w/540/format/jpg/q/75,0,0.95361328125,0.5251543004307091,0.34968843893847223,0.13898879564258543,0.33794384500392227,黑马,784
69d786c3000000002103a94f,685e4c9b5c02210015bef00b,酒梦富的店,69aeca3f1166fe0001e90220,goods_seller,1061,66,43,2,478.0,450.51837888784166,6.22054665409991,0.684745,0.868522,49.686336517333984,高,B,0.221924,中,中,高,中,,,正常,2,86.0,2401,66,B4,稳定期,http://sns-img-qn.xhscdn.com/spectrum/1040g34o31uo4am4mis105pse12th5kj6hsmlm8g?imageView2/2/w/540/format/jpg/q/75,2,0.9560546875,0.27717093675532467,0.46358953865281294,0.1270665897014638,0.2892756883698671,黑马,785
68459877000000002001c388,65548eb39665fd00018f3f7f,天元之家的店,673440d04713b300011cec65,goods_seller,529,84,34,2,238.0,449.9054820415879,15.87901701323251,0.763384,0.856805,35.79514694213867,中,B,0.132607,中,低,中,低,,,正常,4,28.0,21941,371,B2,成长期,http://sns-img-qn.xhscdn.com/1040g2sg31if7sh1cgc0g5orutrdot6tec3rtqlo?imageView2/2/w/540/format/jpg/q/75,1,0.2315673828125,0.20597072362091678,0.10632298743395054,0.2759868567115137,0.19609352258879365,黑马,786
69d8775e000000002200dfaa,674d8ff05c240b0015350c76,企鹅吃喝酒馆的店,69d86ddf10b42d0001decf64,goods_seller,818,63,12,1,368.0,449.87775061124694,7.70171149144254,0.688029,0.868038,21.712865829467773,中,B,0.568157,中,中,高,中,,,正常,4,69.0,17546,65,B4,稳定期,http://sns-img-qn.xhscdn.com/notes_pre_post/1040g3k031up1ak4p1u505pg2c20ipln57u9sfng?imageView2/2/w/540/format/jpg/q/75,2,0.94970703125,0.2737149031274514,0.44355638441158624,0.44659799002412565,0.3879564258543878,黑马,787
686e039b00000000100112e7,60bf50bff5b33500012e7734,yololand有乐岛旗舰店,676e58be34f5900001933f1c,goods_seller,1015,76,23,4,456.6,449.85221674876846,7.48768472906404,0.783862,0.872709,-25.864089965820312,中,B,0.040143,中,中,高,中,,,正常,2,90.0,1875,340,B4,稳定期,http://sns-img-qn.xhscdn.com/spectrum/1040g34o31lou60iml0005ppmu57k03f9fc2lelg?imageView2/2/w/540/format/jpg/q/75,2,0.83203125,0.3085638589168628,0.058012521646463304,0.9316045764693693,0.4327269856775651,黑马,788
6a2a23fd000000001700b7c6,64a2a16de916d0000181cd86,兔总的葡萄酒买手店的店,68ad5843f38f970001bad46c,goods_seller,9666,527,121,7,4346.0,449.6172149803435,5.45210014483758,0.688865,0.759393,43.1324577331543,中,B,0.550028,中,中,高,中,0.050370285660028456,0.0,正常,2,56.0,8030,3,B4,稳定期,http://sns-img-qn.xhscdn.com/spectrum/1040g0k03218r2b866u1g5ovsrf5jq95uo925uco?imageView2/2/w/540/format/jpg/q/75,1,0.9541015625,0.0212690377869544,0.43851664372511584,0.1830809762739961,0.21428888592868878,黑马,789
69fefaf3000000003700ea84,64426227f59230000155ca11,疆进酒少庄主精选葡萄酒的店,6641c6b2778e4b000105350d,goods_seller,1725,108,35,3,775.0,449.27536231884056,6.26086956521739,0.694858,0.780094,5.713983058929443,中,B,0.087966,中,中,中,中,,,正常,4,11.0,5716,36,B4,稳定期,http://sns-img-qn.xhscdn.com/spectrum/1040g34o31vukvrau480g5odj2va41t50s0qtrco?imageView2/2/w/540/format/jpg/q/75,2,0.1605224609375,0.03399049775764842,0.4038008969406332,0.670892352323017,0.3695612490070996,黑马,790
6a102dec0000000036018b52,64eee4696f2e59000190f559,蔡澜花花世界旗舰店,69eb3b2fd4c111000103902a,goods_seller,3216,96,28,3,1444.0,449.0049751243781,2.98507462686567,0.716766,0.879053,5.925756454467773,中,B,0.135801,,,,,,,正常,2,46.0,95188,22,B5,稳定期,http://sns-img-qn.xhscdn.com/notes_pre_post/1040g3k0320ffm7185s005nhrkdr08024b8t2nf0?imageView2/2/w/540/format/jpg/q/75,2,0.96044921875,0.36228409040451137,0.2878572591507186,0.6679099507126681,0.43935043342263275,黑马,791
698c6824000000000b012c0d,63db58e109e8950001c59e3d,庆春朴门的店,6643553c313f560001a0974f,goods_seller,1731,146,15,3,777.0,448.8734835355286,8.43443096476025,0.735143,0.92724,59.375789642333984,高,B,0.057011,中,中,中,中,,,正常,4,1268.0,96442,123,B4,稳定期,http://sns-img-qn.xhscdn.com/1040g00831septh9mle004ar8svjtada95blfv80?imageView2/2/w/540/format/jpg/q/75,2,0.0390625,0.9655136687240058,0.20400959104835487,0.06942409306869145,0.4129824509470173,黑马,792
6a20eac4000000003601fd21,63b5134c44351a000144834b,爱远闻的店,6a1fe6eec2c13f0001e1bc2a,goods_seller,3396,234,164,17,1522.98,448.46289752650176,6.89045936395760,0.71738,0.784064,-8.432848930358887,中,B,0.061629,中,中,中,中,,,正常,4,21.0,11472,10,B4,稳定期,http://sns-img-qn.xhscdn.com/notes_pre_post/1040g3k8320vqdi1anu904a5f5614r3oda4rn2do?imageView2/2/w/540/format/jpg/q/75,2,0.958984375,0.03724671787812856,0.28496366354365554,0.8153575181682282,0.37918929986333744,黑马,793
6a0d3ed2000000003502d5b4,620e11934a9f4d000123b28f,HolidayWine假日酒馆的店,687cb9074daa710001121dfe,goods_seller,1385,67,11,2,621.0,448.3754512635379,4.83754512635379,0.661802,0.836581,18.6536922454834,中,B,0.085591,中,中,高,中,,,正常,4,4.0,20400,25,B6,稳定期,http://sns-img-qn.xhscdn.com/spectrum/1040g0k0320cjpqg25k0040l3lhehtd14ne7eiv8?imageView2/2/w/540/format/jpg/q/75,2,0.91748046875,0.12603792016340304,0.6192146589109424,0.49135621568017995,0.4122029315848417,黑马,794
69906036000000000a032eef,65e57cddbf7fb600014b21bf,阿莹麦茶的店,661497d9df3ddc00012d6da1,goods_seller,1046,38,21,2,468.0,447.41873804971317,3.63288718929254,0.718502,0.877703,46.373329162597656,中,B,0.075393,中,低,中,中,,,正常,2,614.0,101410,120,B6,稳定期,http://sns-img-qn.xhscdn.com/1040g00831shjlp4j5e105ova9gt9gui6soicus0?imageView2/2/w/540/format/jpg/q/75,1,0.55615234375,0.34996225744860354,0.2793836863371964,0.15430783120938976,0.2612179249983966,黑马,795
6a007da20000000007011bf1,6503ca6100efc800012aed9e,茶理十八的店,69402ca55e8e270015b5b752,goods_seller,7054,311,144,10,3155.1,447.27814006237594,4.40884604479728,0.80655,0.854552,37.594783782958984,中,B,0.293019,中,低,中,低,,,正常,2,115.0,38623,35,B4,稳定期,http://sns-img-qn.xhscdn.com/1040g2sg32005hb9d3qe05oru2q67rkntkav176o?imageView2/2/w/540/format/jpg/q/75,2,0.76611328125,0.19458135369951007,0.025761141453162235,0.2563163269837041,0.15888627404545883,黑马,796
6908916d0000000004012fb2,6819bfede8bbe300157ad48a,澜生记悠悠的店,681c8743799233000167e1b1,goods_seller,1145,200,90,1,511.34,446.585152838428,17.46724890829694,0.679419,0.906773,47.333160400390625,中,B,0.229965,中,中,中,中,,,正常,2,73.0,7817,223,B4,稳定期,http://sns-img-qn.xhscdn.com/notes_pre_post/1040g3k031oe1hubr063g5pqabvu7dopo4r60g4o?imageView2/2/w/540/format/jpg/q/75,1,0.94384765625,0.6831549812767344,0.4974838299069017,0.14701833843967851,0.44255238320777157,黑马,797
68babbbb000000001c036b19,646e0669ebbcb20001ba0a2a,小憩居的店,64784e8def43dc0001aa4574,goods_seller,6629,665,152,11,2960.0299999999997,446.5273796952782,10.03167898627244,0.794081,0.924862,67.0158920288086,高,B,0.19572,中,中,中,中,,,正常,2,4305.0,15386,282,B4,稳定期,http://sns-img-qn.xhscdn.com/1040g2sg31m21844d4s005ntklbo099ajgeuu2d8?imageView2/2/w/540/format/jpg/q/75,2,0.405029296875,0.9461095570060536,0.040798958009561445,0.03763894439264094,0.341515819802752,黑马,798
6a069ef6000000003502dac1,663dfe45c7b2730001d9246c,台湾饮品的店,694e5f3e110a7f0001fa28c5,goods_seller,1729,103,18,5,772.0,446.5008675534991,5.95720069404280,0.693268,0.905884,42.967002868652344,中,B,0.070962,中,中,高,中,,,正常,4,14.0,6463,30,B3,稳定期,http://sns-img-qn.xhscdn.com/notes_pre_post/1040g3k832062ha81k8805pgedh7iphgbt0822o0?imageView2/2/w/540/format/jpg/q/75,1,0.9384765625,0.6700190932907064,0.4126074922664772,0.18505690984710566,0.422561165134763,黑马,799
69d5cc5e000000001a029502,620e11934a9f4d000123b28f,HolidayWine假日酒馆的店,686a387cc27dbc0001aea5f2,goods_seller,502,38,6,1,224.0,446.2151394422311,7.56972111553785,0.67566,0.86918,18.6536922454834,中,B,0.102832,中,中,中,中,,,正常,4,7.0,20400,67,B6,稳定期,http://sns-img-qn.xhscdn.com/spectrum/1040g0k031umf7etq1m0g40l3lhehtd146g3ke5g?imageView2/2/w/540/format/jpg/q/75,2,0.92578125,0.2819886624335805,0.5224753193315869,0.49135621568017995,0.43194006581511574,黑马,800
682ddf2b00000000220373a4,65e57cddbf7fb600014b21bf,阿莹麦茶的店,661497d9df3ddc00012d6da1,goods_seller,2188,157,88,9,976.03,446.0831809872029,7.17550274223035,0.757235,0.897645,46.373329162597656,中,B,0.123505,中,低,中,中,,,正常,2,252.0,101410,389,B6,稳定期,http://sns-img-qn.xhscdn.com/notes_pre_post/1040g3k031hofi1ov4q005ova9gt9gui60tlq73o?imageView2/2/w/540/format/jpg/q/75,1,0.90234375,0.5624158193093853,0.12479463611740153,0.15430783120938976,0.2805060955453922,黑马,801
69c77358000000001f0045ed,64a2a16de916d0000181cd86,兔总的葡萄酒买手店的店,691ed35552eecb0001489df5,goods_seller,597,47,15,1,266.0,445.56113902847574,7.87269681742044,0.725037,0.801181,43.1324577331543,中,B,0.084143,中,中,高,中,,,正常,4,34.0,8030,78,B4,稳定期,http://sns-img-qn.xhscdn.com/spectrum/1040g34o31u8evlmd34505ovsrf5jq95uu30qgko?imageView2/2/w/540/format/jpg/q/75,2,0.958984375,0.05480070452762607,0.24829418468688483,0.1830809762739961,0.16205862182950234,黑马,802
673d9dce00000000080040e2,637df39580e3750001657093,胡子叔的餐盘的店,66f650ace1b9ab0001104c12,goods_seller,678,50,40,4,302.04,445.4867256637168,7.37463126843658,0.703228,0.887328,16.59491729736328,中,B,0.150737,中,低,中,中,,,正常,2,728.0,105995,571,B5,稳定期,http://sns-img-qn.xhscdn.com/110/0/01e73d9c2b7496710010000000019348aa17dc_0.jpg?imageView2/2/w/540/format/jpg/q/75,2,0.9541015625,0.4419134733507985,0.35769578023474385,0.5215206547962642,0.4403766361272689,黑马,803
68e751cd000000000300e29b,61ab275fb3f9ca0001265c78,至言良食的店,66418d50308cb70001a83281,goods_seller,566,36,10,1,252.0,445.22968197879857,6.36042402826855,0.797166,0.867076,23.104188919067383,中,B,0.450949,中,低,中,中,,,正常,2,37.0,309741,248,B5,稳定期,http://sns-img-qn.xhscdn.com/spectrum/1040g0k031ndis1c8kq005o6psmog98t510o28o8?imageView2/2/w/540/format/jpg/q/75,2,0.91845703125,0.2668694403741693,0.0370617053712831,0.42940662788804523,0.2444459245444992,黑马,804
6a0024a700000000060205ea,6342d4c7756074000199c295,OREIN喝了讨喜的店,691c358c18096d000146f492,goods_seller,823,46,12,1,366.06,444.7873633049818,5.58930741190765,0.671557,0.850652,21.232141494750977,中,B,0.090232,中,中,高,中,,,正常,4,1.0,4680,35,B3,稳定期,http://sns-img-qn.xhscdn.com/notes_pre_post/1040g3k831vvqhsgm2i905nhq7rm088r93eiruf0?imageView2/2/w/540/format/jpg/q/75,2,0.9560546875,0.17690155854535766,0.5508044343797641,0.45231857673578735,0.393341523220303,黑马,805
6934e153000000001e0392f8,64e4302500efc80001c56cb2,圣廷陈子老师的店,692ff7d9d4363c000114cbd6,goods_seller,682,28,18,2,303.0,444.28152492668625,4.10557184750733,0.724246,0.809104,84.49388885498047,高,A,0.116548,中,中,高,中,,,正常,2,103.0,21048,189,B3,稳定期,http://sns-img-qn.xhscdn.com/spectrum/1040g34o31ppadc0i540g4a49bnr1g75ficmgvh0?imageView2/2/w/540/format/jpg/q/75,2,0.3505859375,0.06616047244793748,0.25180942231694864,0.007134082263961044,0.10836799234294907,黑马,806
69e979a5000000001b020197,646f209d80cd88000151e2ce,杨直二的店,673fe609ec68d7000183cbcb,goods_seller,5007,187,38,5,2224.32,444.24206111443976,3.73477132015179,0.71856,0.894038,37.98867416381836,中,B,0.065419,中,低,中,中,,,正常,2,134.0,49882,52,B5,稳定期,http://sns-img-qn.xhscdn.com/spectrum/1040g34o31v9ma4b41m105odo6af4164p4psdrng?imageView2/2/w/540/format/jpg/q/75,2,0.052398681640625,0.5182792356763317,0.27915427082870803,0.25190562882050826,0.34977971177518263,黑马,807
694e12e7000000001e00e612,6188ec75dcd9710001815018,老吴与酒的店,658feae5ff7b510001a988dc,goods_seller,857,100,32,1,380.0,443.40723453908987,11.66861143523921,0.686175,0.909416,60.06044387817383,高,B,0.08938,中,低,中,低,,,正常,2,31.0,19779,170,B4,稳定期,http://sns-img-qn.xhscdn.com/1040g2sg31qhtrddu74705oarlnu7vsrqgcfppjg?imageView2/2/w/540/format/jpg/q/75,1,0.958984375,0.7235395112709619,0.4546275328212187,0.0668117164720335,0.4149929201880714,黑马,808
68f8e21800000000050119df,628b5d55d6b4360001958de1,富临行鱼胶滋补的店,6763d7e7cfd9800001e1d368,goods_seller,9555,1099,467,4,4232.0,442.90947148090004,11.50183150183150,0.739496,0.877531,48.04304504394531,中,B,0.103598,中,低,中,中,,,正常,2,146.0,19965,235,B4,稳定期,http://sns-img-qn.xhscdn.com/notes_pre_post/1040g3k031nunks995m1g49tm9gag8p8hvhud9io?imageView2/2/w/540/format/jpg/q/75,1,0.95703125,0.34845255539274456,0.18716605242514395,0.13898879564258543,0.22486913448682463,黑马,809
69ba4537000000001a026be2,645c5f55625b5b0001b3af1d,一斤半酒铺的店,66dfa7892b65d200018d1409,goods_seller,921,89,5,2,406.99,441.90010857763303,9.66340933767644,0.709397,0.866188,3.786285877227783,中,B,0.426697,低,低,中,中,,,正常,2,267.0,8975,88,B4,稳定期,http://sns-img-qn.xhscdn.com/spectrum/1040g0k031trj4kij6q005ojrqqdocutbqj4okco?imageView2/2/w/540/format/jpg/q/75,2,0.95361328125,0.26114885366250756,0.3245637405088584,0.6978005713186212,0.42783772182999574,黑马,810
694a32a7000000000d00fe5e,5fe1dd217a15a300018e9fe3,茶人老郑的店,68d78a4ec67e4700011d6dbd,goods_seller,674,69,13,1,297.8,441.83976261127594,10.23738872403561,0.71724,0.854823,8.931184768676758,中,B,0.076962,中,低,高,中,,,正常,2,92.0,28029,173,B4,稳定期,http://sns-img-qn.xhscdn.com/1040g2sg31qe4qa8anucg5n1depp1i8q773bks38?imageView2/2/w/540/format/jpg/q/75,1,0.95947265625,0.1957802347438687,0.2855853055666563,0.6278436422302147,0.36973639418024656,黑马,811
6a18f81e00000000070231de,62cfbf9670b5830001e74312,劲家庄食品旗舰店,6788d155c93bbc00019f11d4,goods_seller,1345,10,7,3,594.0,441.63568773234203,0.74349442379182,0.70321,0.904206,25.13127326965332,中,B,0.079376,中,中,中,低,,,正常,2,18.0,15595,16,B3,稳定期,http://sns-img-qn.xhscdn.com/spectrum/1040g0k0320o2gq625i005nujcaa09a2ued3gj6o?imageView2/2/w/540/format/jpg/q/75,0,0.958984375,0.6463744949158563,0.35778458623802967,0.40586563651702856,0.47000823922363816,黑马,812
6a1fe70900000000060370d6,650fc5e6796c030001e1f55c,翔说茶（单丛茶）的店,6a1aa9994078870001f2242c,goods_seller,3280,159,106,8,1448.29,441.5518292682927,4.84756097560976,0.674135,0.904722,39.183528900146484,中,B,0.088012,中,低,中,中,,,正常,4,4.0,43523,11,B5,稳定期,http://sns-img-qn.xhscdn.com/spectrum/1040g0k0320uqgs7ln2005oncfjqnjqei97ntoq8?imageView2/2/w/540/format/jpg/q/75,1,0.95703125,0.6537823956899487,0.5333614552343738,0.2342036321655344,0.47378249436328557,黑马,813
6a06eecf000000003601ce84,6548bef8368edf00013df609,全食物日记食品专卖店,69e9fc07bd07d500011f69c5,goods_seller,607,111,5,1,268.0,441.5156507413509,18.28665568369028,0.791477,0.678949,-12.325575828552246,中,B,0.066885,中,低,中,中,,,正常,4,4.0,6898,30,B3,稳定期,http://sns-img-qn.xhscdn.com/notes_pre_post/1040g3k03206kgj8mme105podpv67e5bvhnnc9c8?imageView2/2/w/540/format/jpg/q/75,2,0.9560546875,0.004240486656898006,0.04488403416070926,0.8478901173719343,0.2990048793965139,黑马,814
6a1e51c8000000003701f379,620675253451ea000139f451,可梵茶事的店,6a06ed443c8e6e000120629d,goods_seller,5410,548,154,3,2386.0,441.0351201478743,10.12939001848429,0.765888,0.88976,69.59500885009766,高,B,0.097172,中,中,高,中,,,正常,4,16.0,29333,12,B5,稳定期,http://sns-img-qn.xhscdn.com/1040g008320t9kj8vne005ni6hgt08374jk0c130?imageView2/2/w/540/format/jpg/q/75,1,0.0679931640625,0.4687624883442121,0.09932211417491822,0.03074907863771591,0.19961122705228207,黑马,815
69e89ee70000000023013c11,67ee36f24c9b210015ebd032,饮真堂茶生活的店,69d5d2a6ccba710001c0c7d9,goods_seller,7383,488,421,4,3254.0,440.7422456995801,6.60977922253826,0.725058,0.926927,83.97535705566406,高,B,0.079598,中,低,低,低,,,正常,4,133.0,15832,53,B3,稳定期,http://sns-img-qn.xhscdn.com/1040g00831v8rj1n2hm5g5nh70h4085rltdligo0?imageView2/2/w/540/format/jpg/q/75,1,0.05340576171875,0.9629974986309074,0.24819057768305136,0.0076817192842236134,0.4062899318660608,黑马,816
6890870d000000002301950f,6503ca6100efc800012aed9e,茶理十八的店,66befd2e4bd59d0001514daf,goods_seller,2515,184,103,5,1108.0,440.5566600397614,7.31610337972167,0.77999,0.85126,37.594783782958984,中,B,0.157092,中,低,中,中,,,正常,2,84.0,38623,314,B4,稳定期,http://sns-img-qn.xhscdn.com/1040g00831kolm9o8j27g5oru2q67rkntq9aj560?imageView2/2/w/540/format/jpg/q/75,2,0.49072265625,0.17985435815461126,0.06559803442712728,0.2563163269837041,0.16725623985514756,黑马,817
69f2c6a50000000023004488,62a1a1e2b25d7e000184eb86,妈妈很忙手工美食的店,645a38c9301a420001b2fe37,goods_seller,1845,43,16,4,811.7499999999999,439.9728997289972,2.33062330623306,0.673726,0.842725,14.73381519317627,中,B,0.055914,中,中,高,中,,,正常,2,11.0,35134,45,B4,稳定期,http://sns-img-qn.xhscdn.com/1040g2sg31vip09j1hme05o0l7fog8d2mf6f5l5o?imageView2/2/w/540/format/jpg/q/75,1,0.68505859375,0.14610807690599883,0.536210647839794,0.546970975237926,0.40976323332790626,黑马,818
686f7aad000000002203ca14,63e5b67f783b7900019486da,桔妈中式食补的店,66c8a128b1e57600018a39c5,goods_seller,2794,252,29,1,1228.0,439.51324266284894,9.01932712956335,0.76816,0.831353,-2.2744784355163574,中,B,0.230647,中,中,高,中,,,正常,2,289.0,47072,339,B3,稳定期,http://sns-img-qn.xhscdn.com/1040g00831johs6mej2005n4j625k0pnst3eeqr8?imageView2/2/w/540/format/jpg/q/75,2,0.04071044921875,0.11151813862617113,0.09317229844737504,0.7619259061912586,0.3222054477549349,黑马,819
6a0e7cb2000000000603281b,628b5d55d6b4360001958de1,富临行鱼胶滋补的店,67d4ff39d9b11700013650db,goods_seller,3662,315,123,2,1608.0,439.1043145821955,8.60185690879301,0.679193,0.869683,48.04304504394531,中,B,0.067622,中,低,中,中,,,正常,4,21.0,19965,24,B4,稳定期,http://sns-img-qn.xhscdn.com/1040g008320dqg0rlme0g49tm9gag8p8hnq0pu3o?imageView2/2/w/540/format/jpg/q/75,1,0.9580078125,0.28582952207569234,0.49909713896659413,0.13898879564258543,0.30797181889495734,黑马,820
69e7408b000000001a0367e8,62cd4db84d694d000169c095,了不起的匠人的店,69e0b574b7a2ed0001cd736a,goods_seller,1818,110,44,2,798.0,438.9438943894389,6.05060506050605,0.642507,0.862468,47.26428985595703,中,B,0.648782,中,中,高,中,,,正常,4,35.0,1045317,54,B5,稳定期,http://sns-img-qn.xhscdn.com/spectrum/1040g34o31v7gp0tris0g5o5fk66gbgd0ot0sugo?imageView2/2/w/540/format/jpg/q/75,1,0.96044921875,0.23755605878957417,0.7547918239272975,0.14754377395911963,0.3799638855586638,黑马,821
69fc142d0000000037036176,6350c072814e2d00019e44f0,侍酒猫SommCat的店,69d8ab2561bf490001a3c23c,goods_seller,3576,138,56,9,1569.56,438.91498881431767,3.85906040268456,0.665193,0.672894,36.92054748535156,中,B,0.087807,中,中,中,中,,,正常,4,13.0,30282,38,B6,稳定期,http://sns-img-qn.xhscdn.com/spectrum/1040g0k031vrq4ndn54005o9s23pgk9ekjhjd59o?imageView2/2/w/540/format/jpg/q/75,2,0.94970703125,0.0036928496366354364,0.5950742270177464,0.2643014667791543,0.28768951447784535,黑马,822
684fc891000000001101dfb6,623f0f14926bfb00012ba444,周怀坊-温县怀山臻品农业家庭农场的店,67b713f69759260001c009b8,goods_seller,834,93,73,5,365.50000000000006,438.2494004796164,11.15107913669065,0.7491,0.878563,80.9786605834961,高,B,0.117681,低,低,中,低,,,正常,4,54.0,6534,363,B2,成长期,http://sns-img-qn.xhscdn.com/notes_pre_post/1040g3k031ipj76grh4605nbu409089hlasoakgg?imageView2/2/w/540/format/jpg/q/75,1,0.332763671875,0.3578215887393988,0.151443837603422,0.011937006941669256,0.17373414442816335,黑马,823
69b8a20400000000210117fe,668f6d3cebc29500014b5612,山农野生.阿玮的店的店,66ba1b15a7c5830001307ba4,goods_seller,635,135,3,1,278.0,437.79527559055117,21.25984251968504,0.770768,0.873932,24.285871505737305,中,B,0.147695,中,中,中,中,,,正常,2,90.0,13064,89,B3,稳定期,http://sns-img-qn.xhscdn.com/1040g00831tq00ftln2005pfaaan19qulhvn2bj8?imageView2/2/w/540/format/jpg/q/75,2,0.90771484375,0.3182807157763865,0.08641564169737874,0.41638174740612466,0.27369270162662995,黑马,824
69429103000000001e035e94,6368e1aef197bd00017a35bf,王教💪瘦子增重的店,64c291272527f80001aead45,goods_seller,1275,137,20,1,558.0,437.6470588235294,10.74509803921569,0.758364,0.859876,18.460002899169922,中,B,0.547839,中,低,中,低,,,正常,2,164.0,42353,179,B3,稳定期,http://sns-img-qn.xhscdn.com/1040g00831q6mdkuqga005o0acv9g9egfs3t3mng?imageView2/2/w/540/format/jpg/q/75,1,0.05706787109375,0.22252564273344877,0.12139780649171884,0.49525627932448235,0.27972657618321667,黑马,825
687fab3400000000110015d0,66794f0001336c0001b9b7e6,健哥甄选陈皮的店,67b2d3799716990001e2beee,goods_seller,2493,234,77,9,1090.32,437.352587244284,9.38628158844765,0.733318,0.927083,62.23263168334961,高,B,0.18785,低,低,中,中,,,正常,2,152.0,12670,327,B4,稳定期,http://sns-img-qn.xhscdn.com/spectrum/1040g34o31k8be6urj62g5nm37qj08pl2548fdqg?imageView2/2/w/540/format/jpg/q/75,1,0.93408203125,0.9643073871793734,0.2119059248405192,0.05857495966727351,0.4115960905623887,黑马,826
6a295a0e0000000035033110,637f253e12def30001a8fffb,颐之宜养生的店,6934f6fb02483f00010e8cb8,goods_seller,971,28,6,1,424.15,436.81771369721935,2.88362512873326,0.691665,0.831039,12.161897659301758,中,B,0.062282,中,中,中,中,,,正常,2,128.0,81167,4,B6,稳定期,http://sns-img-qn.xhscdn.com/1040g008321820vjb6u005oc4kvfodan657m8ve0?imageView2/2/w/540/format/jpg/q/75,2,0.95263671875,0.11045986708701508,0.4215546970975238,0.5856163876678063,0.3725436506174484,黑马,827
69cf7e48000000001a0279f5,645c5f55625b5b0001b3af1d,一斤半酒铺的店,69c2638c58e963000119803a,goods_seller,983,55,7,1,429.0,436.41912512716175,5.59511698880977,0.749022,0.87024,3.786285877227783,中,B,0.612909,低,低,中,低,,,正常,2,11.0,8975,72,B4,稳定期,http://sns-img-qn.xhscdn.com/spectrum/1040g0k031ugaahvt34005ojrqqdocutb4918vgg?imageView2/2/w/540/format/jpg/q/75,2,0.1983642578125,0.29001080473039975,0.15171025561327947,0.6978005713186212,0.3798405438874335,黑马,828
6a15abc50000000006032242,669618e5db6f410001b46000,JoshyWine的店,6a0c4d0f1123b90001738114,goods_seller,4769,351,99,3,2081.0,436.35982386244496,7.36003355001048,0.668548,0.883716,19.824716567993164,中,B,0.066654,中,中,中,中,,,正常,4,30.0,2081,19,B4,稳定期,http://sns-img-qn.xhscdn.com/spectrum/1040g34o320kqh5c36o105pj7tvi1oikfvomksqg?imageView2/2/w/540/format/jpg/q/75,2,0.9375,0.40498497698444413,0.5715332356467298,0.4756449535988633,0.4840543887433457,黑马,829
6885dafd000000000b02c2cf,649ea2a28c06ac0001b952d9,酒心派的店,6879ec26eab79300011daffb,goods_seller,1487,189,31,4,648.0,435.77673167451246,12.71015467383995,0.714223,0.773366,14.108809471130371,中,B,0.069304,中,中,高,中,,,正常,4,249.0,7577,322,B4,稳定期,http://sns-img-qn.xhscdn.com/notes_pre_post/1040g3k031ked43942g1g5p3f4ad7ovf84mnhgig?imageView2/2/w/540/format/jpg/q/75,2,0.94921875,0.029224575581309295,0.29975726359101873,0.5570948596125098,0.29535889959494593,黑马,830
694ea97c000000002102802f,66794f0001336c0001b9b7e6,健哥甄选陈皮的店,6a03d621a7aa180001d21df9,goods_seller,3333,165,161,6,1452.0,435.64356435643566,4.95049504950495,0.683839,0.916883,62.23263168334961,高,B,0.086705,中,低,中,中,,,正常,2,51.0,12670,170,B4,稳定期,http://sns-img-qn.xhscdn.com/1040g00831qigc1drno005nm37qj08pl2flod2d8?imageView2/2/w/540/format/jpg/q/75,1,0.9140625,0.8418143066471293,0.46906590885543864,0.05857495966727351,0.45648505838994713,黑马,831
68be562c000000001c01310e,6613e159f0b53500018cd02b,札萨旗舰店,688b18c299631f0001b82c16,goods_seller,7544,716,542,53,3286.0499999999993,435.5845705196181,9.49098621420997,0.755066,0.889953,41.690799713134766,中,B,0.114613,中,低,中,低,,,正常,4,436.0,130099,279,B6,稳定期,http://sns-img-qn.xhscdn.com/1040g2sg31m5i2hgb68e05nlo8fp08alg5khntr0?imageView2/2/w/540/format/jpg/q/75,1,0.82568359375,0.47084202892115506,0.13178810887616002,0.20578571111407132,0.2694719496371288,黑马,832
69e21830000000001b023f26,62cd4db84d694d000169c095,了不起的匠人的店,69e0aa5ca8edd100012bd5a8,goods_seller,894,32,6,1,389.0,435.1230425055928,3.57941834451902,0.665258,0.812392,47.26428985595703,中,B,0.303717,中,中,高,中,,,正常,4,62.0,1045317,58,B5,稳定期,http://sns-img-qn.xhscdn.com/spectrum/1040g0k031v2bp3ku3u005o5fk66gbgd0i1slmn8?imageView2/2/w/540/format/jpg/q/75,1,0.96044921875,0.07145923064399154,0.5945117889969362,0.14754377395911963,0.2711715978666825,黑马,833
698dbd0e000000000a02e144,674d8ff05c240b0015350c76,企鹅吃喝酒馆的店,68947b458fe347000143426d,goods_seller,816,55,6,1,355.0,435.04901960784315,6.74019607843137,0.693939,0.89465,21.712865829467773,中,B,0.053517,中,中,高,中,,,正常,4,222.0,17546,122,B4,稳定期,http://sns-img-qn.xhscdn.com/notes_pre_post/1040g3k831sg3gh8ll8705n9vmftk5g8dltclb58?imageView2/2/w/540/format/jpg/q/75,2,0.8212890625,0.5257759424537098,0.4090774536358658,0.44659799002412565,0.46048379537123374,黑马,834
69406d91000000001f006786,659d244a60b4ac00010229ee,杯中兽小酒铺的店,67296ebb181935000111c1fd,goods_seller,2188,131,78,6,951.88,435.0457038391225,5.98720292504570,0.687564,0.891193,97.59153747558594,高,B,0.088171,中,中,中,中,,,正常,2,114.0,36182,180,B4,稳定期,http://sns-img-qn.xhscdn.com/1040g00831q4j5mid0a005okv07a6sr64elarc90?imageView2/2/w/540/format/jpg/q/75,1,0.91748046875,0.4844293474238859,0.44636117401536346,0.0007770525287509436,0.3105225246560001,黑马,835
69eb14f00000000020003801,64b37e57fdff9300018ec74d,酒类手账的店,66d811cabe444a0001bbcc88,goods_seller,866,37,8,1,376.64,434.91916859122404,4.27251732101617,0.676951,0.824251,33.075286865234375,中,B,0.0745,中,中,中,中,,,正常,2,7.0,7854,51,B4,稳定期,http://sns-img-qn.xhscdn.com/spectrum/1040g0k031vb8gm9ek0005oe5oj6ocpgggaif898?imageView2/2/w/540/format/jpg/q/75,2,0.958984375,0.09393454997557835,0.5138907390139573,0.3042937702588695,0.30403968641613505,黑马,836
6a0846470000000035038683,683da884daa7580015725385,紫云祥王伟的店,69db57755ec0880001d5d143,goods_seller,875,67,54,1,380.0,434.2857142857143,7.65714285714286,0.775856,0.9041,40.54669189453125,中,B,0.074396,中,低,中,低,,,正常,4,1.0,2308,28,B3,稳定期,http://sns-img-qn.xhscdn.com/spectrum/1040g0k03207op56olk005pv3de73i12o43vs478?imageView2/2/w/540/format/jpg/q/75,2,0.69091796875,0.6450942083684857,0.07438982875242367,0.2186181785888726,0.31270073856992736,黑马,837
69eb043e000000001a03579d,61cd1ed6f64538000105d341,夏夏食养的店,69c252c111534f00016a559b,goods_seller,753,73,21,2,327.0,434.2629482071713,9.69455511288181,0.667687,0.870656,24.933147430419922,中,B,0.086749,中,中,高,中,,,正常,4,101.0,310827,51,B4,稳定期,http://sns-img-qn.xhscdn.com/1040g00831vatuvf82a0g4a35031h22f33na6vm8?imageView2/2/w/540/format/jpg/q/75,1,0.95361328125,0.2930894128443083,0.5776164468718086,0.40818939360300754,0.4262984177730414,黑马,838
6a14164e00000000380370e2,64b37e57fdff9300018ec74d,酒类手账的店,6643299f313f5600019ef0ca,goods_seller,1889,95,21,2,819.0,433.56273160402327,5.02911593435680,0.696432,0.841052,33.075286865234375,中,B,0.112041,中,中,中,中,,,正常,2,8.0,7854,20,B4,稳定期,http://sns-img-qn.xhscdn.com/spectrum/1040g34o320j9kde6lk305oe5oj6ocpgg61hj5ag?imageView2/2/w/540/format/jpg/q/75,2,0.95703125,0.14043189319598004,0.39522371712327753,0.3042937702588695,0.2799831268593757,黑马,839
6a1709eb0000000038022b8f,63b5134c44351a000144834b,爱远闻的店,697b4f1ad5afea0001092374,goods_seller,1837,89,38,2,796.1600000000001,433.4022863364181,4.84485574305934,0.76183,0.850474,-8.432848930358887,中,B,0.063952,中,中,高,中,,,正常,4,69.0,11472,18,B4,稳定期,http://sns-img-qn.xhscdn.com/notes_pre_post/1040g3k8320m66g1sm8804a5f5614r3od0u4u8sg?imageView2/2/w/540/format/jpg/q/75,2,0.95947265625,0.17600609801222564,0.11079288959933692,0.8153575181682282,0.36738550192659697,黑马,840
69d617e8000000001a022ed9,63205b896c7ba8000125a68e,燕鸣春燕窝工厂旗舰店,670f57ccc42e3d0001f4541e,goods_seller,6349,586,180,3,2750.48,433.214679477083,9.22979996849898,0.698408,0.849483,10.758713722229004,中,B,0.057967,中,低,中,中,,,正常,4,133.0,8509,67,B4,稳定期,http://sns-img-qn.xhscdn.com/ark_notes/104104eo31umoc07lii8lp8odm1le5m0eom3dbjv0mtfc4?imageView2/2/w/540/format/jpg/q/75,1,0.95947265625,0.171995026863816,0.3840785637109069,0.6053313203972589,0.3871349703239939,黑马,841
69fbf0f30000000036003fcd,61ae00b56ca22900014b4224,塞外牧场风干碳烤牛肉干的店,643e2ff1e3a0de00019fa6c9,goods_seller,1570,55,28,5,680.0,433.1210191082803,3.50318471337580,0.615494,0.865585,34.093345642089844,中,B,0.059022,中,低,中,中,,,正常,4,159.0,89189,38,B4,稳定期,http://sns-img-qn.xhscdn.com/1040g00831vrnack1540049m4enct3pp9b0g0bu8?imageView2/2/w/540/format/jpg/q/75,1,0.958984375,0.25729319301984815,0.8913902579814396,0.2924973728224028,0.48039360794123015,黑马,842
69f850dc0000000038023cf1,656dbc4fdbc3590001e46ae8,真方心丨方心生活的店,6926780914b526000171cf32,goods_seller,1471,91,29,1,637.0,433.03874915023795,6.18626784500340,0.696816,0.831732,6.1104278564453125,中,B,0.054318,中,低,中,中,,,正常,4,12.0,26154,41,B5,稳定期,http://sns-img-qn.xhscdn.com/spectrum/1040g34o31vo62jdnk8105o9porcgk37mf6p90ug?imageView2/2/w/540/format/jpg/q/75,1,0.9326171875,0.11253200716368426,0.39296656453976286,0.6649571511034146,0.39015190760228724,黑马,843
697f36e300000000210297e6,663f41d2a275880001882e53,NIBBO巧克力旗舰店,697f0f993067f40001dda1ed,goods_seller,1381,94,21,1,598.0,433.0195510499638,6.80666183924692,0.703083,0.904018,72.9593505859375,高,B,0.08367,中,中,中,中,,,正常,4,1176.0,18790,133,B3,稳定期,http://sns-img-qn.xhscdn.com/spectrum/1040g0k031s1t0r92js005nhmk84095pa4gisfco?imageView2/2/w/540/format/jpg/q/75,0,0.96044921875,0.6439693323268653,0.3583988277607566,0.022667732338706097,0.34167863080877603,黑马,844
68aea854000000001c032383,6613e159f0b53500018cd02b,札萨旗舰店,68ad109f8ec6fa0001434813,goods_seller,1097,98,181,11,474.9899999999999,432.98997265268906,8.93345487693710,0.703392,0.824112,41.690799713134766,中,B,0.120364,中,中,中,中,,,正常,4,676.0,130099,291,B6,稳定期,http://sns-img-qn.xhscdn.com/1040g00831lm88cl9lo705nlo8fp08alg52uodqo?imageView2/2/w/540/format/jpg/q/75,1,0.1336669921875,0.09358672646270888,0.35677071770051655,0.20578571111407132,0.21871438509243224,黑马,845
6a2d21020000000022027541,63e7bb68384ae90001e78245,山野小青滋补的店,66a8a7df6c3884000122a6b0,goods_seller,517,26,2,1,223.74,432.7659574468085,5.02901353965184,0.760364,0.852401,14.424476623535156,中,B,0.100277,中,中,中,中,,,正常,4,64.0,17930,1,B4,稳定期,http://sns-img-qn.xhscdn.com/notes_pre_post/1040g3k0321boc4jm703g5omv4di7jvn2dk8v1ag?imageView2/2/w/540/format/jpg/q/75,1,0.69189453125,0.18473128783505766,0.11500377425513965,0.55292837795835,0.2842211466828491,黑马,846
6a2d17180000000020039963,675292995fdbcb001544e072,严开复滋补品批发行的店,67544697317fb100016034c5,goods_seller,571,36,7,2,246.95999999999998,432.50437828371275,6.30472854640981,0.762479,0.877953,-12.171263694763184,中,B,0.232317,低,低,中,中,,,正常,4,69.0,10535,1,B3,稳定期,http://sns-img-qn.xhscdn.com/notes_pre_post/1040g3k8321bn4s6vnk005pqfqnp7dketkg9kaag?imageView2/2/w/540/format/jpg/q/75,2,0.9580078125,0.3522786140343087,0.10885395852759647,0.8468170448322306,0.4359832057980453,黑马,847
6a22b0450000000017009a30,645a010a275ad100017c97ac,艾老板爱微醺的店,68d784d7e0f3b20001bdc02c,goods_seller,2079,126,21,1,899.0,432.41943241943244,6.06060606060606,0.719066,0.784177,32.44458770751953,中,B,0.534281,中,中,中,中,,,正常,4,36.0,16437,9,B4,稳定期,http://sns-img-qn.xhscdn.com/spectrum/1040g0k03211i5tek6s005oqg5p6m5cri3us9db8?imageView2/2/w/540/format/jpg/q/75,2,0.88720703125,0.037387327383331115,0.2766751032369788,0.31461746814084635,0.20955996625371875,黑马,848
6a20d088000000003701cc0a,64d9ceb5f58f8b00015322bf,高联先生的秘密旗舰店,6645ae9ff0ce1900012f2f2a,goods_seller,824,30,8,2,356.0,432.0388349514563,3.64077669902913,0.740658,0.840672,4.968328952789307,中,B,0.104534,中,中,高,中,,,正常,2,75.0,7198,10,B3,成长期,http://sns-img-qn.xhscdn.com/spectrum/1040g34o320vnk4ahn4b05p0np6g4i5ihkoom4p8?imageView2/2/w/540/format/jpg/q/75,2,0.8505859375,0.13907020114559746,0.18250373725263827,0.6792623181327058,0.3336120855103138,黑马,849
6878edba00000000110020b7,65e57cddbf7fb600014b21bf,阿莹麦茶的店,6773774ebc6cbc00018b11d3,goods_seller,3218,191,142,6,1389.74,431.86451211932877,5.93536357986327,0.755614,0.8927,46.373329162597656,中,B,0.509806,中,低,中,中,,,正常,2,294.0,101410,332,B6,稳定期,http://sns-img-qn.xhscdn.com/1040g00831k159630ig705ova9gt9gui6f5th570?imageView2/2/w/540/format/jpg/q/75,1,0.5078125,0.502197948581324,0.1299379838077054,0.15430783120938976,0.26214792119947306,黑马,850
69a6a8e4000000001a0214c6,629efccfb276e90001fc3eef,巧盒ChocBar的店,690a1ff8e0dd17000155e3fe,goods_seller,3085,147,48,10,1332.25,431.8476499189627,4.76499189627229,0.679452,0.829165,32.23711395263672,中,B,0.095974,中,中,中,中,,,正常,2,1381.0,13123,103,B4,稳定期,http://sns-img-qn.xhscdn.com/spectrum/1040g0k031t74bgupl8005oj7a1ik1s1krim7590?imageView2/2/w/540/format/jpg/q/75,2,0.95947265625,0.10555333540547342,0.4972322128975919,0.31583115018575253,0.30620556616293926,黑马,851
68bff076000000001d0231b1,625803d5f5a00e00012e9145,江中猴姑旗舰店,66bdb09b4bd59d00014735db,goods_seller,623,11,7,1,269.0,431.7817014446228,1.76565008025682,0.754536,0.808806,-2.623262882232666,中,B,0.086453,中,中,高,中,,,正常,4,4.0,34214,277,B4,稳定期,http://sns-img-qn.xhscdn.com/spectrum/1040g34o31lbp57p24u105o87m3pg807e91h92do?imageView2/2/w/540/format/jpg/q/75,2,0.95703125,0.06563503692849637,0.13330521143229282,0.7646714917928452,0.3212039133845448,黑马,852
69c39c0f000000001d0192b4,620e11934a9f4d000123b28f,HolidayWine假日酒馆的店,660a9a7bf8f82a0001fda743,goods_seller,982,70,76,2,424.0,431.77189409368634,7.12830957230143,0.676167,0.826131,18.6536922454834,中,B,0.053166,中,中,中,中,,,正常,4,19.0,20400,81,B6,稳定期,http://sns-img-qn.xhscdn.com/spectrum/1040g0k031u4l8srvhu0040l3lhehtd14snmam20?imageView2/2/w/540/format/jpg/q/75,2,0.95947265625,0.0986708701508222,0.5190636887053565,0.49135621568017995,0.3696969248454529,黑马,853
6a067efd0000000006034124,67ada9a405aebb001555b9b3,恒九堂大头滋补的店,6832ec56de92b50001d5be74,goods_seller,1149,139,25,4,496.1,431.76675369886857,12.09747606614447,0.793173,0.913891,35.68281555175781,中,B,0.072122,中,低,中,中,,,正常,4,22.0,18291,30,B3,稳定期,http://sns-img-qn.xhscdn.com/spectrum/1040g34o3206176a9l4105p408tr9ehhaig551fg?imageView2/2/w/540/format/jpg/q/75,2,0.92822265625,0.7942882938886668,0.04227905806432515,0.27631987922383555,0.3709624103922759,黑马,854
66baa2a80000000005021e57,6503ca6100efc800012aed9e,茶理十八的店,65e1cf3cbf75ee0001cbe9e1,goods_seller,4325,435,188,12,1865.13,431.2439306358381,10.05780346820809,0.786804,0.854733,37.594783782958984,中,B,0.14005,中,低,中,低,,,正常,2,3762.0,38623,670,B4,稳定期,http://sns-img-qn.xhscdn.com/1040g2sg316duj6j21a705oru2q67rknti356hn8?imageView2/2/w/540/format/jpg/q/75,2,0.95068359375,0.19538060772908247,0.052573153945206695,0.2563163269837041,0.16809002955266442,黑马,855
68012a49000000001c01c71f,61c9c407c16c8f0001edb80a,金果子优选原料的店,67545c9b317fb10001611125,goods_seller,541,52,14,2,233.0,430.68391866913123,9.61182994454713,0.726757,0.87427,55.702369689941406,高,B,0.06743,中,低,中,中,,,正常,4,1790.0,19967,422,B3,稳定期,http://sns-img-qn.xhscdn.com/1040g00831gcqieoqjc5g5ocluj3k1v2lu0f2bg0?imageView2/2/w/540/format/jpg/q/75,0,0.44921875,0.3211669108831757,0.24018323638677974,0.09169959889288516,0.21768324872094688,黑马,856
6a219a190000000021016adb,637f253e12def30001a8fffb,颐之宜养生的店,6934f6fb02483f00010e8cb8,goods_seller,1705,88,37,1,734.15,430.5865102639296,5.16129032258065,0.746767,0.872272,1.2463767528533936,中,B,0.070821,中,中,中,中,,,正常,2,123.0,10076,9,B6,稳定期,http://sns-img-qn.xhscdn.com/1040g0083210g3trlnu105okgoas5aq8rdmpcb0g?imageView2/2/w/540/format/jpg/q/75,2,0.93701171875,0.3052040317925492,0.15973979841037253,0.7236801207761645,0.39620798365969545,黑马,857
6a19602800000000070257de,64a2a16de916d0000181cd86,兔总的葡萄酒买手店的店,69f01482c4fc820001db6e1a,goods_seller,3917,221,109,7,1686.05,430.4442175134031,5.64207301506255,0.671557,0.779704,43.1324577331543,中,B,0.266844,中,中,高,中,,,正常,4,15.0,8030,16,B4,稳定期,http://sns-img-qn.xhscdn.com/spectrum/1040g34o320of5np1li405ovsrf5jq95uqkn2g98?imageView2/2/w/540/format/jpg/q/75,2,0.96044921875,0.03373148024806477,0.5508044343797641,0.1830809762739961,0.255872296967275,黑马,858
69ee1ac10000000038022474,66c5b9a8a6e9d10015372143,顺时生活旗舰店,67bd32d2cb5e4200012e1e51,goods_seller,1730,111,82,3,744.4399999999999,430.31213872832365,6.41618497109827,0.719121,0.883056,0.03145811706781387,中,B,0.250104,低,低,中,中,,,正常,4,12.0,5411,47,B4,稳定期,http://sns-img-qn.xhscdn.com/spectrum/1040g34o31ve6vgitjm0g5pm5mue7e7topg44aq8?imageView2/2/w/540/format/jpg/q/75,2,0.061004638671875,0.39852434024540057,0.27636428222547843,0.7382221038142178,0.47103690876169896,黑马,859
6a2a6e4f00000000160266f8,63b5134c44351a000144834b,爱远闻的店,6a2a2e04098e2c00019d2910,goods_seller,3674,370,166,6,1579.69,429.96461622210126,10.07076755579750,0.724113,0.840985,-8.432848930358887,中,B,0.079335,中,中,高,中,,,正常,4,64.0,11472,3,B4,稳定期,http://sns-img-qn.xhscdn.com/1040g2sg32193r7d87ae04a5f5614r3od78hv8k0?imageView2/2/w/540/format/jpg/q/75,1,0.95947265625,0.14019507718721785,0.2523570593372112,0.8153575181682282,0.4026365515642191,黑马,860
69c3445f000000001a02e020,624bed01c45094000151f4f6,梁小姐的店,692a576cccb9e0000115eefe,goods_seller,558,28,56,3,239.75,429.6594982078853,5.01792114695341,0.658255,0.882605,57.790550231933594,高,B,0.091104,中,低,中,中,,,正常,4,67.0,21671,81,B4,稳定期,http://sns-img-qn.xhscdn.com/1040g2sg31u4c8mt02ie04a682jtm38v8bvbk7c8?imageView2/2/w/540/format/jpg/q/75,0,0.95947265625,0.39458727409972916,0.6440581383301511,0.07682459334250995,0.3718233352574634,黑马,861
6915ce33000000000700b841,6548bef8368edf00013df609,全食物日记食品专卖店,6549fc39d94d65000190dfb9,goods_seller,622,82,18,3,267.0,429.2604501607717,13.18327974276527,0.847033,0.889151,28.26432991027832,中,B,0.069982,中,低,中,中,,,正常,4,56.0,11461,213,B3,稳定期,http://sns-img-qn.xhscdn.com/notes_pre_post/1040g3k031oqv3plo14005povftv7e02g033jufo?imageView2/2/w/540/format/jpg/q/75,2,0.8115234375,0.4622278466024303,0.002220150082145553,0.3637937924603703,0.2760805963816487,黑马,862
67f66b8d00000000070374fe,6540c215368edf00013dbb6b,林兰兰鲜肉烤肠的店,65448e11b870570001dbe544,goods_seller,1007,4,32,9,431.9,428.8977159880834,0.39721946375372,0.654747,0.839907,38.53672409057617,中,B,0.06607,中,低,中,低,,,正常,2,249.0,28898,431,B3,稳定期,http://sns-img-qn.xhscdn.com/1040g00831g2aqhmog6005ocqahp41q8mjpbobqo?imageView2/2/w/540/format/jpg/q/75,2,0.80615234375,0.13647262554948714,0.6691902372600388,0.24312123499548569,0.3495946992683372,黑马,863
69ff0350000000002301d36a,64a2a16de916d0000181cd86,兔总的葡萄酒买手店的店,69fecb4a1f204f000103adf4,goods_seller,9636,394,169,10,4131.52,428.7588210875883,4.08883354088834,0.726344,0.820466,43.1324577331543,中,B,0.161166,中,中,高,中,,,正常,2,54.0,8030,36,B4,稳定期,http://sns-img-qn.xhscdn.com/spectrum/1040g34o31vunaq842s4g5ovsrf5jq95uv85o0ao?imageView2/2/w/540/format/jpg/q/75,2,0.95947265625,0.08574959667273507,0.24209996595769875,0.1830809762739961,0.17031017963481,黑马,864
69f02b21000000003701d596,64a2a16de916d0000181cd86,兔总的葡萄酒买手店的店,69ef066ebd8c35000146d82a,goods_seller,7908,530,229,7,3389.66,428.6368234699039,6.70207384926657,0.724918,0.840204,43.1324577331543,中,B,0.079564,中,低,中,中,,,正常,4,38.0,8030,47,B4,稳定期,http://sns-img-qn.xhscdn.com/spectrum/1040g0k031vg7cdag1m205ovsrf5jq95uce0eo7o?imageView2/2/w/540/format/jpg/q/75,2,0.939453125,0.13755309858946466,0.24879001820523067,0.1830809762739961,0.18980803102289714,黑马,865
698ff5e8000000000e00e7b1,67dd2ce0d7bdca0015056cca,大饮小伴旗舰店,68f20805c192ac0001610dad,goods_seller,1204,6,30,3,514.0,426.9102990033223,0.49833887043189,0.699204,0.870869,9.535561561584473,中,B,0.075161,中,中,高,中,,,正常,2,180.0,7732,120,B2,成长期,http://sns-img-qn.xhscdn.com/110/0/01e98ff3127cde470010000000019c5a4d8dc7_0.jpg?imageView2/2/w/540/format/jpg/q/75,2,0.9453125,0.29473232390509596,0.37951985554223466,0.6213090004884331,0.4318537266452546,黑马,866
69fac34b000000003603344e,656dbc4fdbc3590001e46ae8,真方心丨方心生活的店,6926a1aadd329c0001d1213e,goods_seller,1612,95,42,4,688.0,426.79900744416875,5.89330024813896,0.745115,0.850032,6.1104278564453125,中,B,0.089363,中,低,中,中,,,正常,2,59.0,26154,39,B5,稳定期,http://sns-img-qn.xhscdn.com/spectrum/1040g34o31vqigkdm1m005o9porcgk37mih8p1ho?imageView2/2/w/540/format/jpg/q/75,2,0.62841796875,0.17438538845225937,0.16549738762340335,0.6649571511034146,0.3349466423930258,黑马,867
672c8492000000001b010c48,6438b6e05d01ad00010ca6bf,徽锄头旗舰店,655fffb23214c00001929053,goods_seller,1335,97,48,6,569.5999999999999,426.6666666666666,7.26591760299625,0.764671,0.893195,96.10362243652344,高,B,0.084604,中,中,高,中,,,正常,2,271.0,8394,584,B3,稳定期,http://sns-img-qn.xhscdn.com/1040g008319t5dm0e6o005olpquemsqqqmjtjsfo?imageView2/2/w/540/format/jpg/q/75,1,0.6611328125,0.5083107618074982,0.10288915530689875,0.0009694655358702248,0.2040564608834224,黑马,868
686a120b000000001202e5da,643435589a611c00012b8eae,果臻蔬心冷压果蔬汁的店,643756769e642d000141f196,goods_seller,551,51,19,2,235.0,426.497277676951,9.25589836660617,0.727339,0.914614,24.537799835205078,中,B,0.058407,中,低,中,中,,,正常,4,34.0,19973,343,B2,成长期,http://sns-img-qn.xhscdn.com/notes_pre_post/1040g3k831ji5q2utj49g5pmb6vvnc3dr22g7oa8?imageView2/2/w/540/format/jpg/q/75,1,0.93505859375,0.8058404748160976,0.23763746429258617,0.41301451978153725,0.4854974862967403,黑马,869
66dac8fd0000000012011ff4,62cd4db84d694d000169c095,了不起的匠人的店,65e046a1b3f28d000103f268,goods_seller,1351,77,102,2,576.0,426.35085122131755,5.69948186528497,0.675004,0.894237,47.26428985595703,中,B,0.111464,中,中,中,中,,,正常,2,981.0,1045317,645,B5,稳定期,http://sns-img-qn.xhscdn.com/spectrum/1040g34o317db8lp73k0g5o5fk66gbgd09dpsnd0?imageView2/2/w/540/format/jpg/q/75,1,0.94970703125,0.5207584032680609,0.526952621997247,0.14754377395911963,0.39841826640814254,黑马,870
69f2ee9d000000001a0354c1,62259521417a3a0001980f93,荣福鱼肉丸店的店,649a9c69ccfcdd0001a2672f,goods_seller,995,44,24,3,424.0,426.13065326633165,4.42211055276382,0.689769,0.888609,33.28065490722656,中,B,0.066917,中,中,中,中,,,正常,2,114.0,57355,45,B4,稳定期,http://sns-img-qn.xhscdn.com/1040g00831vi0rfmj2i0g5nqbke1g8pgd78nk9o0?imageView2/2/w/540/format/jpg/q/75,2,0.0687255859375,0.45627784438228025,0.43313648002604976,0.30282847120465345,0.3974142652043278,黑马,871
6a0f22970000000036001db7,649ea2a28c06ac0001b952d9,酒心派的店,67d2a743bb9b9d000165f566,goods_seller,886,52,12,1,377.4,425.95936794582394,5.86907449209932,0.709526,0.797814,14.108809471130371,中,B,0.139913,中,低,中,中,,,正常,2,6.0,7577,24,B4,稳定期,http://sns-img-qn.xhscdn.com/notes_pre_post/1040g3k8320ef5o635e9g5p3f4ad7ovf889990lg?imageView2/2/w/540/format/jpg/q/75,2,0.95263671875,0.05104865088880008,0.3239050959844886,0.5570948596125098,0.31068286882859947,黑马,872
69c39dd6000000001f00264b,62847f3317f6ef0001ac1851,养生奶爸小程子的店,69bbb5b558e9630001763d7f,goods_seller,1110,151,49,3,472.53999999999996,425.71171171171164,13.60360360360360,0.755347,0.882152,5.100987911224365,中,B,0.07584,中,低,中,中,,,正常,4,38.0,11461,81,B2,成长期,http://sns-img-qn.xhscdn.com/notes_pre_post/1040g3k031u4n76nn2o0g5o6armtg8smdbbiqpto?imageView2/2/w/540/format/jpg/q/75,2,0.83447265625,0.3902579814395453,0.13084084484111125,0.6783816586001213,0.3998268282935927,黑马,873
6a103805000000003601892e,685e4c9b5c02210015bef00b,酒梦富的店,6985f4d4e047060001f0998d,goods_seller,2153,105,24,1,916.0,425.45285647933116,4.87691593125871,0.667483,0.875958,49.686336517333984,高,B,0.165993,中,中,高,中,,,正常,4,51.0,2401,22,B4,稳定期,http://sns-img-qn.xhscdn.com/spectrum/1040g0k0320fgmk4ele005pse12th5kj6dpjt2i0?imageView2/2/w/540/format/jpg/q/75,2,0.485107421875,0.3347468288856327,0.5789559374213696,0.1270665897014638,0.3469231186694887,黑马,874
68e8f4520000000004001205,64101ba4d485a1000174190f,妈妈很忙旗舰店,68db455517d808000144bd76,goods_seller,1665,72,39,3,708.0,425.22522522522524,4.32432432432432,0.688422,0.864686,14.839186668395996,中,B,0.122005,中,低,中,中,,,正常,2,79.0,59566,246,B5,稳定期,http://sns-img-qn.xhscdn.com/1040g00831nep5eiu581g5nmbauh0blbo1nucs00?imageView2/2/w/540/format/jpg/q/75,2,0.95703125,0.25141719580243627,0.4410624158193094,0.5448766336604355,0.41245208176072706,黑马,875
69e996e5000000001a0235e4,64b37e57fdff9300018ec74d,酒类手账的店,6568464714f2c80001298dd7,goods_seller,514,33,6,1,218.34,424.7859922178988,6.42023346303502,0.699882,0.870621,33.075286865234375,中,B,0.111316,中,低,中,中,,,正常,4,8.0,7854,52,B4,稳定期,http://sns-img-qn.xhscdn.com/spectrum/1040g34o31v9prv7ck0405oe5oj6ocpggislgakg?imageView2/2/w/540/format/jpg/q/75,2,0.90869140625,0.2927711913325341,0.37597501591107557,0.3042937702588695,0.32434665916749306,黑马,876
68f75349000000000503825e,649111558c06ac0001b918f7,隅田川咖啡旗舰店,66aaefa360a9dc0001e2daea,goods_seller,940,95,13,1,399.0,424.468085106383,10.10638297872340,0.714387,0.91102,43.90266036987305,中,B,0.084934,中,中,高,中,,,正常,4,130.0,68659,236,B3,成长期,http://sns-img-qn.xhscdn.com/spectrum/1040g0k031nt6b2ot4ueg5n9en4a4fummjsbdeh8?imageView2/2/w/540/format/jpg/q/75,1,0.96044921875,0.7486864112013972,0.2989062060595296,0.17538445598922486,0.40765902441671725,黑马,877
694bdde5000000001f00d47b,64392cefc8fa340001ae781b,科尔沁左翼中旗一号牧场牛肉干店的店,65e1e247fb8c980001038658,goods_seller,537,52,13,2,227.8,424.20856610800746,9.68342644320298,0.653423,0.906383,69.74956512451172,高,B,0.09857,中,中,高,中,,,正常,2,98.0,3715,172,B4,稳定期,http://sns-img-qn.xhscdn.com/note_pre_post_uhdr/1040g3r031qfoulqvga0g4595fopu59m8gl9ktgg?imageView2/2/w/540/format/jpg/q/75,1,0.060272216796875,0.6773529890620605,0.6786554771102526,0.02974261060047659,0.46191702559092995,黑马,878
69ccdff4000000002103af32,62cd4db84d694d000169c095,了不起的匠人的店,690088e2427261000176e6ae,goods_seller,529,6,7,2,224.0,423.4404536862004,1.13421550094518,0.719812,0.899515,47.26428985595703,中,B,0.50751,中,中,高,中,,,正常,2,54.0,1045317,74,B5,稳定期,http://sns-img-qn.xhscdn.com/spectrum/1040g34o31udofvj42s105o5fk66gbgd0smpg7f0?imageView2/2/w/540/format/jpg/q/75,1,0.92236328125,0.5854239746606871,0.2729008480973314,0.14754377395911963,0.33528953223904606,黑马,879
684267e00000000022037da6,62b1706a7d5491000148f841,酒類美術館Wine Gallery的店,66863b38e269b2000124c9f1,goods_seller,633,21,8,1,268.0,423.38072669826227,3.31753554502370,0.71907,0.800121,13.902393341064453,中,B,0.111033,中,低,中,中,,,正常,2,556.0,111197,373,B6,稳定期,http://sns-img-qn.xhscdn.com/1040g2sg31icgtgcv7ie05ocbipgk0jcc2qge3u0?imageView2/2/w/540/format/jpg/q/75,2,0.92333984375,0.05363882598463656,0.2766232997350621,0.5604028832349067,0.2968883363182018,黑马,880
6875c84e000000001703064e,665ff76e72288900019bb298,王妈手撕烤兔东门店的店,6673a4502fbb5400018af79c,goods_seller,1165,87,64,4,493.15999999999997,423.31330472102997,7.46781115879828,0.684787,0.901355,41.77781295776367,中,B,0.153077,低,低,中,中,,,正常,4,92.0,7632,334,B4,稳定期,http://sns-img-qn.xhscdn.com/notes_pre_post/1040g3k831jumn1iqj2705o0g6ocg8rkmd66l2j0?imageView2/2/w/540/format/jpg/q/75,1,0.256103515625,0.609401595547859,0.4633083196424078,0.20477184257655817,0.42582725258894166,黑马,881
6a0696de000000003701e5a3,65faa414f0b53500013cf680,二十四味小栈🌿的店,662c653a4153220001b9a8c0,goods_seller,870,28,14,2,368.2,423.2183908045977,3.21839080459770,0.74224,0.860244,-2.7051501274108887,中,B,0.077275,中,中,高,中,,,正常,4,117.0,2269,30,B3,稳定期,http://sns-img-qn.xhscdn.com/notes_pre_post/1040g3k032062dn8viq005o5pe2n0942v8f40jp8?imageView2/2/w/540/format/jpg/q/75,2,0.958984375,0.22466438731258234,0.17622071252016636,0.7666326243654071,0.3891725747327186,黑马,882
69e06978000000001a0364a0,6503ca6100efc800012aed9e,茶理十八的店,69402ca55e8e270015b5b752,goods_seller,2128,90,48,2,900.0,422.9323308270677,4.22932330827068,0.778478,0.8333,37.594783782958984,中,B,0.653412,中,低,中,低,,,正常,2,24.0,38623,59,B4,稳定期,http://sns-img-qn.xhscdn.com/1040g00831uvv2on2jq705oru2q67rknti2j96q0?imageView2/2/w/540/format/jpg/q/75,2,0.300048828125,0.11683169782277282,0.06872104554267869,0.2563163269837041,0.1472896901163852,黑马,883
69d8db65000000001a0339c4,6278fb55b1999c0001ecbf50,Patchi旗舰店,664d551f83bbd80001548ee3,goods_seller,723,26,8,2,305.75,422.89073305670814,3.59612724757953,0.651363,0.745738,7.594381332397461,中,B,0.061623,中,低,高,中,,,正常,2,94.0,96008,65,B5,稳定期,http://sns-img-qn.xhscdn.com/note_pre_post_uhdr/1040g3r831upct2bh2g905ohgcb6od0u6r04df30?imageView2/2/w/540/format/jpg/q/75,2,0.95947265625,0.016073886594733803,0.6940485176797951,0.6450054023651999,0.4517092688799096,黑马,884
6a1efbe400000000060331f3,628b5d55d6b4360001958de1,富临行鱼胶滋补的店,67f736813d8f380001797ba9,goods_seller,3797,262,112,1,1604.92,422.6810639978931,6.90018435607058,0.65616,0.874521,48.04304504394531,中,B,0.121109,中,低,中,中,,,正常,4,33.0,19965,12,B4,稳定期,http://sns-img-qn.xhscdn.com/1040g008320ttk3497e0g49tm9gag8p8h7gvjfsg?imageView2/2/w/540/format/jpg/q/75,1,0.90478515625,0.3232390509598449,0.6588887408788834,0.13898879564258543,0.3737055291604379,黑马,885
69b25c9b0000000015030484,66dfe52e1908ad0016f284d0,爱吃牛胸口的小当家的店,69b15d914cdf2e0001b5e0ba,goods_seller,3167,606,389,21,1338.54,422.65235238395957,19.13482791285128,0.638883,0.845573,44.05628204345703,中,B,0.062281,中,中,中,中,,,正常,4,344.0,12824,94,B5,稳定期,http://sns-img-qn.xhscdn.com/1040g2sg31tjr698v726g5pmr1v27cfg5eot27ug?imageView2/2/w/540/format/jpg/q/75,1,0.94140625,0.1565723842931782,0.7780589967881829,0.17408936844130662,0.3695735831742226,黑马,886
69e8a043000000001f0055c9,62b98b750d601800010dc853,酒云网的店,68cbaa303d54c50001df535f,goods_seller,2374,111,56,3,1003.25,422.5989890480202,4.67565290648694,0.657225,0.797959,48.76265335083008,高,B,0.063232,中,中,高,中,,,正常,4,39.0,21152,53,B4,稳定期,http://sns-img-qn.xhscdn.com/spectrum/1040g0k031v8r6mcek0004a5r7q3qe88qnoo83go?imageView2/2/w/540/format/jpg/q/75,2,0.94189453125,0.05120406139455027,0.6512440240960289,0.13472610748486596,0.27905806432514835,黑马,887
69fd9ab20000000035028ef7,6763b5706190b600159cb67c,失重森林旗舰店,69d4a7f998fb930001d71633,goods_seller,658,27,6,2,278.0,422.49240121580544,4.10334346504559,0.655708,0.822615,16.573904037475586,中,B,0.109355,中,中,中,中,,,正常,2,21.0,7083,35,B4,稳定期,http://sns-img-qn.xhscdn.com/spectrum/1040g34o31vtb30lvl4105oci0a58cfidv41alq0?imageView2/2/w/540/format/jpg/q/75,1,0.955078125,0.09027130234003819,0.6622115655018279,0.5243772479019582,0.4256200385812748,黑马,888
696c2819000000000e03d4fd,683d9b0bc3302a0015a9d5a8,崔小元真选的店,6898afbf79bc4700018e85f3,goods_seller,1539,45,22,2,650.0,422.3521767381416,2.92397660818713,0.67779,0.847328,38.536705017089844,中,B,0.0935,中,低,中,低,,,正常,2,73.0,79317,147,B5,稳定期,http://sns-img-qn.xhscdn.com/1040g2sg31rf9t3rbnue05p4ru7dqpfdjpj05j70?imageView2/2/w/540/format/jpg/q/75,1,0.95703125,0.16321063303879343,0.5086141823187248,0.24338025250506934,0.30506835595419585,黑马,889
67e37132000000001b03bcac,5c274148eb90b93684d73b21,极盏旗舰店,677770b4e114590001941c7c,goods_seller,1125,20,27,5,474.8,422.0444444444444,1.77777777777778,0.704864,0.883658,27.186037063598633,中,B,0.128471,中,中,高,中,,,正常,2,70.0,26567,445,B4,稳定期,http://sns-img-qn.xhscdn.com/spectrum/1040g34o31ffpkt65lu0g5n354rik9iaveqhe47g?imageView2/2/w/540/format/jpg/q/75,2,0.84716796875,0.40442253896363395,0.34860056539822093,0.37428770184864496,0.37577026873683333,黑马,890
69c0f80b0000000023014a83,6321c9b80ae2230001cbcd22,如愿L老茶铺的店,65c234b2cfe24700018d3222,goods_seller,836,36,33,1,352.8,422.00956937799043,4.30622009569378,0.743967,0.892059,52.7763786315918,高,B,0.218192,中,低,中,中,,,正常,2,14.0,14227,83,B3,稳定期,http://sns-img-qn.xhscdn.com/spectrum/1040g0k031u24bk1r1g005n7ekgf4lufkdr0f0a0?imageView2/2/w/540/format/jpg/q/75,1,0.919921875,0.49456803279901723,0.16993768778769444,0.11131092461850421,0.2586055484017386,黑马,891
6873b6000000000015022e36,66de9b426283a200162e969d,韩要强现烤坚果的店,66dee783f63d3900013b7837,goods_seller,1097,120,117,12,462.7699999999999,421.8505013673655,10.93892433910665,0.709773,0.859394,45.658180236816406,中,B,0.097736,中,低,中,中,,,正常,4,1118.0,56069,336,B6,稳定期,http://sns-img-qn.xhscdn.com/1040g00831jskmcrb2o0g5nfo2etg82c7687q9g0?imageView2/2/w/540/format/jpg/q/75,2,0.78515625,0.2198984651362432,0.3226470109379394,0.16204875449580391,0.23486474352332884,黑马,892
68ee1abf0000000007020812,61ab275fb3f9ca0001265c78,至言良食的店,62024964d450b10001c067e3,goods_seller,595,71,21,1,251.0,421.8487394957983,11.93277310924370,0.773205,0.739113,23.104188919067383,中,B,0.304301,中,低,中,低,,,正常,2,147.0,309741,243,B5,稳定期,http://sns-img-qn.xhscdn.com/spectrum/1040g34o31nk6lj5h4s005o6psmog98t5oog8k6g?imageView2/2/w/540/format/jpg/q/75,2,0.88720703125,0.013787132010123885,0.08045823897695484,0.42940662788804523,0.17455066629170798,黑马,893
69b7b7ee00000000220032bd,65e57cddbf7fb600014b21bf,阿莹麦茶的店,6650a562dfedcf0001c1c36f,goods_seller,1111,91,33,4,468.67,421.84518451845184,8.19081908190819,0.724777,0.845472,46.373329162597656,中,B,0.065877,中,中,中,中,,,正常,4,70.0,101410,90,B6,稳定期,http://sns-img-qn.xhscdn.com/spectrum/1040g34o31tp2ql3gmi105ova9gt9gui6qrfqh1o?imageView2/2/w/540/format/jpg/q/75,2,0.9453125,0.15610615277592765,0.24941906072850525,0.15430783120938976,0.18661101490460755,黑马,894
69c88a03000000001b001a6d,6508047ba564790001baa9de,Spring的细微生活的店,6606dc9a32299f00011db668,goods_seller,707,32,12,6,298.0,421.4992927864215,4.52616690240453,0.698957,0.882615,65.48883819580078,高,B,0.285465,中,低,中,中,,,正常,4,476.0,19531,77,B3,稳定期,http://sns-img-qn.xhscdn.com/notes_pre_post/1040g3k831u9gvk8q1s7g48c7cfno9o843nrtgd8?imageView2/2/w/540/format/jpg/q/75,2,0.386474609375,0.3946834806032888,0.3808963485931649,0.04287849858650445,0.2728194425943194,黑马,895
69a28e0a000000000d00aeb5,659d244a60b4ac00010229ee,杯中兽小酒铺的店,68340380d5fe8c00013f7675,goods_seller,1536,266,39,5,647.0,421.2239583333333,17.31770833333333,0.676424,0.790542,36.45841598510742,中,B,0.050645,中,中,高,中,,,正常,4,37.0,2610,106,B4,稳定期,http://sns-img-qn.xhscdn.com/note_pre_post_uhdr/1040g3r831t4dv11vm29g5n6qr6qkniivvoemclg?imageView2/2/w/540/format/jpg/q/75,2,0.9541015625,0.04305611059307609,0.5172727676390924,0.26968903097849417,0.2766726364035542,黑马,896
6a14fded00000000080335e2,650fc5e6796c030001e1f55c,翔说茶（单丛茶）的店,682415e43aa6a60015d755df,goods_seller,994,59,16,1,418.0,420.523138832998,5.93561368209256,0.683403,0.904722,39.183528900146484,中,B,0.058435,中,低,中,中,,,正常,4,0.0,43523,19,B5,稳定期,http://sns-img-qn.xhscdn.com/spectrum/1040g34o320k668fbmo105oncfjqnjqei4m888po?imageView2/2/w/540/format/jpg/q/75,1,0.94921875,0.6537823956899487,0.47194470346195405,0.2342036321655344,0.45331024377247897,黑马,897
685a781200000000120319f9,64d4c2f86b0df000010fc7cb,单向树旗舰店,650cf9c813c7ca00018cf4b9,goods_seller,1266,118,90,3,531.99,420.2132701421801,9.32069510268562,0.723244,0.880691,-5.633793830871582,中,B,0.088279,中,中,中,中,,,正常,4,111.0,14221,354,B6,稳定期,http://sns-img-qn.xhscdn.com/spectrum/1040g0k031j41b9omi4005na7t5kknkjfutk20go?imageView2/2/w/540/format/jpg/q/75,1,0.2607421875,0.3764634489291476,0.2564125334872637,0.7903438272427216,0.474406603219711,黑马,898
6a18c8c300000000360304f7,61ef6bef1ff2ce00010ad572,梅老白茶馆的店,69b0aabc89705f0001dd7311,goods_seller,1664,97,60,1,699.0,420.07211538461536,5.82932692307692,0.754019,0.880031,32.571495056152344,中,B,0.057365,中,低,中,中,,,正常,2,0.0,18403,16,B3,稳定期,http://sns-img-qn.xhscdn.com/1040g008320nsjp7u5s405oa0j307v8pa5r0ktd8?imageView2/2/w/540/format/jpg/q/75,1,0.9248046875,0.3707946657194026,0.13522934150348564,0.3123677160576055,0.27279724109349796,黑马,899
6a0f00950000000036031cc8,63ef0934505ba20001cf3e04,全威派的店,6811d081afdaa600019ec6c1,goods_seller,1802,92,56,2,756.0,419.5338512763596,5.10543840177580,0.695775,0.869989,16.91329574584961,中,B,0.14383,中,中,高,中,,,正常,4,10.0,5162,24,B3,稳定期,http://sns-img-qn.xhscdn.com/notes_pre_post/1040g3k8320e9eqbk68b05oh7ejrk0gv0c1ej2go?imageView2/2/w/540/format/jpg/q/75,2,0.96044921875,0.28817548066249277,0.3988203602563533,0.5179092106626408,0.401635017193829,黑马,900
66fbc3a0000000001a02327d,64e4302500efc80001c56cb2,圣廷陈子老师的店,66fb6bc694a44c00010dfac0,goods_seller,1302,97,14,1,546.0,419.35483870967744,7.45007680491551,0.766183,0.831034,84.49388885498047,高,A,0.049744,中,中,高,中,,,正常,2,3505.0,21048,621,B3,稳定期,http://sns-img-qn.xhscdn.com/spectrum/1040g0k0318dh8san0q004a49bnr1g75fvtk3s2o?imageView2/2/w/540/format/jpg/q/75,2,0.037841796875,0.11042286458564599,0.09843405414206001,0.007134082263961044,0.07199700033055569,黑马,901
69fdb60e000000003503b1c7,6225b991417a3a0001981050,酒零后根据地的店,69fc2ae815602900011609d2,goods_seller,3087,133,39,3,1294.0,419.17719468739875,4.30839002267574,0.756759,0.822761,51.30328369140625,高,B,0.07795,中,低,中,中,,,正常,2,10.0,94624,37,B6,稳定期,http://sns-img-qn.xhscdn.com/spectrum/1040g34o31vtedkrb56a05n980pblgpns65joul8?imageView2/2/w/540/format/jpg/q/75,2,0.95068359375,0.09053031984962183,0.1261859301688794,0.1171425188342732,0.11128625628425814,黑马,902
69d5153b0000000022000ccb,6176a13d2137d00001440b99,全食物日记旗舰店,69c9dd375681cd00012c5d67,goods_seller,2799,179,74,4,1173.0,419.0782422293676,6.39514112182922,0.746422,0.896046,14.82205581665039,中,B,0.297229,中,中,高,中,,,正常,2,43.0,6408,68,B4,稳定期,http://sns-img-qn.xhscdn.com/1040g2sg31ukhhc8siieg5pnjnfdne4stho54340?imageView2/2/w/540/format/jpg/q/75,2,0.9482421875,0.542937702588695,0.16110889096102896,0.5453576661782337,0.41646808657598583,黑马,903
66bf0975000000001e01dc7b,62cd4db84d694d000169c095,了不起的匠人的店,65e046a1b3f28d000103f268,goods_seller,1547,125,43,3,646.0,417.5824175824176,8.08015513897867,0.678571,0.883551,47.26428985595703,中,B,0.887996,中,中,中,中,,,正常,2,7016.0,1045317,666,B5,稳定期,http://sns-img-qn.xhscdn.com/110/0/01e6bf08cd4086a0001000000001915a3a6d25_0.jpg?imageView2/2/w/540/format/jpg/q/75,1,0.9482421875,0.40339386942557315,0.5031526131166467,0.14754377395911963,0.3513634188337798,黑马,904
69c23615000000001a02714a,654a0c1998ed2d000179d7ad,野春食记·马卡龙的店,6890a4d6e019f2000196350b,goods_seller,1718,89,51,4,715.52,416.48428405122235,5.18044237485448,0.658455,0.910765,66.54578399658203,高,B,0.045343,中,中,高,中,,,正常,2,65.0,11104,82,B3,稳定期,http://sns-img-qn.xhscdn.com/notes_pre_post/1040g3k031u24fvuone505ogjnqc8cqorp4sa5s8?imageView2/2/w/540/format/jpg/q/75,1,0.7294921875,0.7445717330491541,0.6425632372748398,0.03873421843316608,0.47528972958571997,黑马,905
69799eaa000000001a01e019,6503ca6100efc800012aed9e,茶理十八的店,69402ca55e8e270015b5b752,goods_seller,1082,79,61,1,450.0,415.89648798521256,7.30129390018484,0.795072,0.848164,37.594783782958984,中,B,0.371909,中,低,中,中,,,正常,2,209.0,38623,137,B4,稳定期,http://sns-img-qn.xhscdn.com/1040g2sg31rrgobvjiaeg5oru2q67rkntt4m43i8?imageView2/2/w/540/format/jpg/q/75,2,0.921875,0.16657046016310703,0.039607477465476666,0.2563163269837041,0.15416475487076262,黑马,906
6a1976fe0000000008030c5a,636e1050f197bd00017a5bbc,制茶人高良公的店,6a046991a7aa180001e654ca,goods_seller,1383,59,42,1,575.0,415.762834417932,4.26608821402748,0.807568,0.902414,42.81592559814453,中,B,0.115147,中,低,中,中,,,正常,4,26.0,7703,16,B3,稳定期,http://sns-img-qn.xhscdn.com/1040g2sg320ohvr7h62004bjreohqab28999rh3o?imageView2/2/w/540/format/jpg/q/75,2,0.038330078125,0.623062919053328,0.02489528292112547,0.18595977088051152,0.27797265761832163,黑马,907
69cfb50a000000001b0211fc,637f253e12def30001a8fffb,颐之宜养生的店,64c8b8cdc9f72f000119e59e,goods_seller,883,57,16,3,367.1,415.7417893544734,6.45526613816535,0.7326,0.85747,1.2463767528533936,中,B,0.069152,中,低,中,低,,,正常,2,128.0,10076,72,B6,稳定期,http://sns-img-qn.xhscdn.com/1040g2sg31uggtih32q1g5okgoas5aq8rp4nsusg?imageView2/2/w/540/format/jpg/q/75,1,0.04168701171875,0.20947116025043294,0.21454050293799862,0.7236801207761645,0.38256392798819866,黑马,908
69284e19000000001b024a20,620e11934a9f4d000123b28f,HolidayWine假日酒馆的店,686a387cc27dbc0001aea5f2,goods_seller,4627,514,225,8,1922.7199999999998,415.54354873568184,11.10870974713637,0.721056,0.84359,18.6536922454834,中,B,0.048508,中,低,中,中,,,正常,4,188.0,20400,199,B6,稳定期,http://sns-img-qn.xhscdn.com/1040g2sg31pd1lq61ise040l3lhehtd14ilurqh8?imageView2/2/w/540/format/jpg/q/75,2,0.89892578125,0.14930509302428843,0.26680283587170495,0.49135621568017995,0.30248804819205777,黑马,909
69e1b0c0000000002202703a,6503ca6100efc800012aed9e,茶理十八的店,6628beb7dc628200015ee517,goods_seller,738,32,59,2,306.24,414.9593495934959,4.33604336043360,0.781883,0.857425,37.594783782958984,中,B,0.148545,中,低,中,中,,,正常,4,9.0,38623,58,B4,稳定期,http://sns-img-qn.xhscdn.com/1040g00831v16lbjh2i105oru2q67rkntkuljl48?imageView2/2/w/540/format/jpg/q/75,2,0.9091796875,0.20924914524221838,0.061808978286932194,0.2563163269837041,0.1757914835042849,黑马,910
69d4c140000000001a0204b8,63b5134c44351a000144834b,爱远闻的店,682728734ba3f000014591e3,goods_seller,1117,90,15,3,462.83,414.3509400179051,8.05729632945389,0.704427,0.786386,-8.432848930358887,中,B,0.093708,中,低,中,中,,,正常,2,49.0,11472,68,B4,稳定期,http://sns-img-qn.xhscdn.com/notes_pre_post/1040g3k031ulahfmjia0g4a5f5614r3odinfc2f0?imageView2/2/w/540/format/jpg/q/75,1,0.958984375,0.03936326095644065,0.35097612598611666,0.8153575181682282,0.40189896837026184,黑马,911
69dc949c000000001b022e46,67d38eb29f157e00150e8a3c,Cheese More的店,69b3fce232508300011bf96e,goods_seller,1161,46,45,5,480.64,413.9879414298019,3.96210163652024,0.580091,0.886489,68.11554718017578,高,B,0.11024,中,低,中,中,,,正常,4,48.0,7626,62,B4,稳定期,http://sns-img-qn.xhscdn.com/1040g2sg31ut8sg6s3q7g4btk3raq6jpjaemm060?imageView2/2/w/540/format/jpg/q/75,1,0.95361328125,0.433084676524133,0.9648328226988144,0.03469354528366118,0.47753701483553623,黑马,912
69d766290000000021006d76,62a1b89e43b3640001f2bd03,BRUTO WINES的店,638adc8680da2f00010db6e2,goods_seller,1105,66,30,2,457.3,413.84615384615387,5.97285067873303,0.615718,0.856813,49.392662048339844,高,B,0.126878,中,中,中,中,,,正常,2,33.0,15122,66,B3,稳定期,http://sns-img-qn.xhscdn.com/1040g00831uo19e2g1u3048lqr8p26vhmonlmh28?imageView2/2/w/540/format/jpg/q/75,2,0.88525390625,0.20602992762310732,0.8905392004499504,0.1303820138241345,0.4089837139657307,黑马,913
69aa4aa4000000001d026e4f,64eb138672d55e0001dd9fca,茯苓王子农产品的店,64eb41a371e89a0001d33501,goods_seller,614,13,13,3,254.0,413.68078175895766,2.11726384364821,0.791667,0.90125,83.8397445678711,高,B,0.124878,中,中,中,中,,,正常,2,136.0,58743,100,B4,稳定期,http://sns-img-qn.xhscdn.com/spectrum/1040g0k031tbvqmjkl60049msr80bhl6p4k17720?imageView2/2/w/540/format/jpg/q/75,1,0.958984375,0.6079510974941906,0.04468422065331616,0.00785193079052144,0.22016241631267608,黑马,914
6981b0de000000000a02e236,6729ccdf91ee7d0014854b52,尽力而为咖啡的店,67c2a5fb29b9f70001e4f16d,goods_seller,503,52,23,3,208.0,413.51888667992046,10.33797216699801,0.681523,0.926332,68.46354675292969,高,B,0.095276,中,低,中,中,,,正常,4,172.0,7826,131,B3,稳定期,http://sns-img-qn.xhscdn.com/notes_pre_post/1040g3k031s4auknc58305oinqe6od0e0f1vma4g?imageView2/2/w/540/format/jpg/q/75,0,0.82177734375,0.9587644124742832,0.4838373074019804,0.03309503722451638,0.4918989190335934,黑马,915
69b23309000000002602c56c,6540ad54368edf00013dba24,燕香御食养的店,6947c0f04423c30001d12f3f,goods_seller,759,37,14,2,313.40999999999997,412.9249011857707,4.87483530961792,0.713463,0.863223,38.481475830078125,中,B,0.060276,中,中,高,中,,,正常,2,135.0,17476,94,B4,稳定期,http://sns-img-qn.xhscdn.com/notes_pre_post/1040g3k831tjmeuhh6q705of7v0k8crg96o91m90?imageView2/2/w/540/format/jpg/q/75,1,0.958984375,0.24211476695824638,0.30367212823586875,0.24369847401684352,0.26316178973698623,黑马,916
6a12a1fa000000003601834a,650fc5e6796c030001e1f55c,翔说茶（单丛茶）的店,6a0d7470d4cee900018e0301,goods_seller,2336,123,34,5,964.0,412.67123287671234,5.26541095890411,0.666735,0.901155,39.183528900146484,中,B,0.083687,中,中,高,中,,,正常,4,4.0,43523,21,B5,稳定期,http://sns-img-qn.xhscdn.com/spectrum/1040g0k0320fda3nfli005oncfjqnjqeis8o8vd0?imageView2/2/w/540/format/jpg/q/75,2,0.91259765625,0.6066560099462723,0.5842398946168761,0.2342036321655344,0.4750331789095609,黑马,917
67ca705700000000280362f7,637f253e12def30001a8fffb,颐之宜养生的店,6380cc11075d9b0001ff5a84,goods_seller,717,2,3,1,295.8,412.55230125523013,0.27894002789400,0.763324,0.877199,1.2463767528533936,中,B,0.056905,中,中,中,中,,,正常,2,95.0,10076,464,B6,稳定期,http://sns-img-qn.xhscdn.com/1040g00831embug5q5k1g5okgoas5aq8rfm2s6og?imageView2/2/w/540/format/jpg/q/75,2,0.9580078125,0.3452333377736335,0.10649319894024836,0.7236801207761645,0.3918022191633488,黑马,918
69dcc8670000000023013ce6,65798517e8c3210001a4e77b,合为养旗舰店,666d7fa90f78be0001096770,goods_seller,730,27,7,1,301.0,412.32876712328766,3.69863013698630,0.697986,0.866989,-8.752756118774414,中,B,0.61158,中,中,中,中,,,正常,2,86.0,154383,62,B6,稳定期,http://sns-img-qn.xhscdn.com/spectrum/1040g34o31ut9bk9f3m105o8v0980amn56gn6rv8?imageView2/2/w/540/format/jpg/q/75,1,0.1907958984375,0.2663292038541805,0.38640972129715967,0.8195165993221142,0.49075184149115153,黑马,919
69b77a53000000001f006f6c,64d4cc0b146c1c00017f0705,小郭在滋己滋彼的店,67a4307a75ca3a00016729a7,goods_seller,922,110,41,2,380.0,412.1475054229935,11.93058568329718,0.73431,0.897876,78.98188018798828,高,B,0.112246,中,中,高,中,,,正常,4,38.0,5186,90,B2,成长期,http://sns-img-qn.xhscdn.com/1040g00831torl7f2ne0049n6sbogn45jggf5838?imageView2/2/w/540/format/jpg/q/75,1,0.85986328125,0.5650725989076861,0.20759143318088302,0.015082219558042124,0.2625820838822038,黑马,920
69a971600000000022031fd1,65a9e1b1a553de0001f1eb8b,Lecire乐希瑞巧克力旗舰店,69a58ac436986d00013b6516,goods_seller,5022,648,379,22,2069.0,411.9872560732776,12.90322580645161,0.740338,0.915586,51.617008209228516,高,B,0.087599,中,中,高,中,,,正常,4,369.0,8394,101,B3,稳定期,http://sns-img-qn.xhscdn.com/spectrum/1040g0k031tb3pinpme005o2upg3g8navbnic4f8?imageView2/2/w/540/format/jpg/q/75,2,0.9580078125,0.8211077068809851,0.18385062830247326,0.11601024229237897,0.37365619249194576,黑马,921
69cf561b000000002200ceb4,64c61bbde21b7a00014a64a8,静姐养发记的店,690c5ffb84cf4200019b13f6,goods_seller,782,34,38,5,321.86,411.5856777493606,4.34782608695652,0.676802,0.856644,15.338288307189941,中,B,0.248498,中,中,高,中,,,正常,4,36.0,18506,72,B3,稳定期,http://sns-img-qn.xhscdn.com/1040g00831ug5bret2s005oqblmb6bv0jv2dht9g?imageView2/2/w/540/format/jpg/q/75,2,0.947265625,0.20506786258751092,0.5149416100528396,0.5402587214895727,0.42008939804330775,黑马,922
69b399bc000000002200f34d,620e11934a9f4d000123b28f,HolidayWine假日酒馆的店,686a387cc27dbc0001aea5f2,goods_seller,605,46,11,1,249.0,411.5702479338843,7.60330578512397,0.71499,0.804954,18.6536922454834,中,B,0.0651,中,中,中,中,,,正常,4,54.0,20400,93,B6,稳定期,http://sns-img-qn.xhscdn.com/spectrum/1040g34o31tl2jhrens0g40l3lhehtd14tmhrmv8?imageView2/2/w/540/format/jpg/q/75,2,0.94970703125,0.059921850717108475,0.2961236179565739,0.49135621568017995,0.2824672281179541,黑马,923
6a05a6c1000000003803744d,65d5da675fd0a0000107821a,NATURECARE.LIFE海外旗舰店,69159d4d1b7879000152c1ae,goods_seller,5232,248,87,4,2152.2,411.3532110091743,4.74006116207951,0.77752,0.810677,-15.690291404724121,中,B,0.180244,中,中,高,中,,,正常,4,64.0,11788,31,B4,稳定期,http://sns-img-qn.xhscdn.com/notes_pre_post/1040g3k032056odmk2a005o0c0m8g94hil7l1i4o?imageView2/2/w/540/format/jpg/q/75,2,0.958984375,0.0686470405399405,0.07083018812071697,0.873717863327561,0.33773169732940617,黑马,924
69d214e5000000002102eaeb,654a0c1998ed2d000179d7ad,野春食记·马卡龙的店,654a5be68c0244000193a010,goods_seller,2547,194,48,6,1046.93,411.04436592069106,7.61680408323518,0.66603,0.910668,66.54578399658203,高,B,0.121844,低,低,中,中,,,正常,4,173.0,11104,70,B3,稳定期,http://sns-img-qn.xhscdn.com/1040g00831uir6vcj2o605ogjnqc8cqorcvdcn70?imageView2/2/w/540/format/jpg/q/75,1,0.05792236328125,0.7429880259905569,0.5891168242973225,0.03873421843316608,0.45694635624034846,黑马,925
675d03d6000000000603e89e,6350c072814e2d00019e44f0,侍酒猫SommCat的店,669a2da60916240001f602e0,goods_seller,862,61,31,1,354.26,410.97447795823666,7.07656612529002,0.680438,0.745935,36.92054748535156,中,B,0.112897,中,中,高,中,,,正常,2,91.0,30282,547,B6,稳定期,http://sns-img-qn.xhscdn.com/spectrum/1040g34o31bcg3om66o0g5o9s23pgk9ekhk2o0rg?imageView2/2/w/540/format/jpg/q/75,2,0.95947265625,0.016133090596924353,0.4907567751580007,0.2643014667791543,0.2570637775113598,黑马,926
6a09b1be0000000007012883,6576c4905730cc000137005c,麦小年旗舰店,66a9de5c60a9dc0001dbcf95,goods_seller,827,48,29,2,339.70000000000005,410.7617896009674,5.80411124546554,0.610349,0.780549,20.6841983795166,中,B,0.072195,中,低,高,中,,,正常,2,88.0,5845,28,B3,稳定期,http://sns-img-qn.xhscdn.com/1040g00832094rptome005p8ukksp2o67j7mat7g?imageView2/2/w/540/format/jpg/q/75,1,0.2127685546875,0.03440492577298225,0.9075825525805544,0.46371534715746787,0.46856760850366824,黑马,927
69514783000000001e02f05f,5fe48f2a8b8c750001fd2f88,So Acai旗舰店,694bc1986109ef000106b23c,goods_seller,1141,60,16,3,468.49999999999994,410.6047326906222,5.25854513584575,0.756131,0.731603,-13.745989799499512,中,B,0.048139,中,中,中,中,,,正常,2,432.0,182253,168,B6,稳定期,http://sns-img-qn.xhscdn.com/notes_pre_post/1040g3k031ql1kfid7u504a5bdakm0ouvnlqc82o?imageView2/2/w/540/format/jpg/q/75,1,0.849609375,0.011929606441395438,0.12817666474253658,0.8575551707295413,0.3325538139711578,黑马,928
69e0d24b000000001b0238a3,62735ef35d85020001e885dd,凡间草木的店,67e69621ba5741000167334a,goods_seller,1706,155,57,4,700.1999999999999,410.43376318874556,9.08558030480657,0.702043,0.898861,45.25238037109375,中,B,0.074792,中,低,中,中,,,正常,4,47.0,17707,59,B3,稳定期,http://sns-img-qn.xhscdn.com/1040g2sg31v17t78iigl048qttf12q9sfhvo6aag?imageView2/2/w/540/format/jpg/q/75,1,0.95703125,0.5771798173556533,0.36412681497269217,0.16500895460533133,0.36877186231122555,黑马,929
6a0c1d5e0000000035032876,620e11934a9f4d000123b28f,HolidayWine假日酒馆的店,68172af19d91940001f2f1ca,goods_seller,8693,388,103,7,3564.0,409.98504543885883,4.46336132520419,0.664167,0.838959,18.6536922454834,中,B,0.084234,中,中,中,中,,,正常,4,25.0,20400,26,B6,稳定期,http://sns-img-qn.xhscdn.com/spectrum/1040g0k0320bev088mi0g40l3lhehtd14no263tg?imageView2/2/w/540/format/jpg/q/75,2,0.9375,0.13330521143229282,0.6022157097819812,0.49135621568017995,0.40895904563148466,黑马,930
68ac207e000000001c037685,659bbef7d5a11d0001eca248,公路咖啡HIGHWAYWANG的店,682fff58fde0e20001ea30c1,goods_seller,878,65,49,6,359.22,409.1343963553531,7.40318906605923,0.705624,0.908578,47.335147857666016,中,B,0.133354,低,低,中,中,,,正常,2,157.0,26307,293,B4,稳定期,http://sns-img-qn.xhscdn.com/notes_pre_post/1040g3k831ljp4kdgkubg5o6ep3d84k9tmbjfjl8?imageView2/2/w/540/format/jpg/q/75,1,0.955078125,0.710773648298625,0.3445080887467993,0.14522741737341444,0.4001697181396129,黑马,931
6a0ab6560000000008030fc1,625e9451220cd40001b64921,茶子在丽江（自然食养）的店,649182374ad2ba00017633cc,goods_seller,1061,100,25,3,434.0,409.048067860509,9.42507068803016,0.712657,0.870766,57.76413345336914,高,B,0.095707,中,低,中,中,,,正常,4,9.0,7461,27,B3,稳定期,http://sns-img-qn.xhscdn.com/1040g2sg320bbb1qime7g5nkotd608m67afo0cvo?imageView2/2/w/540/format/jpg/q/75,2,0.8125,0.2938516643725116,0.3079718188949573,0.07722422035729615,0.22634923454158837,黑马,932
69a40031000000001d011ca4,65d5da675fd0a0000107821a,NATURECARE.LIFE海外旗舰店,68eccdb1c753610001e1e7a7,goods_seller,2294,68,38,4,937.97,408.87968613775064,2.96425457715780,0.72287,0.808629,-15.690291404724121,中,B,0.103456,中,中,中,中,,,正常,2,27.0,11788,105,B4,稳定期,http://sns-img-qn.xhscdn.com/notes_pre_post/1040g3k03202gldrl2i105o0c0m8g94hiiik848g?imageView2/2/w/540/format/jpg/q/75,2,0.9560546875,0.06535381791809126,0.2580850465491467,0.873717863327561,0.3990522425982663,黑马,933
69c5cf400000000023007dd1,6763b5706190b600159cb67c,失重森林旗舰店,681c54fa3a53940001aaa501,goods_seller,9686,194,79,23,3959.54,408.79000619450755,2.00289077018377,0.715952,0.807254,25.403745651245117,中,B,0.10689,中,低,中,低,,,正常,2,298.0,2166,79,B4,稳定期,http://sns-img-qn.xhscdn.com/1040g00831u6rm9bh2q005n5gi8vkdtpng4h94ho?imageView2/2/w/540/format/jpg/q/75,1,0.57568359375,0.06314106833621953,0.29172772079392567,0.40037446531385523,0.2517477514813335,黑马,934
69e0a556000000002100656a,64d4c2f86b0df000010fc7cb,单向树旗舰店,652f9387e7ebf700019bbb74,goods_seller,604,23,6,2,246.56,408.2119205298013,3.80794701986755,0.731256,0.794881,-7.044966697692871,中,B,0.055548,中,低,中,中,,,正常,2,4.0,53933,58,B6,稳定期,http://sns-img-qn.xhscdn.com/spectrum/1040g0k031v60sbnh1ml04a58mh201t9dcluptno?imageView2/2/w/540/format/jpg/q/75,1,0.8857421875,0.04760001776120066,0.22060151266225597,0.8040939567514764,0.357431829058311,黑马,935
69edcd0a0000000035029085,6642109c51bdb10001627b92,拉姆大姐红原牦牛奶的店,67138571758fa40001b20930,goods_seller,517,31,8,1,211.0,408.12379110251453,5.99613152804642,0.712833,0.908552,57.77169418334961,高,B,0.064148,中,低,高,中,,,正常,4,44.0,6107,48,B3,稳定期,http://sns-img-qn.xhscdn.com/1040g00831vdtab7iis105nue4qf088rakcio3u8?imageView2/2/w/540/format/jpg/q/75,1,0.93701171875,0.7103962227846602,0.30702455485990854,0.07700960584935541,0.36481012783130806,黑马,936
69f086d6000000001b022730,67d38eb29f157e00150e8a3c,Cheese More的店,69ed75f9294caa0001039ce5,goods_seller,6973,445,377,23,2845.1400000000003,408.0223720063101,6.38175821023950,0.741067,0.890739,68.11554718017578,高,B,0.091557,中,中,高,中,,,正常,4,95.0,7626,47,B4,稳定期,http://sns-img-qn.xhscdn.com/notes_pre_post/1040g3k031vgifljbiq4g4btk3raq6jpjo9dr3qg?imageView2/2/w/540/format/jpg/q/75,2,0.95947265625,0.47958942024480855,0.18081642319020766,0.03469354528366118,0.23169979623955914,黑马,937
68380d2c000000000303e8b9,6474beec80cd8800015218c6,广西农家蜂蜜的店,647ad81803196f0001412fe1,goods_seller,549,54,18,2,224.0,408.0145719489982,9.83606557377049,0.695667,0.895344,28.775705337524414,中,B,0.158402,中,中,高,中,,,正常,2,123.0,6371,381,B3,稳定期,http://sns-img-qn.xhscdn.com/notes_pre_post/1040g3k031i2dpbasna0g5p0hi8k4i183ga8qnp8?imageView2/2/w/540/format/jpg/q/75,1,0.95947265625,0.5344123262732561,0.3994938057812708,0.35956810680401996,0.43115807961951563,黑马,938
6a08247400000000380366e9,620e11934a9f4d000123b28f,HolidayWine假日酒馆的店,68aae7e8a50cd90001ccf9ce,goods_seller,2711,133,48,2,1106.0,407.96753965326445,4.90593876798229,0.710475,0.807653,18.6536922454834,中,B,0.102875,中,中,高,中,,,正常,4,4.0,20400,29,B6,稳定期,http://sns-img-qn.xhscdn.com/spectrum/1040g0k03207j42qc5g1040l3lhehtd14pi2nkg0?imageView2/2/w/540/format/jpg/q/75,2,0.93115234375,0.0638071133608632,0.319035566804316,0.49135621568017995,0.29139963194845303,黑马,939
6884b41e0000000012030a1e,6278fb55b1999c0001ecbf50,Patchi旗舰店,628b4f0084a21f00011cc167,goods_seller,1219,82,11,2,497.25,407.9163248564397,6.72682526661198,0.637394,0.746538,7.594381332397461,中,B,0.046612,中,低,高,中,,,正常,2,1818.0,96008,323,B5,稳定期,http://sns-img-qn.xhscdn.com/1040g00831kd6thdtj0405ohgcb6od0u69tguvo0?imageView2/2/w/540/format/jpg/q/75,2,0.95947265625,0.016355105605138906,0.7871320101238843,0.6450054023651999,0.48283083936474097,黑马,940
69c50555000000002003b39c,63930f34d6c9400001b3f02b,每日乔安旗舰店,69b3781e05ddcd0001df0187,goods_seller,510,37,6,2,208.0,407.84313725490193,7.25490196078431,0.682995,0.790828,-23.810924530029297,中,B,0.077227,中,中,中,中,,,正常,2,44.0,84496,77,B6,稳定期,http://sns-img-qn.xhscdn.com/1040g00831u632h6oig005om54rr0vth37b1gtuo?imageView2/2/w/540/format/jpg/q/75,0,0.86767578125,0.04336693160457647,0.47453487855779053,0.9211624705830114,0.4796880935817928,黑马,941
69bac8fb000000001a02b27f,64b3780c4177e5000111ae34,奶酪猴子Cheese Monkey的店,69d77d6dc4ccd900016638eb,goods_seller,2862,127,182,13,1166.81,407.69042627533196,4.43745632424878,0.648961,0.887427,68.18297576904297,高,B,0.112543,中,中,高,中,0.0510634897010667,0.09523809523809523,正常,4,535.0,86977,87,B5,稳定期,http://sns-img-qn.xhscdn.com/1040g00831ts0r0bs6q0g5n43ee24i2kqev02cfg?imageView2/2/w/540/format/jpg/q/75,1,0.861328125,0.44308275239406186,0.7108476533013631,0.03387208975326732,0.3959341651495641,黑马,942
694d3bd3000000002200bd9a,689c49642f2d8200152961f3,归朴媛的店,68c0393c8c33170001cecb96,goods_seller,677,55,36,2,276.0,407.68094534711963,8.12407680945347,0.717539,0.870081,-9.477993965148926,中,B,0.096249,中,中,高,中,,,正常,4,248.0,22186,171,B5,稳定期,http://sns-img-qn.xhscdn.com/notes_pre_post/1040g3k031qh2man5nu405q0m7gjj92mnbu7de80?imageView2/2/w/540/format/jpg/q/75,1,0.6767578125,0.288900729689327,0.2841940115151784,0.8275461421192073,0.4668802944412376,黑马,943
6a205eb8000000002100a54a,64c36188421de400011267c0,老表新会陈皮的店,64cde1df8d013b0001b75b05,goods_seller,2554,129,68,5,1041.0,407.5959279561472,5.05090054815975,0.693586,0.844498,42.70601272583008,中,B,0.136125,低,低,中,中,,,正常,4,126.0,5921,10,B3,稳定期,http://sns-img-qn.xhscdn.com/1040g008320v9o1n47a60499nc9oc99q88tceup0?imageView2/2/w/540/format/jpg/q/75,2,0.194091796875,0.1525687136450424,0.4109645812056895,0.186226188890369,0.2499198279137003,黑马,944
6894d5620000000004007026,6359438dde29ee0001b33d5a,闪光少女的店,66f50d13674dfd0001f51d92,goods_seller,1177,165,73,3,479.70000000000005,407.5615972812235,14.01869158878505,0.670331,0.88798,35.54449462890625,中,B,0.056155,中,低,中,中,,,正常,2,383.0,9824,310,B4,稳定期,http://sns-img-qn.xhscdn.com/1040g00831kt19bijj0005nr6pkm088j7clqg010?imageView2/2/w/540/format/jpg/q/75,1,0.958984375,0.44943978212927194,0.5591373976880837,0.27800719328626616,0.42886145770120726,黑马,945
693a692c000000001e00507b,674d8ff05c240b0015350c76,企鹅吃喝酒馆的店,693a64d6d1d80b0001413101,goods_seller,675,29,9,2,275.0,407.4074074074074,4.29629629629630,0.701848,0.889105,21.712865829467773,中,B,0.911239,中,中,高,中,,,正常,4,306.0,17546,185,B4,稳定期,http://sns-img-qn.xhscdn.com/notes_pre_post/1040g3k031puj2g2pls6g5n9vmftk5g8djmtaemo?imageView2/2/w/540/format/jpg/q/75,2,0.2291259765625,0.46174681408463214,0.36520728801266966,0.44659799002412565,0.4245173640404758,黑马,946
6878735d000000000b01c8ec,6304ac4add5384000178a058,小师姐评茶的店,687a17426d6054000194e13b,goods_seller,1786,145,21,2,726.88,406.98768197088464,8.11870100783875,0.758079,0.860559,50.74624252319336,高,B,0.089688,中,中,中,中,,,正常,2,520.0,115361,332,B6,稳定期,http://sns-img-qn.xhscdn.com/spectrum/1040g34o31k19d1r6ig1045pvh6922qvb9oed7cg?imageView2/2/w/540/format/jpg/q/75,2,0.71923828125,0.22627769637227477,0.12233767002649379,0.12094637597501591,0.1565205807912615,黑马,947
6a2924d6000000001c0277e8,620e11934a9f4d000123b28f,HolidayWine假日酒馆的店,68ceeec3287c750001db15fe,goods_seller,1279,68,23,2,520.46,406.9272869429242,5.31665363565285,0.685621,0.87176,18.6536922454834,中,B,0.069318,中,中,中,中,,,正常,4,10.0,20400,4,B6,稳定期,http://sns-img-qn.xhscdn.com/1040g0083217ro2q8nu0040l3lhehtd14kmttaeg?imageView2/2/w/540/format/jpg/q/75,2,0.93603515625,0.30122256264523484,0.45792075544306793,0.49135621568017995,0.4168331779228276,黑马,948
68d270190000000013012675,66dfe52e1908ad0016f284d0,爱吃牛胸口的小当家的店,68541d416256090001d0632a,goods_seller,2545,320,340,14,1035.4099999999999,406.8408644400785,12.57367387033399,0.618349,0.88255,44.05628204345703,中,B,0.05924,中,低,中,中,,,正常,4,364.0,12824,264,B5,稳定期,http://sns-img-qn.xhscdn.com/1040g2sg31mp6d997mme05pmr1v27cfg50mrpvn0?imageView2/2/w/540/format/jpg/q/75,1,0.9580078125,0.39415064458357385,0.881303376108225,0.17408936844130662,0.48318112971103516,黑马,949
69b0da6a000000000600c5a2,67d38eb29f157e00150e8a3c,Cheese More的店,68652c630f178b0001ce6cbc,goods_seller,1537,67,23,5,624.8399999999999,406.5322055953155,4.35914118412492,0.781403,0.91271,68.11554718017578,高,B,0.05715,中,中,高,中,,,正常,2,1668.0,7626,95,B4,稳定期,http://sns-img-qn.xhscdn.com/notes_pre_post/1040g3k031ticngknm84g4btk3raq6jpjgqv2ie8?imageView2/2/w/540/format/jpg/q/75,2,0.32958984375,0.7756020306972752,0.0627340408211595,0.03469354528366118,0.2910098722673653,黑马,950
6a070f4f000000003700fb13,65d5da675fd0a0000107821a,NATURECARE.LIFE海外旗舰店,691406cbf168b90001b20435,goods_seller,4141,259,37,3,1683.0500000000002,406.4356435643565,6.25452789181357,0.793483,0.813396,-15.690291404724121,中,B,0.18025,中,中,中,中,,,正常,2,35.0,11788,29,B4,稳定期,http://sns-img-qn.xhscdn.com/1040g2sg3206i4l6lme0g5o0c0m8g94hi0p3gpcg?imageView2/2/w/540/format/jpg/q/75,2,0.95947265625,0.07322054970916034,0.041805426046800764,0.873717863327561,0.32958127969450735,黑马,951
696f5e9a0000000022033361,66de9b426283a200162e969d,韩要强现烤坚果的店,675cfb14b9eb7500010b2ab9,goods_seller,506,6,7,3,205.5,406.12648221343875,1.18577075098814,0.752393,0.846719,45.658180236816406,中,B,0.081265,中,中,中,低,,,正常,4,274.0,56069,145,B6,稳定期,http://sns-img-qn.xhscdn.com/1040g2sg31ribgnejimeg5nfo2etg82c7fjtd2v0?imageView2/2/w/540/format/jpg/q/75,2,0.95263671875,0.16093127895445733,0.1408093187099448,0.16204875449580391,0.15459645072006867,黑马,952
6a214dca0000000038021f03,64b37e57fdff9300018ec74d,酒类手账的店,66d811cabe444a0001bbcc88,goods_seller,1759,67,17,2,714.0,405.9124502558272,3.80898237635020,0.67447,0.852261,33.075286865234375,中,B,0.091762,中,中,高,中,,,正常,4,12.0,7854,10,B4,稳定期,http://sns-img-qn.xhscdn.com/spectrum/1040g0k032106u0jg6u005oe5oj6ocpggrkfj9o0?imageView2/2/w/540/format/jpg/q/75,1,0.95947265625,0.18408744431123544,0.5308304841407279,0.3042937702588695,0.33973723290361096,黑马,953
69833c8f000000001a02cd10,620e11934a9f4d000123b28f,HolidayWine假日酒馆的店,6829a94c47f0f1000161264d,goods_seller,812,47,22,1,329.46,405.7389162561576,5.78817733990148,0.717996,0.731771,91.15003204345703,高,B,0.108869,中,中,高,中,,,正常,2,309.0,65427,130,B6,稳定期,http://sns-img-qn.xhscdn.com/1040g00831s5r5269lk00400sfed3355c32c1ggg?imageView2/2/w/540/format/jpg/q/75,2,0.87744140625,0.011981409943312168,0.28179624942646125,0.0024865680920030196,0.09875474248725881,黑马,954
6967186200000000220335ac,63bd1c7e44351a000144a3eb,羊肚菌小菇娘的店,643e9c11bb3dc2000105d3dc,goods_seller,2743,254,164,10,1112.9,405.7236602260299,9.25993437841779,0.729568,0.915569,38.46444320678711,中,B,0.461935,低,低,中,低,,,正常,4,126.0,32303,151,B4,稳定期,http://sns-img-qn.xhscdn.com/notes_pre_post/1040g3k831rabmf91ga2g40tmbbboeef359j5hdg?imageView2/2/w/540/format/jpg/q/75,1,0.947265625,0.8209152938738659,0.22786140343087194,0.24413510353299883,0.43097060027924555,黑马,955
68a59d26000000001d037c5f,65d5da675fd0a0000107821a,NATURECARE.LIFE海外旗舰店,691400c343699b00019c1e2e,goods_seller,1253,165,43,1,508.3,405.6664006384677,13.16839584996010,0.793137,0.827962,-15.690291404724121,中,B,0.082016,低,低,中,中,,,正常,2,113.0,11788,298,B4,稳定期,http://sns-img-qn.xhscdn.com/notes_pre_post/1040g3k831lddh5405id05o0c0m8g94his15eq00?imageView2/2/w/540/format/jpg/q/75,2,0.958984375,0.1027115433003271,0.0423382620665157,0.873717863327561,0.3395892228981346,黑马,956
67fe2196000000000f03224d,637df39580e3750001657093,胡子叔的餐盘的店,665e802fc417b30001b9ce01,goods_seller,4504,61,133,16,1826.9399999999998,405.6261101243339,1.35435168738899,0.707251,0.90154,16.59491729736328,中,B,0.71383,中,低,中,中,,,正常,2,174.0,105995,425,B5,稳定期,http://sns-img-qn.xhscdn.com/spectrum/1040g34o31g9rm41oie005n7ieo2lnifgaapmu70?imageView2/2/w/540/format/jpg/q/75,1,0.45263671875,0.6116365466305522,0.3356866924204076,0.5215206547962642,0.48961463128240795,黑马,957
6a059e9a0000000008030381,620e11934a9f4d000123b28f,HolidayWine假日酒馆的店,67399d0c5ce03300018c2f28,goods_seller,1690,78,30,3,685.44,405.58579881656806,4.61538461538462,0.670873,0.852238,18.6536922454834,中,B,0.076735,中,中,高,中,,,正常,4,6.0,20400,31,B6,稳定期,http://sns-img-qn.xhscdn.com/spectrum/1040g0k032055gqafk80040l3lhehtd14uggqh2g?imageView2/2/w/540/format/jpg/q/75,2,0.8818359375,0.18396163580658054,0.5554445480514483,0.49135621568017995,0.4102541331794029,黑马,958
689dcaf2000000001d0360d7,651265ad7fa15200013b06ed,AllYouWant咖啡与巧克力的店,65f255cf49c39e0001d24534,goods_seller,910,137,109,4,369.0,405.4945054945055,15.05494505494505,0.668615,0.90003,52.7294921875,高,B,0.082304,中,中,中,中,,,正常,4,325.0,6693,304,B3,成长期,http://sns-img-qn.xhscdn.com/1040g2sg31l5otng7j0g05oifusak0v1md8pvlmg?imageView2/2/w/540/format/jpg/q/75,2,0.96044921875,0.5921510294095881,0.5711484096324911,0.11153293962671877,0.4249441262229327,黑马,959
69d3a229000000001b002b64,674d8ff05c240b0015350c76,企鹅吃喝酒馆的店,68947b458fe347000143426d,goods_seller,1776,45,10,2,720.0,405.4054054054054,2.53378378378378,0.70887,0.88732,21.712865829467773,中,B,0.079894,中,中,高,中,,,正常,4,122.0,17546,69,B4,稳定期,http://sns-img-qn.xhscdn.com/notes_pre_post/1040g3k831ukbo9geis705n9vmftk5g8dsa9n818?imageView2/2/w/540/format/jpg/q/75,2,0.958984375,0.4418320678477865,0.32707251010168287,0.44659799002412565,0.40516752265786504,黑马,960
69dca25200000000230255e7,64814828ebbcb2000160c841,大师的菜的店,69b3b8f63eb24800018ba428,goods_seller,787,18,4,2,319.0,405.33672172808133,2.28716645489199,0.6909,0.920159,43.53398513793945,中,B,0.053766,中,低,中,中,,,正常,2,18.0,180589,62,B3,稳定期,http://sns-img-qn.xhscdn.com/spectrum/1040g0k031ut45ookhu005nl7r8og9ds3cgn1cl0?imageView2/2/w/540/format/jpg/q/75,1,0.056243896484375,0.8902579814395453,0.42605420126400545,0.17864807660997883,0.4983200864378432,黑马,961
69e604290000000022001283,656dbc4fdbc3590001e46ae8,真方心丨方心生活的店,692685759562430001421b70,goods_seller,1813,155,69,3,734.0,404.853833425262,8.54936569222284,0.724413,0.865503,6.1104278564453125,中,B,0.071628,中,低,中,中,,,正常,2,125.0,26154,55,B5,稳定期,http://sns-img-qn.xhscdn.com/spectrum/1040g34o31v6a6on22s105o9porcgk37msqu22c8?imageView2/2/w/540/format/jpg/q/75,2,0.1309814453125,0.2567159539984903,0.25101756878765,0.6649571511034146,0.39089689129651833,黑马,962
6878c519000000000b02ddc0,6230023896e3340001ac76ab,平阴玫瑰的店,655d7f5344a0ce00013c0f89,goods_seller,1307,119,86,5,528.73,404.5371078806427,9.10482019892884,0.696723,0.851074,7.163928508758545,中,B,0.048425,中,中,高,中,,,正常,2,562.0,62676,332,B4,稳定期,http://sns-img-qn.xhscdn.com/1040g00831k1k451oia005ogq865oc9lsj6asug8?imageView2/2/w/540/format/jpg/q/75,2,0.93701171875,0.1789588976214792,0.393573405562216,0.6509850065864452,0.40783910325671346,黑马,963
689abb300000000004005c7f,6825da050ea9880015bb2271,上海国际饭店蝴蝶酥专购店的店,68286b9647f0f100015a1def,goods_seller,2674,251,73,6,1081.7,404.5250560957367,9.38668661181750,0.720132,0.926117,39.57172775268555,中,B,0.057504,中,中,高,中,,,正常,2,2672.0,9714,306,B4,稳定期,http://sns-img-qn.xhscdn.com/notes_pre_post/1040g3k031l2pi20o2u605q15r7njjh5ak0g9k08?imageView2/2/w/540/format/jpg/q/75,1,0.0809326171875,0.957225108417329,0.27128753903763897,0.2292156949809807,0.48590944747864956,黑马,964
686a0252000000001c033a95,6819bfede8bbe300157ad48a,澜生记悠悠的店,681c697f799233000166c3bf,goods_seller,1446,128,71,4,584.9,404.4951590594744,8.85200553250346,0.683852,0.898595,47.333160400390625,中,B,0.057204,中,低,中,中,,,正常,4,214.0,7817,343,B4,稳定期,http://sns-img-qn.xhscdn.com/1040g2sg31jj6pmvm34s05pqabvu7dopokm1mi38?imageView2/2/w/540/format/jpg/q/75,1,0.9453125,0.573886594733804,0.4690215058537957,0.14701833843967851,0.3966421463424261,黑马,965
6a0c4f0d000000003601f7ae,640da89e9cd18100012e5a52,六月的山货店的店,69ef6e7f7b1f380001a1a59b,goods_seller,718,30,19,2,290.4,404.4568245125348,4.17827298050139,0.6901,0.894566,43.896209716796875,中,B,0.046641,中,中,高,中,,,正常,4,0.0,13341,26,B3,稳定期,http://sns-img-qn.xhscdn.com/notes_uhdr/1040g3qo320bmh11slmig5p03bbmaaq098f2i74g?imageView2/2/w/540/format/jpg/q/75,1,0.958984375,0.524747272915649,0.4310643399493806,0.1755990704971656,0.377136894454065,黑马,966
69ddffd2000000001a036edf,64fc06cc5b50f70001d93a83,内蒙老赵的店,6735a5c67beba10001eedd87,goods_seller,896,29,15,3,362.0,404.01785714285717,3.23660714285714,0.654542,0.868287,34.60084915161133,中,B,0.284407,中,低,中,中,,,正常,4,134.0,123078,61,B6,稳定期,http://sns-img-qn.xhscdn.com/1040g2sg31uuflac6iie05p7pa89gibr9h73q200?imageView2/2/w/540/format/jpg/q/75,1,0.80126953125,0.27555022719535843,0.6707147403164454,0.287146811124432,0.4111372595454119,黑马,967
67790783000000001300d0e5,643eb29aa3c2d90001dcbbf2,小行家经源本草的店,66b9b2866bf36b0001896b63,goods_seller,614,27,11,2,248.0,403.9087947882736,4.39739413680782,0.733531,0.891497,38.81421661376953,中,B,0.053692,中,中,中,中,,,正常,2,651.0,9682,526,B3,稳定期,http://sns-img-qn.xhscdn.com/1040g00831c7sd5d2ge005p187fcki4hue5vjr88?imageView2/2/w/540/format/jpg/q/75,1,0.95947265625,0.48798898805559254,0.21112887231176827,0.23954679336323134,0.3128882179101974,黑马,968
69b8b23a000000002800b75e,6503ca6100efc800012aed9e,茶理十八的店,65ec6d92e29bfe000185e135,goods_seller,701,50,40,1,283.1,403.85164051355207,7.13266761768902,0.687759,0.847836,37.594783782958984,中,B,0.093189,中,中,中,中,,,正常,2,40.0,38623,89,B4,稳定期,http://sns-img-qn.xhscdn.com/1040g00831tq1tbf17e005oru2q67rkntl09klj8?imageView2/2/w/540/format/jpg/q/75,1,0.94482421875,0.1653197756168317,0.4452214969731954,0.2563163269837041,0.28895253319124375,黑马,969
69f050cf0000000036003e48,674d8ff05c240b0015350c76,企鹅吃喝酒馆的店,694a3346e935e90001afcbcf,goods_seller,1090,130,12,2,440.0,403.6697247706422,11.92660550458716,0.674695,0.839943,21.712865829467773,中,B,0.252815,中,中,高,中,,,正常,2,23.0,17546,47,B4,稳定期,http://sns-img-qn.xhscdn.com/notes_pre_post/1040g3k031vgc1snn1m005n9vmftk5g8dqrub4io?imageView2/2/w/540/format/jpg/q/75,2,0.457275390625,0.13663543655551116,0.5291875730799402,0.44659799002412565,0.3708069998865257,黑马,970
697f8b14000000001a0344da,628b5d55d6b4360001958de1,富临行鱼胶滋补的店,64551d8943a36c0001dac4b5,goods_seller,627,50,24,1,253.0,403.50877192982455,7.97448165869219,0.698476,0.832262,48.04304504394531,中,B,0.097312,中,低,高,中,,,正常,4,161.0,19965,132,B4,稳定期,http://sns-img-qn.xhscdn.com/notes_pre_post/1040g3k031s27g1jpku1g49tm9gag8p8h4prmn00?imageView2/2/w/540/format/jpg/q/75,1,0.958984375,0.11399730621790033,0.383664135695573,0.13898879564258543,0.21221674585201958,黑马,971
6a05cd04000000003502b41e,64d21070884d8e0001428e24,九窝颜食社旗舰店,69f87d9064eb410001bb9404,goods_seller,7728,429,161,12,3115.54,403.14958592132507,5.55124223602484,0.760058,0.84949,8.307894706726074,中,B,0.067977,中,低,中,中,,,正常,2,42.0,17348,31,B4,稳定期,http://sns-img-qn.xhscdn.com/spectrum/1040g34o3205bge75is104bj365t3inr6jfnjqo0?imageView2/2/w/540/format/jpg/q/75,1,0.34326171875,0.17202462886491127,0.11595843879046223,0.6346669034826754,0.30754999037934966,黑马,972
6a2d1625000000002103e552,64f70dc8dace090001ca4a7f,福喜山茶事的店,66278a3e35d58c0001eb7ac2,goods_seller,3879,535,199,13,1562.49,402.80742459396754,13.79221448827017,0.684442,0.847717,30.15957260131836,中,B,0.093691,低,低,中,中,0.054022896031920724,0.0,正常,4,148.0,15756,1,B4,稳定期,http://sns-img-qn.xhscdn.com/1040g2sg321aosh2qnalg5nemcr7g855kumv2hkg?imageView2/2/w/540/format/jpg/q/75,1,0.9580078125,0.16480914109793823,0.46539526071962467,0.34111865962139043,0.3237743538129844,黑马,973
6a168650000000003601dabf,64d21070884d8e0001428e24,九窝颜食社旗舰店,69b3cc421b6b3f0001d33d07,goods_seller,3287,188,49,5,1323.3700000000001,402.6072406449651,5.71950106480073,0.765414,0.886373,47.43517303466797,中,B,0.825943,中,低,中,低,,,正常,4,88.0,37029,18,B4,稳定期,http://sns-img-qn.xhscdn.com/1040g2sg320llsv1nm2e05nglrri08igqeuful30?imageView2/2/w/540/format/jpg/q/75,2,0.46728515625,0.4317599869751195,0.10059500022201501,0.14470938235424716,0.22568812318379386,黑马,974
6a251aef000000002202ee1a,620e11934a9f4d000123b28f,HolidayWine假日酒馆的店,66d4066a45cb94000126788d,goods_seller,1441,67,23,1,580.0,402.49826509368495,4.64954892435808,0.709226,0.838153,18.6536922454834,中,B,0.099116,中,中,中,中,,,正常,4,12.0,20400,7,B6,稳定期,http://sns-img-qn.xhscdn.com/spectrum/1040g34o3213rq203ms0040l3lhehtd14vs7la3g?imageView2/2/w/540/format/jpg/q/75,2,0.92919921875,0.13095925284549237,0.32546660154226426,0.49135621568017995,0.3159273566893122,黑马,975
6900d3cd000000000301c887,654a0c1998ed2d000179d7ad,野春食记·马卡龙的店,654a5be68c0244000193a010,goods_seller,921,95,32,2,370.6,402.3887079261672,10.31487513572204,0.679167,0.914603,66.54578399658203,高,B,0.117942,中,低,中,中,,,正常,4,1844.0,11104,229,B3,稳定期,http://sns-img-qn.xhscdn.com/notes_pre_post/1040g3k031o6fpockmm605ogjnqc8cqordg1c5o0?imageView2/2/w/540/format/jpg/q/75,1,0.1943359375,0.8056480618089783,0.49926735047289195,0.03873421843316608,0.44788321023834543,黑马,976
6941023b000000000d03a953,65798517e8c3210001a4e77b,合为养旗舰店,68c53911c33f610001456eac,goods_seller,1385,92,50,2,557.0,402.16606498194943,6.64259927797834,0.732825,0.900475,43.24510192871094,中,B,0.141841,中,中,中,中,,,正常,2,428.0,22175,180,B6,稳定期,http://sns-img-qn.xhscdn.com/1040g00831q556sq7nu005pkoj6p3un0njr16dbo?imageView2/2/w/540/format/jpg/q/75,1,0.93408203125,0.5975015911075588,0.21374864940870003,0.18268134925920992,0.33131052992515625,黑马,977
693e97e1000000001e0144da,67ee36f24c9b210015ebd032,饮真堂茶生活的店,69c28f48ca64b30001edb5ad,goods_seller,567,74,60,1,228.0,402.1164021164021,13.05114638447972,0.753116,0.925895,83.97535705566406,高,B,0.063219,中,低,中,低,,,正常,2,65.0,15832,182,B3,稳定期,http://sns-img-qn.xhscdn.com/spectrum/1040g0k031q2q41ho6u005nh70h4085rlo88j2bg?imageView2/2/w/540/format/jpg/q/75,1,0.324462890625,0.9553009783461363,0.1383301511182156,0.0076817192842236134,0.36710428291619185,黑马,978
686f220f000000001301091f,66ed43d7ec565d001647e7ab,宫之下的店,6818b25708e3700001c2b70e,goods_seller,636,4,16,2,255.7,402.0440251572327,0.62893081761006,0.672384,0.871859,20.675107955932617,中,B,0.152414,低,低,中,中,,,正常,2,222.0,12549,339,B4,稳定期,http://sns-img-qn.xhscdn.com/1040g2sg31jo738h630l05osje7rpt28jol836eo?imageView2/2/w/540/format/jpg/q/75,2,0.2254638671875,0.3021328241789145,0.545424270680698,0.4639003596643133,0.43715248484130864,黑马,979
68a88d22000000001d0235fe,65080d8f3a3ec4000156ae0b,宁夏无熏硫巧巧枸杞的店,651ebd27182a6f0001327b14,goods_seller,1538,105,86,15,618.0,401.82054616384914,6.82704811443433,0.733086,0.89088,71.51946258544922,高,B,0.333848,中,低,中,中,,,正常,2,1968.0,15487,296,B3,稳定期,http://sns-img-qn.xhscdn.com/1040g00831lg983a7l8005oitvn041bh1eu2peq0?imageView2/2/w/540/format/jpg/q/75,1,0.8251953125,0.48098811479656023,0.21280878587392507,0.025842546956174238,0.23987981587555318,黑马,980
69f31db60000000022028cf5,650fc5e6796c030001e1f55c,翔说茶（单丛茶）的店,6513c83846e57c000153c9cc,goods_seller,502,32,6,1,201.5,401.39442231075697,6.37450199203187,0.706616,0.902066,39.183528900146484,中,B,0.050181,中,中,中,中,,,正常,4,33.0,43523,42,B5,稳定期,http://sns-img-qn.xhscdn.com/spectrum/1040g0k031vj3jc7m2s005oncfjqnjqei2roqsdg?imageView2/2/w/540/format/jpg/q/75,1,0.8095703125,0.6184302058819177,0.3390613205452689,0.2342036321655344,0.39723171953090697,黑马,981
6157c1d8000000000102e7db,616e7d5ccb9bda0001df0536,葛之味的店,61a8b0bb163edf00011245e3,goods_v2,1376,159,63,10,551.79,401.01017441860466,11.55523255813953,0.774426,0.90283,36.84762191772461,中,B,,中,中,中,中,,,正常,2,3489.0,5913,1716,B3,稳定期,http://sns-img-qn.xhscdn.com/527fd685-317e-3f83-be57-675f667576a4?imageView2/2/w/540/format/jpg/q/75,2,0.248808,0.6284282817518464,0.07755724286961799,0.2653227358169412,0.3237694201461352,黑马,982
69c676e3000000002301d757,649eb9a48a48cc00012d1880,圆喜她家食养（不圆不圆）的店,64cc5e18246ba6000169066f,goods_seller,948,72,30,6,379.95,400.7911392405063,7.59493670886076,0.740456,0.899065,18.462322235107422,中,B,0.046708,中,中,高,中,,,正常,2,121.0,22284,79,B4,稳定期,http://sns-img-qn.xhscdn.com/1040g00831u7g7teq2o005ou67lgpgqcsf0k4n38?imageView2/2/w/540/format/jpg/q/75,2,0.95068359375,0.5798587984547755,0.18338439678522267,0.49481964980832704,0.4193542816827751,黑马,983
69db0d050000000023012a10,673ec222ccacbd00154e25a7,迪克小馆的店,69dae93ccfc3750001a779cc,goods_seller,1633,143,115,2,654.4200000000001,400.7470912431109,8.75688916105328,0.622556,0.876749,69.74658203125,高,B,0.095497,中,中,中,中,,,正常,4,93.0,1350,63,B4,稳定期,http://sns-img-qn.xhscdn.com/1040g2sg31urjgpne34705oho0vo41auahosjurg?imageView2/2/w/540/format/jpg/q/75,2,0.9462890625,0.3417551026449388,0.8643562304811805,0.029979426609238784,0.4120302532451194,黑马,984
6a2aba8100000000080336c0,67b53bbe974cb0001555e83c,饭饭食补食疗的店,69e74c199dea2d0001203238,goods_seller,659,29,7,4,264.0,400.6069802731411,4.40060698027314,0.721065,0.871879,2.0789241790771484,中,B,0.046045,中,中,中,中,,,正常,2,93.0,21723,3,B3,稳定期,http://sns-img-qn.xhscdn.com/1040g2sg321ah5al97as04bq8s96r1saoapfasm8?imageView2/2/w/540/format/jpg/q/75,2,0.95947265625,0.3022512321832956,0.26669922886787145,0.7153989609697615,0.4281164740069762,黑马,985
68f0608f00000000050302ed,665ff76e72288900019bb298,王妈手撕烤兔东门店的店,6673a4502fbb5400018af79c,goods_seller,2645,22,45,9,1059.26,400.476370510397,0.83175803402647,0.675067,0.890298,41.77781295776367,中,B,0.039634,中,低,中,中,,,正常,2,137.0,7632,241,B4,稳定期,http://sns-img-qn.xhscdn.com/spectrum/1040g0k031nmdutikl0005o0g6ocg8rkm90lb76o?imageView2/2/w/540/format/jpg/q/75,1,0.1251220703125,0.4747272915649098,0.5264789899797226,0.20477184257655817,0.40199270804039683,黑马,986
69f9556c000000001f00127f,635b9f9ae0d2240001ffa35f,上英山旗舰店,6721c94a632c1500017a94da,goods_seller,2262,126,28,8,904.82,400.00884173297965,5.57029177718833,0.655405,0.870068,41.3848762512207,中,B,0.15797,中,低,中,中,,,正常,4,126.0,31035,40,B4,稳定期,http://sns-img-qn.xhscdn.com/1040g2sg31vpbbfpo2ge05nigmisg87iecjnugd8?imageView2/2/w/540/format/jpg/q/75,1,0.7509765625,0.2887971226854935,0.6642763050782233,0.20902713023400382,0.38736685266590687,黑马,987
6a02e6600000000008032afd,66fb892572275e001554d486,SOGOOD蛮好的店,67d522cfe15c91000124ad9e,goods_seller,1692,52,33,3,676.8,400.0,3.07328605200946,0.692396,0.791447,27.591140747070312,中,B,0.265057,中,中,高,中,,,正常,2,10.0,4438,33,B3,稳定期,http://sns-img-qn.xhscdn.com/notes_pre_post/1040g3k03202gcl5nig3g5oaet530j9cu71nr46g?imageView2/2/w/540/format/jpg/q/75,1,0.958984375,0.04397377262702959,0.4174252179447331,0.3708760712224146,0.2774250205980591,黑马,988
6a046ba60000000006037336,620e11934a9f4d000123b28f,HolidayWine假日酒馆的店,684e72823aea53000195e51a,goods_seller,545,28,8,1,218.0,400.0,5.13761467889908,0.677067,0.81974,18.6536922454834,中,B,0.078647,中,低,中,中,,,正常,4,8.0,20400,32,B6,稳定期,http://sns-img-qn.xhscdn.com/spectrum/1040g0k03203pqrdd1m1040l3lhehtd14pfppac8?imageView2/2/w/540/format/jpg/q/75,2,0.95703125,0.08429909861906665,0.5130766839838373,0.49135621568017995,0.3629106660943613,黑马,989
69dd00ce000000001a03520e,6321c9b80ae2230001cbcd22,如愿L老茶铺的店,69c7ea9bb2b4f20001891cfb,goods_seller,6090,442,278,11,2434.4,399.7372742200328,7.25779967159278,0.758553,0.894358,52.7763786315918,高,B,0.246145,中,低,中,中,,,正常,2,45.0,14227,61,B3,稳定期,http://sns-img-qn.xhscdn.com/spectrum/1040g0k031utgdc9ris005n7ekgf4lufkggqukpo?imageView2/2/w/540/format/jpg/q/75,1,0.9462890625,0.5222311028225508,0.12080576646981336,0.11131092461850421,0.2514492646369561,黑马,990
68e9f1e300000000030189b6,5fe1dd217a15a300018e9fe3,茶人老郑的店,68d78a4ec67e4700011d6dc0,goods_seller,770,56,20,4,307.55,399.4155844155844,7.27272727272727,0.76392,0.870706,8.931184768676758,中,B,0.058298,中,中,中,中,,,正常,2,52.0,28029,246,B4,稳定期,http://sns-img-qn.xhscdn.com/1040g2sg31ng8d97gmmk05n1depp1i8q71nedt2g?imageView2/2/w/540/format/jpg/q/75,2,0.958984375,0.29348163935882066,0.10487248938028211,0.6278436422302147,0.3420659236564392,黑马,991
692fadfc000000000d03b2cd,6825da050ea9880015bb2271,上海国际饭店蝴蝶酥专购店的店,68286b9647f0f100015a1def,goods_seller,4896,597,208,12,1953.6,399.01960784313724,12.19362745098039,0.692684,0.887565,39.57172775268555,中,B,0.215138,中,低,中,中,,,正常,4,1107.0,9714,193,B4,稳定期,http://sns-img-qn.xhscdn.com/notes_pre_post/1040g3k831pk86v0c4u005q15r7njjh5ae77plio?imageView2/2/w/540/format/jpg/q/75,1,0.275390625,0.4445480514482779,0.4159007148883265,0.2292156949809807,0.36322148710586166,黑马,992
6a1ff5900000000007027c94,67f72daec6eb9f0016803306,合于道漢方的店,6858cdd18b7d6f0001e03d49,goods_seller,772,47,9,2,307.75,398.639896373057,6.08808290155440,0.742363,0.874348,28.200408935546875,中,B,0.089649,中,低,高,中,,,正常,4,64.0,5281,11,B3,稳定期,http://sns-img-qn.xhscdn.com/notes_pre_post/1040g3k8320usuuvv7o705oum0eg9ic3goeg27lo?imageView2/2/w/540/format/jpg/q/75,1,0.7939453125,0.32184775690836703,0.17586548850702308,0.36408241197104924,0.28726521912881314,黑马,993
679cc1fc000000002902f618,65e57cddbf7fb600014b21bf,阿莹麦茶的店,672cc4b94a9865000160fbd3,goods_seller,848,120,25,2,338.0,398.58490566037733,14.15094339622642,0.768596,0.90165,46.373329162597656,中,B,0.044853,中,低,中,中,,,正常,2,3058.0,101410,499,B6,稳定期,http://sns-img-qn.xhscdn.com/1040g2sg31daotj0o0c705ova9gt9gui6p10pr00?imageView2/2/w/540/format/jpg/q/75,2,0.640625,0.6130574426831253,0.09204002190548081,0.15430783120938976,0.2864684319326653,黑马,994
6a03da200000000037037c11,64794b0b937a2b0001591324,禹鸿物予YHOWU的店,67f4e5f604afe30001db45c0,goods_seller,7243,420,119,5,2885.0,398.3156150766257,5.79870219522297,0.725035,0.874548,24.951244354248047,中,B,0.134142,中,中,中,中,,,正常,2,82.0,16047,31,B4,成长期,http://sns-img-qn.xhscdn.com/spectrum/1040g34o3203e6a9d54ag5ovj87v51tgf0goupl0?imageView2/2/w/540/format/jpg/q/75,2,0.96044921875,0.32353507097079764,0.2483163861877063,0.407885973091781,0.32657914341676164,黑马,995
69ff5487000000002301c878,66fb892572275e001554d486,SOGOOD蛮好的店,67fe0ca1ec13740001648d27,goods_seller,924,20,11,1,368.0,398.26839826839824,2.16450216450216,0.746612,0.885101,27.591140747070312,中,B,0.104813,低,低,中,中,,,正常,2,21.0,4438,36,B3,稳定期,http://sns-img-qn.xhscdn.com/notes_pre_post/1040g3k031vv126aoia805oaet530j9cutvubgr8?imageView2/2/w/540/format/jpg/q/75,2,0.9541015625,0.4191643355090804,0.16036884093364712,0.3708760712224146,0.31680308255504736,黑马,996
69dde866000000002200dd25,6411eb20d485a10001742eca,今天有鱼～的店,69cd65134ae1e70001f29a0e,goods_seller,2156,213,72,6,857.99,397.95454545454544,9.87940630797774,0.690747,0.911193,34.226898193359375,中,B,0.068326,中,低,高,中,,,正常,4,365.0,11539,61,B4,稳定期,http://sns-img-qn.xhscdn.com/note_pre_post_uhdr/1040g3r031uu9btat2s4g5o3c6850bhjt1iv6v08?imageView2/2/w/540/format/jpg/q/75,2,0.213134765625,0.7515134023059958,0.4269570622974113,0.2898923967260187,0.48945428710980865,黑马,997
69eb3928000000002003a2ba,65798517e8c3210001a4e77b,合为养旗舰店,68fcf2cec67e4700016f1740,goods_seller,5504,102,50,7,2190.21,397.9305959302326,1.85319767441860,0.748052,0.847616,-8.752756118774414,中,B,0.245685,中,中,中,中,,,正常,2,129.0,154383,49,B6,稳定期,http://sns-img-qn.xhscdn.com/spectrum/1040g0k031vbch1lphu005o8v0980amn5niqoeg8?imageView2/2/w/540/format/jpg/q/75,2,0.9580078125,0.1644391160842473,0.15509968473868835,0.8195165993221142,0.3796851333816833,黑马,998
69be5811000000001f0054b3,6321c9b80ae2230001cbcd22,如愿L老茶铺的店,65e9649b735ada000128f2b8,goods_seller,1711,55,30,2,680.6,397.7790765634132,3.21449444769141,0.733,0.889333,52.7763786315918,高,B,0.048498,中,中,高,中,,,正常,2,14.0,14227,85,B3,稳定期,http://sns-img-qn.xhscdn.com/spectrum/1040g34o31tvie7ri0s105n7ekgf4lufkf32u74o?imageView2/2/w/540/format/jpg/q/75,1,0.91357421875,0.46409277267143256,0.2131714103873422,0.11131092461850421,0.26285836922575967,黑马,999
68ef5e700000000003012a2d,64efffc800efc800012a9aa2,祖祖的巧克力宇宙的店,66c20f1481699f000111ffc8,goods_seller,699,5,63,5,277.15999999999997,396.5092989985693,0.71530758226037,0.676687,0.873639,86.23174285888672,高,B,0.0511,中,低,中,中,,,正常,2,863.0,31091,242,B3,稳定期,http://sns-img-qn.xhscdn.com/1040g00831nle8godl8004b8f1lss1qk36g0f4ag?imageView2/2/w/540/format/jpg/q/75,2,0.95947265625,0.31569054068055,0.5157112620813167,0.005609579207554431,0.27900379398980707,黑马,1000
69bfb8860000000023023f7c,65e57cddbf7fb600014b21bf,阿莹麦茶的店,696f6160eb2ffb000106a607,goods_seller,920,46,8,5,364.55,396.25,5.00000000000000,0.706959,0.915997,46.373329162597656,中,B,0.154885,低,低,中,中,,,正常,2,58.0,101410,84,B6,稳定期,http://sns-img-qn.xhscdn.com/notes_pre_post/1040g3k031tvm9i771a205ova9gt9gui62iei5k0?imageView2/2/w/540/format/jpg/q/75,0,0.75537109375,0.8278939656320767,0.33713719047407603,0.15430783120938976,0.4397796624385142,黑马,1001
6a23da570000000008027d1c,651543427fa15200013b1f22,零敏日记_无麸质无蛋奶烘焙的店,67871444658c1600017d424a,goods_seller,992,52,30,10,393.0,396.1693548387097,5.24193548387097,0.6957,0.915504,48.02596664428711,中,B,0.067366,中,低,中,中,,,正常,4,13.0,8084,8,B3,稳定期,http://sns-img-qn.xhscdn.com/1040g0083212mc0a3na205n3mjas4lokfe89g3ko?imageView2/2/w/540/format/jpg/q/75,1,0.71826171875,0.8199828308393647,0.39929399227387774,0.13955863416366945,0.4529451524256373,黑马,1002
69f5545d000000001f00278f,6503ca6100efc800012aed9e,茶理十八的店,6955f55a62c5c00015836e6c,goods_seller,500,33,19,3,198.0,396.0,6.60000000000000,0.765128,0.847569,37.594783782958984,中,B,0.454642,中,低,中,低,,,正常,4,6.0,38623,43,B4,稳定期,http://sns-img-qn.xhscdn.com/1040g00831vl8o8dg3q005oru2q67rkntrdl73lg?imageView2/2/w/540/format/jpg/q/75,2,0.9560546875,0.16425410357740183,0.10135725175021831,0.2563163269837041,0.17397589410377476,黑马,1003
6a221ad90000000022025414,63f8d665744926000154706c,茶农王大鹏的店,6a097d3ca0ff6f00015ef348,goods_seller,6808,665,731,20,2695.0,395.8578143360752,9.76792009400705,0.731743,0.911993,66.31233215332031,高,B,0.044802,中,低,中,中,,,正常,4,34.0,26473,9,B4,稳定期,http://sns-img-qn.xhscdn.com/spectrum/1040g34o3210vui6dmu105o577r6gbm38vr11as0?imageView2/2/w/540/format/jpg/q/75,1,0.94482421875,0.7639980462679277,0.2182925565768246,0.039304056954250106,0.34053155326633416,黑马,1004
677d4da4000000000b00d1df,65813f70c98601000168dc76,旬山缶XunShan的店,670529a875e23c000166ae8a,goods_seller,2990,334,126,12,1183.21,395.72240802675583,11.17056856187291,0.735603,0.887442,64.15646362304688,高,B,0.056968,中,中,高,中,,,正常,2,1087.0,23355,523,B4,稳定期,http://sns-img-qn.xhscdn.com/1040g2sg31cc1uv4g0m705pb0da9h764m7taukmo?imageView2/2/w/540/format/jpg/q/75,1,0.468505859375,0.44324556340008586,0.2020558589760668,0.047563015259831566,0.23095481254532804,黑马,1005
6a10261c000000003601967f,64d21070884d8e0001428e24,九窝颜食社旗舰店,67889f7daf83e10001aaa814,goods_seller,2692,175,34,4,1064.81,395.54606240713224,6.50074294205052,0.725286,0.885026,8.307894706726074,中,B,0.084471,中,低,低,低,,,正常,2,85.0,17348,23,B4,稳定期,http://sns-img-qn.xhscdn.com/spectrum/1040g34o320fesk2s5c104bj365t3inr6qiogfk8?imageView2/2/w/540/format/jpg/q/75,1,0.837890625,0.41837248197978183,0.24713970664416915,0.6346669034826754,0.43339303070220875,黑马,1006
697b1902000000000d00baba,685e4c9b5c02210015bef00b,酒梦富的店,686f40c00bb408000175fd3c,goods_seller,1305,61,36,3,516.06,395.4482758620689,4.67432950191571,0.716805,0.870545,49.686336517333984,高,B,0.353635,中,中,中,中,,,正常,4,52.0,2401,136,B4,稳定期,http://sns-img-qn.xhscdn.com/spectrum/1040g34o31rtuqogji8105pse12th5kj6n15ti18?imageView2/2/w/540/format/jpg/q/75,2,0.96044921875,0.29220135281145004,0.28767964714414695,0.1270665897014638,0.23564919655235358,黑马,1007
69e72ae80000000021010fca,61f3ab756ca09d0001cde0b1,老谷头旗舰店,67500a59dda0580001ee5273,goods_seller,850,44,26,2,336.0,395.29411764705884,5.17647058823529,0.726847,0.844979,18.380290985107422,中,B,0.10189,中,中,高,中,,,正常,2,24.0,149787,54,B4,稳定期,http://sns-img-qn.xhscdn.com/spectrum/1040g0k031v7e32qrjm005nj5stig9ccgd4uepv8?imageView2/2/w/540/format/jpg/q/75,2,0.403564453125,0.15430783120938976,0.2396504003670648,0.49602593135295947,0.29666138764313804,黑马,1008
6a073877000000003703422e,67f72daec6eb9f0016803306,合于道漢方的店,6858cdd18b7d6f0001e03d49,goods_seller,1103,64,16,2,436.0,395.2855847688123,5.80235720761559,0.740262,0.899652,11.743075370788574,中,B,0.157454,中,低,高,中,,,正常,2,59.0,8389,30,B3,稳定期,http://sns-img-qn.xhscdn.com/notes_pre_post/1040g3k03206ee0brlm5g5pkch7b0u60tanjp42g?imageView2/2/w/540/format/jpg/q/75,1,0.9541015625,0.5871556917247606,0.18414664831342598,0.5911445613723487,0.4541489671368451,黑马,1009
69ca7409000000002301518b,669618e5db6f410001b46000,JoshyWine的店,69c7d7f3c675dc0001c9b807,goods_seller,4553,273,159,2,1798.94,395.1109158796398,5.99604656270591,0.690663,0.855055,19.824716567993164,中,B,0.080445,中,中,中,中,,,正常,4,40.0,2081,76,B4,稳定期,http://sns-img-qn.xhscdn.com/1040g2sg31ubbfi5eiofg5pj7tvi1oikfohkn6bg?imageView2/2/w/540/format/jpg/q/75,0,0.9580078125,0.19688290928466765,0.4275565028195906,0.4756449535988633,0.36669478856770715,黑马,1010
694d0bfb000000002203b838,64f57c53ae36980001e11417,馋知养阿婵家的店,68664ea17aa7a1000192eefb,goods_seller,2491,191,187,32,983.65,394.8815736651947,7.66760337213970,0.699319,0.866462,21.006929397583008,中,B,0.066782,中,中,中,中,,,正常,4,370.0,34302,171,B4,稳定期,http://sns-img-qn.xhscdn.com/1040g2sg31qgthpra7ue05o87mue0alvf1emfk98?imageView2/2/w/540/format/jpg/q/75,1,0.958984375,0.26276956322247386,0.37900182052306736,0.45767653893403193,0.3664826408931911,黑马,1011
68a177b6000000001b031382,6613e159f0b53500018cd02b,札萨旗舰店,67f74726e8f2430001c71637,goods_seller,591,52,19,4,233.3,394.75465313028764,8.79864636209814,0.745393,0.876549,41.690799713134766,中,B,0.136819,中,中,中,中,,,正常,4,172.0,130099,301,B6,稳定期,http://sns-img-qn.xhscdn.com/1040g2sg31l9c1f9sl8005nlo8fp08algal4k42o?imageView2/2/w/540/format/jpg/q/75,2,0.787109375,0.34003078608113907,0.1644835190858902,0.20578571111407132,0.2367666720937002,黑马,1012
697826fc000000001a0345d2,635b9f9ae0d2240001ffa35f,上英山旗舰店,6958dfc4110a7f0001ee20ea,goods_seller,1428,73,65,5,563.3199999999999,394.48179271708676,5.11204481792717,0.741956,0.879301,41.3848762512207,中,B,0.05505,低,低,中,中,,,正常,2,293.0,31035,138,B4,稳定期,http://sns-img-qn.xhscdn.com/notes_pre_post/1040g3k831rr0vshg2a705nigmisg87iesk0aahg?imageView2/2/w/540/format/jpg/q/75,2,0.95947265625,0.3644672379852878,0.1774787975667155,0.20902713023400382,0.2503243885953357,黑马,1013
